Gateway_1;957kB (virtual 1.94GB)
Rpc;44.5kB (virtual 1.03GB)
Node_1;579kB (virtual 1.03GB)
Devnet_Goshimmer;31.8kB (virtual 520MB)
Nodes_Router_1;0B (virtual 715MB)
Gateways_Router_1;0B (virtual 715MB)
Gateway_1;960kB (virtual 1.94GB)
Rpc;44.5kB (virtual 1.03GB)
Node_1;579kB (virtual 1.03GB)
Devnet_Goshimmer;31.8kB (virtual 520MB)
Nodes_Router_1;0B (virtual 715MB)
Gateways_Router_1;0B (virtual 715MB)
Gateway_1;963kB (virtual 1.94GB)
Rpc;44.5kB (virtual 1.03GB)
Node_1;579kB (virtual 1.03GB)
Devnet_Goshimmer;31.8kB (virtual 520MB)
Nodes_Router_1;0B (virtual 715MB)
Gateways_Router_1;0B (virtual 715MB)
Gateway_1;967kB (virtual 1.94GB)
Rpc;44.5kB (virtual 1.03GB)
Node_1;581kB (virtual 1.03GB)
Devnet_Goshimmer;31.8kB (virtual 520MB)
Nodes_Router_1;0B (virtual 715MB)
Gateways_Router_1;0B (virtual 715MB)
Gateway_1;971kB (virtual 1.94GB)
Rpc;44.5kB (virtual 1.03GB)
Node_1;581kB (virtual 1.03GB)
Devnet_Goshimmer;31.8kB (virtual 520MB)
Nodes_Router_1;0B (virtual 715MB)
Gateways_Router_1;0B (virtual 715MB)
Gateway_1;974kB (virtual 1.94GB)
Rpc;44.5kB (virtual 1.03GB)
Node_1;581kB (virtual 1.03GB)
Devnet_Goshimmer;31.8kB (virtual 520MB)
Nodes_Router_1;0B (virtual 715MB)
Gateways_Router_1;0B (virtual 715MB)
Gateway_1;2MB (virtual 1.94GB)
Rpc;44.5kB (virtual 1.03GB)
Node_1;688kB (virtual 1.03GB)
Devnet_Goshimmer;31.8kB (virtual 520MB)
Nodes_Router_1;0B (virtual 715MB)
Gateways_Router_1;0B (virtual 715MB)
Gateway_1;2MB (virtual 1.94GB)
Rpc;44.5kB (virtual 1.03GB)
Node_1;688kB (virtual 1.03GB)
Devnet_Goshimmer;31.8kB (virtual 520MB)
Nodes_Router_1;0B (virtual 715MB)
Gateways_Router_1;0B (virtual 715MB)
Gateway_1;2MB (virtual 1.94GB)
Rpc;44.5kB (virtual 1.03GB)
Node_1;688kB (virtual 1.03GB)
Devnet_Goshimmer;31.8kB (virtual 520MB)
Nodes_Router_1;0B (virtual 715MB)
Gateways_Router_1;0B (virtual 715MB)
Gateway_1;2.01MB (virtual 1.94GB)
Rpc;44.5kB (virtual 1.03GB)
Node_1;689kB (virtual 1.03GB)
Devnet_Goshimmer;31.8kB (virtual 520MB)
Nodes_Router_1;0B (virtual 715MB)
Gateways_Router_1;0B (virtual 715MB)
Gateway_1;2.01MB (virtual 1.94GB)
Rpc;44.5kB (virtual 1.03GB)
Node_1;689kB (virtual 1.03GB)
Devnet_Goshimmer;31.8kB (virtual 520MB)
Nodes_Router_1;0B (virtual 715MB)
Gateways_Router_1;0B (virtual 715MB)
Gateway_1;2.01MB (virtual 1.94GB)
Rpc;44.5kB (virtual 1.03GB)
Node_1;689kB (virtual 1.03GB)
Devnet_Goshimmer;31.8kB (virtual 520MB)
Nodes_Router_1;0B (virtual 715MB)
Gateways_Router_1;0B (virtual 715MB)
Gateway_1;3.03MB (virtual 1.94GB)
Rpc;44.5kB (virtual 1.03GB)
Node_1;795kB (virtual 1.03GB)
Devnet_Goshimmer;31.8kB (virtual 520MB)
Nodes_Router_1;0B (virtual 715MB)
Gateways_Router_1;0B (virtual 715MB)
Gateway_1;3.04MB (virtual 1.94GB)
Rpc;44.5kB (virtual 1.03GB)
Node_1;795kB (virtual 1.03GB)
Devnet_Goshimmer;31.8kB (virtual 520MB)
Nodes_Router_1;0B (virtual 715MB)
Gateways_Router_1;0B (virtual 715MB)
Gateway_1;3.04MB (virtual 1.94GB)
Rpc;44.5kB (virtual 1.03GB)
Node_1;795kB (virtual 1.03GB)
Devnet_Goshimmer;31.8kB (virtual 520MB)
Nodes_Router_1;0B (virtual 715MB)
Gateways_Router_1;0B (virtual 715MB)
Gateway_1;3.04MB (virtual 1.94GB)
Rpc;44.5kB (virtual 1.03GB)
Node_1;797kB (virtual 1.03GB)
Devnet_Goshimmer;31.8kB (virtual 520MB)
Nodes_Router_1;0B (virtual 715MB)
Gateways_Router_1;0B (virtual 715MB)
Gateway_1;3.05MB (virtual 1.94GB)
Rpc;44.5kB (virtual 1.03GB)
Node_1;797kB (virtual 1.03GB)
Devnet_Goshimmer;31.8kB (virtual 520MB)
Nodes_Router_1;0B (virtual 715MB)
Gateways_Router_1;0B (virtual 715MB)
Gateway_1;3.05MB (virtual 1.94GB)
Rpc;44.5kB (virtual 1.03GB)
Node_1;797kB (virtual 1.03GB)
Devnet_Goshimmer;31.8kB (virtual 520MB)
Nodes_Router_1;0B (virtual 715MB)
Gateways_Router_1;0B (virtual 715MB)
Gateway_1;4.07MB (virtual 1.94GB)
Rpc;44.5kB (virtual 1.03GB)
Node_1;904kB (virtual 1.03GB)
Devnet_Goshimmer;31.8kB (virtual 520MB)
Nodes_Router_1;0B (virtual 715MB)
Gateways_Router_1;0B (virtual 715MB)
Gateway_1;4.07MB (virtual 1.94GB)
Rpc;44.5kB (virtual 1.03GB)
Node_1;904kB (virtual 1.03GB)
Devnet_Goshimmer;31.8kB (virtual 520MB)
Nodes_Router_1;0B (virtual 715MB)
Gateways_Router_1;0B (virtual 715MB)
Gateway_1;4.08MB (virtual 1.94GB)
Rpc;44.5kB (virtual 1.03GB)
Node_1;904kB (virtual 1.03GB)
Devnet_Goshimmer;31.8kB (virtual 520MB)
Nodes_Router_1;0B (virtual 715MB)
Gateways_Router_1;0B (virtual 715MB)
Gateway_1;4.08MB (virtual 1.94GB)
Rpc;44.5kB (virtual 1.03GB)
Node_1;904kB (virtual 1.03GB)
Devnet_Goshimmer;31.8kB (virtual 520MB)
Nodes_Router_1;0B (virtual 715MB)
Gateways_Router_1;0B (virtual 715MB)
Gateway_1;4.08MB (virtual 1.94GB)
Rpc;44.5kB (virtual 1.03GB)
Node_1;904kB (virtual 1.03GB)
Devnet_Goshimmer;31.8kB (virtual 520MB)
Nodes_Router_1;0B (virtual 715MB)
Gateways_Router_1;0B (virtual 715MB)
Gateway_1;4.09MB (virtual 1.94GB)
Rpc;44.5kB (virtual 1.03GB)
Node_1;904kB (virtual 1.03GB)
Devnet_Goshimmer;31.8kB (virtual 520MB)
Nodes_Router_1;0B (virtual 715MB)
Gateways_Router_1;0B (virtual 715MB)
Gateway_1;5.16MB (virtual 1.94GB)
Rpc;44.5kB (virtual 1.03GB)
Node_1;1.01MB (virtual 1.03GB)
Devnet_Goshimmer;31.8kB (virtual 520MB)
Nodes_Router_1;0B (virtual 715MB)
Gateways_Router_1;0B (virtual 715MB)
Gateway_1;5.16MB (virtual 1.94GB)
Rpc;44.5kB (virtual 1.03GB)
Node_1;1.01MB (virtual 1.03GB)
Devnet_Goshimmer;31.8kB (virtual 520MB)
Nodes_Router_1;0B (virtual 715MB)
Gateways_Router_1;0B (virtual 715MB)
Gateway_1;5.16MB (virtual 1.94GB)
Rpc;44.5kB (virtual 1.03GB)
Node_1;1.01MB (virtual 1.03GB)
Devnet_Goshimmer;31.8kB (virtual 520MB)
Nodes_Router_1;0B (virtual 715MB)
Gateways_Router_1;0B (virtual 715MB)
Gateway_1;5.17MB (virtual 1.94GB)
Rpc;44.5kB (virtual 1.03GB)
Node_1;1.01MB (virtual 1.03GB)
Devnet_Goshimmer;31.8kB (virtual 520MB)
Nodes_Router_1;0B (virtual 715MB)
Gateways_Router_1;0B (virtual 715MB)
Gateway_1;5.17MB (virtual 1.94GB)
Rpc;44.5kB (virtual 1.03GB)
Node_1;1.01MB (virtual 1.03GB)
Devnet_Goshimmer;31.8kB (virtual 520MB)
Nodes_Router_1;0B (virtual 715MB)
Gateways_Router_1;0B (virtual 715MB)
Gateway_1;5.18MB (virtual 1.94GB)
Rpc;44.5kB (virtual 1.03GB)
Node_1;1.01MB (virtual 1.03GB)
Devnet_Goshimmer;31.8kB (virtual 520MB)
Nodes_Router_1;0B (virtual 715MB)
Gateways_Router_1;0B (virtual 715MB)
Gateway_1;6.26MB (virtual 1.94GB)
Rpc;44.5kB (virtual 1.03GB)
Node_1;1.12MB (virtual 1.03GB)
Devnet_Goshimmer;31.8kB (virtual 520MB)
Nodes_Router_1;0B (virtual 715MB)
Gateways_Router_1;0B (virtual 715MB)
Gateway_1;6.27MB (virtual 1.94GB)
Rpc;44.5kB (virtual 1.03GB)
Node_1;1.12MB (virtual 1.03GB)
Devnet_Goshimmer;31.8kB (virtual 520MB)
Nodes_Router_1;0B (virtual 715MB)
Gateways_Router_1;0B (virtual 715MB)
Gateway_1;6.27MB (virtual 1.94GB)
Rpc;44.5kB (virtual 1.03GB)
Node_1;1.12MB (virtual 1.03GB)
Devnet_Goshimmer;31.8kB (virtual 520MB)
Nodes_Router_1;0B (virtual 715MB)
Gateways_Router_1;0B (virtual 715MB)
Gateway_1;6.27MB (virtual 1.94GB)
Rpc;44.5kB (virtual 1.03GB)
Node_1;1.12MB (virtual 1.03GB)
Devnet_Goshimmer;31.8kB (virtual 520MB)
Nodes_Router_1;0B (virtual 715MB)
Gateways_Router_1;0B (virtual 715MB)
Gateway_1;6.28MB (virtual 1.94GB)
Rpc;44.5kB (virtual 1.03GB)
Node_1;1.12MB (virtual 1.03GB)
Devnet_Goshimmer;31.8kB (virtual 520MB)
Nodes_Router_1;0B (virtual 715MB)
Gateways_Router_1;0B (virtual 715MB)
Gateway_1;6.28MB (virtual 1.94GB)
Rpc;44.5kB (virtual 1.03GB)
Node_1;1.12MB (virtual 1.03GB)
Devnet_Goshimmer;31.8kB (virtual 520MB)
Nodes_Router_1;0B (virtual 715MB)
Gateways_Router_1;0B (virtual 715MB)
Gateway_1;7.3MB (virtual 1.94GB)
Rpc;44.5kB (virtual 1.03GB)
Node_1;1.23MB (virtual 1.03GB)
Devnet_Goshimmer;31.8kB (virtual 520MB)
Nodes_Router_1;0B (virtual 715MB)
Gateways_Router_1;0B (virtual 715MB)
Gateway_1;7.31MB (virtual 1.94GB)
Rpc;44.5kB (virtual 1.03GB)
Node_1;1.23MB (virtual 1.03GB)
Devnet_Goshimmer;31.8kB (virtual 520MB)
Nodes_Router_1;0B (virtual 715MB)
Gateways_Router_1;0B (virtual 715MB)
Gateway_1;7.31MB (virtual 1.94GB)
Rpc;44.5kB (virtual 1.03GB)
Node_1;1.23MB (virtual 1.03GB)
Devnet_Goshimmer;31.8kB (virtual 520MB)
Nodes_Router_1;0B (virtual 715MB)
Gateways_Router_1;0B (virtual 715MB)
Gateway_1;7.31MB (virtual 1.94GB)
Rpc;44.5kB (virtual 1.03GB)
Node_1;1.23MB (virtual 1.03GB)
Devnet_Goshimmer;31.8kB (virtual 520MB)
Nodes_Router_1;0B (virtual 715MB)
Gateways_Router_1;0B (virtual 715MB)
Gateway_1;7.32MB (virtual 1.94GB)
Rpc;44.5kB (virtual 1.03GB)
Node_1;1.23MB (virtual 1.03GB)
Devnet_Goshimmer;31.8kB (virtual 520MB)
Nodes_Router_1;0B (virtual 715MB)
Gateways_Router_1;0B (virtual 715MB)
Gateway_1;7.32MB (virtual 1.94GB)
Rpc;44.5kB (virtual 1.03GB)
Node_1;1.23MB (virtual 1.03GB)
Devnet_Goshimmer;31.8kB (virtual 520MB)
Nodes_Router_1;0B (virtual 715MB)
Gateways_Router_1;0B (virtual 715MB)
Gateway_1;8.39MB (virtual 1.94GB)
Rpc;44.5kB (virtual 1.03GB)
Node_1;1.33MB (virtual 1.03GB)
Devnet_Goshimmer;31.8kB (virtual 520MB)
Nodes_Router_1;0B (virtual 715MB)
Gateways_Router_1;0B (virtual 715MB)
Gateway_1;8.39MB (virtual 1.94GB)
Rpc;44.5kB (virtual 1.03GB)
Node_1;1.33MB (virtual 1.03GB)
Devnet_Goshimmer;31.8kB (virtual 520MB)
Nodes_Router_1;0B (virtual 715MB)
Gateways_Router_1;0B (virtual 715MB)
Gateway_1;8.39MB (virtual 1.94GB)
Rpc;44.5kB (virtual 1.03GB)
Node_1;1.33MB (virtual 1.03GB)
Devnet_Goshimmer;31.8kB (virtual 520MB)
Nodes_Router_1;0B (virtual 715MB)
Gateways_Router_1;0B (virtual 715MB)
Gateway_1;8.4MB (virtual 1.94GB)
Rpc;44.5kB (virtual 1.03GB)
Node_1;1.33MB (virtual 1.03GB)
Devnet_Goshimmer;31.8kB (virtual 520MB)
Nodes_Router_1;0B (virtual 715MB)
Gateways_Router_1;0B (virtual 715MB)
Gateway_1;8.4MB (virtual 1.94GB)
Rpc;44.5kB (virtual 1.03GB)
Node_1;1.33MB (virtual 1.03GB)
Devnet_Goshimmer;31.8kB (virtual 520MB)
Nodes_Router_1;0B (virtual 715MB)
Gateways_Router_1;0B (virtual 715MB)
Gateway_1;8.4MB (virtual 1.94GB)
Rpc;44.5kB (virtual 1.03GB)
Node_1;1.33MB (virtual 1.03GB)
Devnet_Goshimmer;31.8kB (virtual 520MB)
Nodes_Router_1;0B (virtual 715MB)
Gateways_Router_1;0B (virtual 715MB)
Gateway_1;9.43MB (virtual 1.94GB)
Rpc;44.5kB (virtual 1.03GB)
Node_1;1.44MB (virtual 1.03GB)
Devnet_Goshimmer;31.8kB (virtual 520MB)
Nodes_Router_1;0B (virtual 715MB)
Gateways_Router_1;0B (virtual 715MB)
Gateway_1;9.43MB (virtual 1.94GB)
Rpc;44.5kB (virtual 1.03GB)
Node_1;1.44MB (virtual 1.03GB)
Devnet_Goshimmer;31.8kB (virtual 520MB)
Nodes_Router_1;0B (virtual 715MB)
Gateways_Router_1;0B (virtual 715MB)
Gateway_1;9.43MB (virtual 1.94GB)
Rpc;44.5kB (virtual 1.03GB)
Node_1;1.44MB (virtual 1.03GB)
Devnet_Goshimmer;31.8kB (virtual 520MB)
Nodes_Router_1;0B (virtual 715MB)
Gateways_Router_1;0B (virtual 715MB)
Gateway_1;9.44MB (virtual 1.94GB)
Rpc;44.5kB (virtual 1.03GB)
Node_1;1.44MB (virtual 1.03GB)
Devnet_Goshimmer;31.8kB (virtual 520MB)
Nodes_Router_1;0B (virtual 715MB)
Gateways_Router_1;0B (virtual 715MB)
Gateway_1;9.44MB (virtual 1.94GB)
Rpc;44.5kB (virtual 1.03GB)
Node_1;1.44MB (virtual 1.03GB)
Devnet_Goshimmer;31.8kB (virtual 520MB)
Nodes_Router_1;0B (virtual 715MB)
Gateways_Router_1;0B (virtual 715MB)
Gateway_1;9.44MB (virtual 1.94GB)
Rpc;44.5kB (virtual 1.03GB)
Node_1;1.44MB (virtual 1.03GB)
Devnet_Goshimmer;31.8kB (virtual 520MB)
Nodes_Router_1;0B (virtual 715MB)
Gateways_Router_1;0B (virtual 715MB)
Gateway_1;10.5MB (virtual 1.94GB)
Rpc;44.5kB (virtual 1.03GB)
Node_1;1.55MB (virtual 1.03GB)
Devnet_Goshimmer;31.8kB (virtual 520MB)
Nodes_Router_1;0B (virtual 715MB)
Gateways_Router_1;0B (virtual 715MB)
Gateway_1;10.5MB (virtual 1.94GB)
Rpc;44.5kB (virtual 1.03GB)
Node_1;1.55MB (virtual 1.03GB)
Devnet_Goshimmer;31.8kB (virtual 520MB)
Nodes_Router_1;0B (virtual 715MB)
Gateways_Router_1;0B (virtual 715MB)
Gateway_1;10.5MB (virtual 1.94GB)
Rpc;44.5kB (virtual 1.03GB)
Node_1;1.55MB (virtual 1.03GB)
Devnet_Goshimmer;31.8kB (virtual 520MB)
Nodes_Router_1;0B (virtual 715MB)
Gateways_Router_1;0B (virtual 715MB)
Gateway_1;10.5MB (virtual 1.94GB)
Rpc;44.5kB (virtual 1.03GB)
Node_1;1.55MB (virtual 1.03GB)
Devnet_Goshimmer;31.8kB (virtual 520MB)
Nodes_Router_1;0B (virtual 715MB)
Gateways_Router_1;0B (virtual 715MB)
Gateway_1;10.5MB (virtual 1.94GB)
Rpc;44.5kB (virtual 1.03GB)
Node_1;1.55MB (virtual 1.03GB)
Devnet_Goshimmer;31.8kB (virtual 520MB)
Nodes_Router_1;0B (virtual 715MB)
Gateways_Router_1;0B (virtual 715MB)
Gateway_1;10.5MB (virtual 1.94GB)
Rpc;44.5kB (virtual 1.03GB)
Node_1;1.55MB (virtual 1.03GB)
Devnet_Goshimmer;31.8kB (virtual 520MB)
Nodes_Router_1;0B (virtual 715MB)
Gateways_Router_1;0B (virtual 715MB)
Gateway_1;11.5MB (virtual 1.95GB)
Rpc;44.5kB (virtual 1.03GB)
Node_1;1.66MB (virtual 1.03GB)
Devnet_Goshimmer;31.8kB (virtual 520MB)
Nodes_Router_1;0B (virtual 715MB)
Gateways_Router_1;0B (virtual 715MB)
Gateway_1;11.5MB (virtual 1.95GB)
Rpc;44.5kB (virtual 1.03GB)
Node_1;1.66MB (virtual 1.03GB)
Devnet_Goshimmer;31.8kB (virtual 520MB)
Nodes_Router_1;0B (virtual 715MB)
Gateways_Router_1;0B (virtual 715MB)
Gateway_1;11.5MB (virtual 1.95GB)
Rpc;44.5kB (virtual 1.03GB)
Node_1;1.66MB (virtual 1.03GB)
Devnet_Goshimmer;31.8kB (virtual 520MB)
Nodes_Router_1;0B (virtual 715MB)
Gateways_Router_1;0B (virtual 715MB)
Gateway_1;11.5MB (virtual 1.95GB)
Rpc;44.5kB (virtual 1.03GB)
Node_1;1.66MB (virtual 1.03GB)
Devnet_Goshimmer;31.8kB (virtual 520MB)
Nodes_Router_1;0B (virtual 715MB)
Gateways_Router_1;0B (virtual 715MB)
Gateway_1;11.5MB (virtual 1.95GB)
Rpc;44.5kB (virtual 1.03GB)
Node_1;1.66MB (virtual 1.03GB)
Devnet_Goshimmer;31.8kB (virtual 520MB)
Nodes_Router_1;0B (virtual 715MB)
Gateways_Router_1;0B (virtual 715MB)
Gateway_1;11.5MB (virtual 1.95GB)
Rpc;44.5kB (virtual 1.03GB)
Node_1;1.66MB (virtual 1.03GB)
Devnet_Goshimmer;31.8kB (virtual 520MB)
Nodes_Router_1;0B (virtual 715MB)
Gateways_Router_1;0B (virtual 715MB)
Gateway_1;12.6MB (virtual 1.95GB)
Rpc;44.5kB (virtual 1.03GB)
Node_1;1.76MB (virtual 1.03GB)
Devnet_Goshimmer;31.8kB (virtual 520MB)
Nodes_Router_1;0B (virtual 715MB)
Gateways_Router_1;0B (virtual 715MB)
Gateway_1;12.6MB (virtual 1.95GB)
Rpc;44.5kB (virtual 1.03GB)
Node_1;1.76MB (virtual 1.03GB)
Devnet_Goshimmer;31.8kB (virtual 520MB)
Nodes_Router_1;0B (virtual 715MB)
Gateways_Router_1;0B (virtual 715MB)
Gateway_1;12.6MB (virtual 1.95GB)
Rpc;44.5kB (virtual 1.03GB)
Node_1;1.76MB (virtual 1.03GB)
Devnet_Goshimmer;31.8kB (virtual 520MB)
Nodes_Router_1;0B (virtual 715MB)
Gateways_Router_1;0B (virtual 715MB)
Gateway_1;12.6MB (virtual 1.95GB)
Rpc;44.5kB (virtual 1.03GB)
Node_1;1.76MB (virtual 1.03GB)
Devnet_Goshimmer;31.8kB (virtual 520MB)
Nodes_Router_1;0B (virtual 715MB)
Gateways_Router_1;0B (virtual 715MB)
Gateway_1;12.6MB (virtual 1.95GB)
Rpc;44.5kB (virtual 1.03GB)
Node_1;1.76MB (virtual 1.03GB)
Devnet_Goshimmer;31.8kB (virtual 520MB)
Nodes_Router_1;0B (virtual 715MB)
Gateways_Router_1;0B (virtual 715MB)
Gateway_1;12.6MB (virtual 1.95GB)
Rpc;44.5kB (virtual 1.03GB)
Node_1;1.76MB (virtual 1.03GB)
Devnet_Goshimmer;31.8kB (virtual 520MB)
Nodes_Router_1;0B (virtual 715MB)
Gateways_Router_1;0B (virtual 715MB)
Gateway_1;13.6MB (virtual 1.95GB)
Rpc;44.5kB (virtual 1.03GB)
Node_1;1.9MB (virtual 1.03GB)
Devnet_Goshimmer;31.8kB (virtual 520MB)
Nodes_Router_1;0B (virtual 715MB)
Gateways_Router_1;0B (virtual 715MB)
Gateway_1;13.6MB (virtual 1.95GB)
Rpc;44.5kB (virtual 1.03GB)
Node_1;1.9MB (virtual 1.03GB)
Devnet_Goshimmer;31.8kB (virtual 520MB)
Nodes_Router_1;0B (virtual 715MB)
Gateways_Router_1;0B (virtual 715MB)
Gateway_1;13.6MB (virtual 1.95GB)
Rpc;44.5kB (virtual 1.03GB)
Node_1;1.9MB (virtual 1.03GB)
Devnet_Goshimmer;31.8kB (virtual 520MB)
Nodes_Router_1;0B (virtual 715MB)
Gateways_Router_1;0B (virtual 715MB)
Gateway_1;13.6MB (virtual 1.95GB)
Rpc;44.5kB (virtual 1.03GB)
Node_1;2.02MB (virtual 1.03GB)
Devnet_Goshimmer;31.8kB (virtual 520MB)
Nodes_Router_1;0B (virtual 715MB)
Gateways_Router_1;0B (virtual 715MB)
Gateway_1;13.6MB (virtual 1.95GB)
Rpc;44.5kB (virtual 1.03GB)
Node_1;2.02MB (virtual 1.03GB)
Devnet_Goshimmer;31.8kB (virtual 520MB)
Nodes_Router_1;0B (virtual 715MB)
Gateways_Router_1;0B (virtual 715MB)
Gateway_1;13.6MB (virtual 1.95GB)
Rpc;44.5kB (virtual 1.03GB)
Node_1;2.02MB (virtual 1.03GB)
Devnet_Goshimmer;31.8kB (virtual 520MB)
Nodes_Router_1;0B (virtual 715MB)
Gateways_Router_1;0B (virtual 715MB)
Gateway_1;14.7MB (virtual 1.95GB)
Rpc;44.5kB (virtual 1.03GB)
Node_1;2.16MB (virtual 1.03GB)
Devnet_Goshimmer;31.8kB (virtual 520MB)
Nodes_Router_1;0B (virtual 715MB)
Gateways_Router_1;0B (virtual 715MB)
Gateway_1;14.7MB (virtual 1.95GB)
Rpc;44.5kB (virtual 1.03GB)
Node_1;2.16MB (virtual 1.03GB)
Devnet_Goshimmer;31.8kB (virtual 520MB)
Nodes_Router_1;0B (virtual 715MB)
Gateways_Router_1;0B (virtual 715MB)
Gateway_1;14.7MB (virtual 1.95GB)
Rpc;44.5kB (virtual 1.03GB)
Node_1;2.16MB (virtual 1.03GB)
Devnet_Goshimmer;31.8kB (virtual 520MB)
Nodes_Router_1;0B (virtual 715MB)
Gateways_Router_1;0B (virtual 715MB)
Gateway_1;14.7MB (virtual 1.95GB)
Rpc;44.5kB (virtual 1.03GB)
Node_1;2.17MB (virtual 1.03GB)
Devnet_Goshimmer;31.8kB (virtual 520MB)
Nodes_Router_1;0B (virtual 715MB)
Gateways_Router_1;0B (virtual 715MB)
Gateway_1;14.7MB (virtual 1.95GB)
Rpc;44.5kB (virtual 1.03GB)
Node_1;2.17MB (virtual 1.03GB)
Devnet_Goshimmer;31.8kB (virtual 520MB)
Nodes_Router_1;0B (virtual 715MB)
Gateways_Router_1;0B (virtual 715MB)
Gateway_1;14.7MB (virtual 1.95GB)
Rpc;44.5kB (virtual 1.03GB)
Node_1;2.17MB (virtual 1.03GB)
Devnet_Goshimmer;31.8kB (virtual 520MB)
Nodes_Router_1;0B (virtual 715MB)
Gateways_Router_1;0B (virtual 715MB)
Gateway_1;15.7MB (virtual 1.95GB)
Rpc;44.5kB (virtual 1.03GB)
Node_1;2.27MB (virtual 1.03GB)
Devnet_Goshimmer;31.8kB (virtual 520MB)
Nodes_Router_1;0B (virtual 715MB)
Gateways_Router_1;0B (virtual 715MB)
Gateway_1;15.7MB (virtual 1.95GB)
Rpc;44.5kB (virtual 1.03GB)
Node_1;2.27MB (virtual 1.03GB)
Devnet_Goshimmer;31.8kB (virtual 520MB)
Nodes_Router_1;0B (virtual 715MB)
Gateways_Router_1;0B (virtual 715MB)
Gateway_1;15.7MB (virtual 1.95GB)
Rpc;44.5kB (virtual 1.03GB)
Node_1;2.27MB (virtual 1.03GB)
Devnet_Goshimmer;31.8kB (virtual 520MB)
Nodes_Router_1;0B (virtual 715MB)
Gateways_Router_1;0B (virtual 715MB)
Gateway_1;15.7MB (virtual 1.95GB)
Rpc;44.5kB (virtual 1.03GB)
Node_1;2.27MB (virtual 1.03GB)
Devnet_Goshimmer;31.8kB (virtual 520MB)
Nodes_Router_1;0B (virtual 715MB)
Gateways_Router_1;0B (virtual 715MB)
Gateway_1;15.7MB (virtual 1.95GB)
Rpc;44.5kB (virtual 1.03GB)
Node_1;2.27MB (virtual 1.03GB)
Devnet_Goshimmer;31.8kB (virtual 520MB)
Nodes_Router_1;0B (virtual 715MB)
Gateways_Router_1;0B (virtual 715MB)
Gateway_1;15.7MB (virtual 1.95GB)
Rpc;44.5kB (virtual 1.03GB)
Node_1;2.27MB (virtual 1.03GB)
Devnet_Goshimmer;31.8kB (virtual 520MB)
Nodes_Router_1;0B (virtual 715MB)
Gateways_Router_1;0B (virtual 715MB)
Gateway_1;16.8MB (virtual 1.95GB)
Rpc;44.5kB (virtual 1.03GB)
Node_1;2.38MB (virtual 1.03GB)
Devnet_Goshimmer;31.8kB (virtual 520MB)
Nodes_Router_1;0B (virtual 715MB)
Gateways_Router_1;0B (virtual 715MB)
Gateway_1;16.8MB (virtual 1.95GB)
Rpc;44.5kB (virtual 1.03GB)
Node_1;2.38MB (virtual 1.03GB)
Devnet_Goshimmer;31.8kB (virtual 520MB)
Nodes_Router_1;0B (virtual 715MB)
Gateways_Router_1;0B (virtual 715MB)
Gateway_1;16.8MB (virtual 1.95GB)
Rpc;44.5kB (virtual 1.03GB)
Node_1;2.38MB (virtual 1.03GB)
Devnet_Goshimmer;31.8kB (virtual 520MB)
Nodes_Router_1;0B (virtual 715MB)
Gateways_Router_1;0B (virtual 715MB)
Gateway_1;16.8MB (virtual 1.95GB)
Rpc;44.5kB (virtual 1.03GB)
Node_1;2.38MB (virtual 1.03GB)
Devnet_Goshimmer;31.8kB (virtual 520MB)
Nodes_Router_1;0B (virtual 715MB)
Gateways_Router_1;0B (virtual 715MB)
Gateway_1;16.8MB (virtual 1.95GB)
Rpc;44.5kB (virtual 1.03GB)
Node_1;2.38MB (virtual 1.03GB)
Devnet_Goshimmer;31.8kB (virtual 520MB)
Nodes_Router_1;0B (virtual 715MB)
Gateways_Router_1;0B (virtual 715MB)
Gateway_1;16.8MB (virtual 1.95GB)
Rpc;44.5kB (virtual 1.03GB)
Node_1;2.38MB (virtual 1.03GB)
Devnet_Goshimmer;31.8kB (virtual 520MB)
Nodes_Router_1;0B (virtual 715MB)
Gateways_Router_1;0B (virtual 715MB)
Gateway_1;17.8MB (virtual 1.95GB)
Rpc;44.5kB (virtual 1.03GB)
Node_1;2.49MB (virtual 1.03GB)
Devnet_Goshimmer;31.8kB (virtual 520MB)
Nodes_Router_1;0B (virtual 715MB)
Gateways_Router_1;0B (virtual 715MB)
Gateway_1;17.8MB (virtual 1.95GB)
Rpc;44.5kB (virtual 1.03GB)
Node_1;2.49MB (virtual 1.03GB)
Devnet_Goshimmer;31.8kB (virtual 520MB)
Nodes_Router_1;0B (virtual 715MB)
Gateways_Router_1;0B (virtual 715MB)
Gateway_1;17.8MB (virtual 1.95GB)
Rpc;44.5kB (virtual 1.03GB)
Node_1;2.49MB (virtual 1.03GB)
Devnet_Goshimmer;31.8kB (virtual 520MB)
Nodes_Router_1;0B (virtual 715MB)
Gateways_Router_1;0B (virtual 715MB)
Gateway_1;17.8MB (virtual 1.95GB)
Rpc;44.5kB (virtual 1.03GB)
Node_1;2.49MB (virtual 1.03GB)
Devnet_Goshimmer;31.8kB (virtual 520MB)
Nodes_Router_1;0B (virtual 715MB)
Gateways_Router_1;0B (virtual 715MB)
Gateway_1;17.8MB (virtual 1.95GB)
Rpc;44.5kB (virtual 1.03GB)
Node_1;2.49MB (virtual 1.03GB)
Devnet_Goshimmer;31.8kB (virtual 520MB)
Nodes_Router_1;0B (virtual 715MB)
Gateways_Router_1;0B (virtual 715MB)
Gateway_1;17.8MB (virtual 1.95GB)
Rpc;44.5kB (virtual 1.03GB)
Node_1;2.49MB (virtual 1.03GB)
Devnet_Goshimmer;31.8kB (virtual 520MB)
Nodes_Router_1;0B (virtual 715MB)
Gateways_Router_1;0B (virtual 715MB)
Gateway_1;18.9MB (virtual 1.95GB)
Rpc;44.5kB (virtual 1.03GB)
Node_1;2.59MB (virtual 1.03GB)
Devnet_Goshimmer;31.8kB (virtual 520MB)
Nodes_Router_1;0B (virtual 715MB)
Gateways_Router_1;0B (virtual 715MB)
Gateway_1;18.9MB (virtual 1.95GB)
Rpc;44.5kB (virtual 1.03GB)
Node_1;2.59MB (virtual 1.03GB)
Devnet_Goshimmer;31.8kB (virtual 520MB)
Nodes_Router_1;0B (virtual 715MB)
Gateways_Router_1;0B (virtual 715MB)
Gateway_1;18.9MB (virtual 1.95GB)
Rpc;44.5kB (virtual 1.03GB)
Node_1;2.6MB (virtual 1.03GB)
Devnet_Goshimmer;31.8kB (virtual 520MB)
Nodes_Router_1;0B (virtual 715MB)
Gateways_Router_1;0B (virtual 715MB)
Gateway_1;18.9MB (virtual 1.95GB)
Rpc;44.5kB (virtual 1.03GB)
Node_1;2.6MB (virtual 1.03GB)
Devnet_Goshimmer;31.8kB (virtual 520MB)
Nodes_Router_1;0B (virtual 715MB)
Gateways_Router_1;0B (virtual 715MB)
Gateway_1;18.9MB (virtual 1.95GB)
Rpc;44.5kB (virtual 1.03GB)
Node_1;2.6MB (virtual 1.03GB)
Devnet_Goshimmer;31.8kB (virtual 520MB)
Nodes_Router_1;0B (virtual 715MB)
Gateways_Router_1;0B (virtual 715MB)
Gateway_1;18.9MB (virtual 1.95GB)
Rpc;44.5kB (virtual 1.03GB)
Node_1;2.6MB (virtual 1.03GB)
Devnet_Goshimmer;31.8kB (virtual 520MB)
Nodes_Router_1;0B (virtual 715MB)
Gateways_Router_1;0B (virtual 715MB)
Gateway_1;19.9MB (virtual 1.95GB)
Rpc;44.5kB (virtual 1.03GB)
Node_1;2.7MB (virtual 1.03GB)
Devnet_Goshimmer;31.8kB (virtual 520MB)
Nodes_Router_1;0B (virtual 715MB)
Gateways_Router_1;0B (virtual 715MB)
Gateway_1;19.9MB (virtual 1.95GB)
Rpc;44.5kB (virtual 1.03GB)
Node_1;2.7MB (virtual 1.03GB)
Devnet_Goshimmer;31.8kB (virtual 520MB)
Nodes_Router_1;0B (virtual 715MB)
Gateways_Router_1;0B (virtual 715MB)
Gateway_1;19.9MB (virtual 1.95GB)
Rpc;44.5kB (virtual 1.03GB)
Node_1;2.7MB (virtual 1.03GB)
Devnet_Goshimmer;31.8kB (virtual 520MB)
Nodes_Router_1;0B (virtual 715MB)
Gateways_Router_1;0B (virtual 715MB)
Gateway_1;19.9MB (virtual 1.95GB)
Rpc;44.5kB (virtual 1.03GB)
Node_1;2.7MB (virtual 1.03GB)
Devnet_Goshimmer;31.8kB (virtual 520MB)
Nodes_Router_1;0B (virtual 715MB)
Gateways_Router_1;0B (virtual 715MB)
Gateway_1;19.9MB (virtual 1.95GB)
Rpc;44.5kB (virtual 1.03GB)
Node_1;2.7MB (virtual 1.03GB)
Devnet_Goshimmer;31.8kB (virtual 520MB)
Nodes_Router_1;0B (virtual 715MB)
Gateways_Router_1;0B (virtual 715MB)
Gateway_1;19.9MB (virtual 1.95GB)
Rpc;44.5kB (virtual 1.03GB)
Node_1;2.7MB (virtual 1.03GB)
Devnet_Goshimmer;31.8kB (virtual 520MB)
Nodes_Router_1;0B (virtual 715MB)
Gateways_Router_1;0B (virtual 715MB)
Gateway_1;21MB (virtual 1.96GB)
Rpc;44.5kB (virtual 1.03GB)
Node_1;2.81MB (virtual 1.03GB)
Devnet_Goshimmer;31.8kB (virtual 520MB)
Nodes_Router_1;0B (virtual 715MB)
Gateways_Router_1;0B (virtual 715MB)
Gateway_1;21MB (virtual 1.96GB)
Rpc;44.5kB (virtual 1.03GB)
Node_1;2.81MB (virtual 1.03GB)
Devnet_Goshimmer;31.8kB (virtual 520MB)
Nodes_Router_1;0B (virtual 715MB)
Gateways_Router_1;0B (virtual 715MB)
Gateway_1;21MB (virtual 1.96GB)
Rpc;44.5kB (virtual 1.03GB)
Node_1;2.81MB (virtual 1.03GB)
Devnet_Goshimmer;31.8kB (virtual 520MB)
Nodes_Router_1;0B (virtual 715MB)
Gateways_Router_1;0B (virtual 715MB)
Gateway_1;21MB (virtual 1.96GB)
Rpc;44.5kB (virtual 1.03GB)
Node_1;2.81MB (virtual 1.03GB)
Devnet_Goshimmer;31.8kB (virtual 520MB)
Nodes_Router_1;0B (virtual 715MB)
Gateways_Router_1;0B (virtual 715MB)
Gateway_1;21MB (virtual 1.96GB)
Rpc;44.5kB (virtual 1.03GB)
Node_1;2.81MB (virtual 1.03GB)
Devnet_Goshimmer;31.8kB (virtual 520MB)
Nodes_Router_1;0B (virtual 715MB)
Gateways_Router_1;0B (virtual 715MB)
Gateway_1;21MB (virtual 1.96GB)
Rpc;44.5kB (virtual 1.03GB)
Node_1;2.81MB (virtual 1.03GB)
Devnet_Goshimmer;31.8kB (virtual 520MB)
Nodes_Router_1;0B (virtual 715MB)
Gateways_Router_1;0B (virtual 715MB)
Gateway_1;22MB (virtual 1.96GB)
Rpc;44.5kB (virtual 1.03GB)
Node_1;2.92MB (virtual 1.03GB)
Devnet_Goshimmer;31.8kB (virtual 520MB)
Nodes_Router_1;0B (virtual 715MB)
Gateways_Router_1;0B (virtual 715MB)
Gateway_1;22MB (virtual 1.96GB)
Rpc;44.5kB (virtual 1.03GB)
Node_1;2.92MB (virtual 1.03GB)
Devnet_Goshimmer;31.8kB (virtual 520MB)
Nodes_Router_1;0B (virtual 715MB)
Gateways_Router_1;0B (virtual 715MB)
Gateway_1;22MB (virtual 1.96GB)
Rpc;44.5kB (virtual 1.03GB)
Node_1;2.92MB (virtual 1.03GB)
Devnet_Goshimmer;31.8kB (virtual 520MB)
Nodes_Router_1;0B (virtual 715MB)
Gateways_Router_1;0B (virtual 715MB)
Gateway_1;22MB (virtual 1.96GB)
Rpc;44.5kB (virtual 1.03GB)
Node_1;2.92MB (virtual 1.03GB)
Devnet_Goshimmer;31.8kB (virtual 520MB)
Nodes_Router_1;0B (virtual 715MB)
Gateways_Router_1;0B (virtual 715MB)
Gateway_1;22MB (virtual 1.96GB)
Rpc;44.5kB (virtual 1.03GB)
Node_1;2.92MB (virtual 1.03GB)
Devnet_Goshimmer;31.8kB (virtual 520MB)
Nodes_Router_1;0B (virtual 715MB)
Gateways_Router_1;0B (virtual 715MB)
Gateway_1;22MB (virtual 1.96GB)
Rpc;44.5kB (virtual 1.03GB)
Node_1;2.92MB (virtual 1.03GB)
Devnet_Goshimmer;31.8kB (virtual 520MB)
Nodes_Router_1;0B (virtual 715MB)
Gateways_Router_1;0B (virtual 715MB)
Gateway_1;23.1MB (virtual 1.96GB)
Rpc;44.5kB (virtual 1.03GB)
Node_1;3.02MB (virtual 1.03GB)
Devnet_Goshimmer;31.8kB (virtual 520MB)
Nodes_Router_1;0B (virtual 715MB)
Gateways_Router_1;0B (virtual 715MB)
Gateway_1;23.1MB (virtual 1.96GB)
Rpc;44.5kB (virtual 1.03GB)
Node_1;3.02MB (virtual 1.03GB)
Devnet_Goshimmer;31.8kB (virtual 520MB)
Nodes_Router_1;0B (virtual 715MB)
Gateways_Router_1;0B (virtual 715MB)
Gateway_1;23.1MB (virtual 1.96GB)
Rpc;44.5kB (virtual 1.03GB)
Node_1;3.02MB (virtual 1.03GB)
Devnet_Goshimmer;31.8kB (virtual 520MB)
Nodes_Router_1;0B (virtual 715MB)
Gateways_Router_1;0B (virtual 715MB)
Gateway_1;23.1MB (virtual 1.96GB)
Rpc;44.5kB (virtual 1.03GB)
Node_1;3.03MB (virtual 1.03GB)
Devnet_Goshimmer;31.8kB (virtual 520MB)
Nodes_Router_1;0B (virtual 715MB)
Gateways_Router_1;0B (virtual 715MB)
Gateway_1;23.1MB (virtual 1.96GB)
Rpc;44.5kB (virtual 1.03GB)
Node_1;3.03MB (virtual 1.03GB)
Devnet_Goshimmer;31.8kB (virtual 520MB)
Nodes_Router_1;0B (virtual 715MB)
Gateways_Router_1;0B (virtual 715MB)
Gateway_1;23.1MB (virtual 1.96GB)
Rpc;44.5kB (virtual 1.03GB)
Node_1;3.03MB (virtual 1.03GB)
Devnet_Goshimmer;31.8kB (virtual 520MB)
Nodes_Router_1;0B (virtual 715MB)
Gateways_Router_1;0B (virtual 715MB)
Gateway_1;24.1MB (virtual 1.96GB)
Rpc;44.5kB (virtual 1.03GB)
Node_1;3.13MB (virtual 1.03GB)
Devnet_Goshimmer;31.8kB (virtual 520MB)
Nodes_Router_1;0B (virtual 715MB)
Gateways_Router_1;0B (virtual 715MB)
Gateway_1;24.1MB (virtual 1.96GB)
Rpc;44.5kB (virtual 1.03GB)
Node_1;3.13MB (virtual 1.03GB)
Devnet_Goshimmer;31.8kB (virtual 520MB)
Nodes_Router_1;0B (virtual 715MB)
Gateways_Router_1;0B (virtual 715MB)
Gateway_1;24.1MB (virtual 1.96GB)
Rpc;44.5kB (virtual 1.03GB)
Node_1;3.13MB (virtual 1.03GB)
Devnet_Goshimmer;31.8kB (virtual 520MB)
Nodes_Router_1;0B (virtual 715MB)
Gateways_Router_1;0B (virtual 715MB)
Gateway_1;24.1MB (virtual 1.96GB)
Rpc;44.5kB (virtual 1.03GB)
Node_1;3.13MB (virtual 1.03GB)
Devnet_Goshimmer;31.8kB (virtual 520MB)
Nodes_Router_1;0B (virtual 715MB)
Gateways_Router_1;0B (virtual 715MB)
Gateway_1;24.1MB (virtual 1.96GB)
Rpc;44.5kB (virtual 1.03GB)
Node_1;3.13MB (virtual 1.03GB)
Devnet_Goshimmer;31.8kB (virtual 520MB)
Nodes_Router_1;0B (virtual 715MB)
Gateways_Router_1;0B (virtual 715MB)
Gateway_1;24.1MB (virtual 1.96GB)
Rpc;44.5kB (virtual 1.03GB)
Node_1;3.13MB (virtual 1.03GB)
Devnet_Goshimmer;31.8kB (virtual 520MB)
Nodes_Router_1;0B (virtual 715MB)
Gateways_Router_1;0B (virtual 715MB)
Gateway_1;25.1MB (virtual 1.96GB)
Rpc;44.5kB (virtual 1.03GB)
Node_1;3.24MB (virtual 1.03GB)
Devnet_Goshimmer;31.8kB (virtual 520MB)
Nodes_Router_1;0B (virtual 715MB)
Gateways_Router_1;0B (virtual 715MB)
Gateway_1;25.2MB (virtual 1.96GB)
Rpc;44.5kB (virtual 1.03GB)
Node_1;3.24MB (virtual 1.03GB)
Devnet_Goshimmer;31.8kB (virtual 520MB)
Nodes_Router_1;0B (virtual 715MB)
Gateways_Router_1;0B (virtual 715MB)
Gateway_1;25.2MB (virtual 1.96GB)
Rpc;44.5kB (virtual 1.03GB)
Node_1;3.24MB (virtual 1.03GB)
Devnet_Goshimmer;31.8kB (virtual 520MB)
Nodes_Router_1;0B (virtual 715MB)
Gateways_Router_1;0B (virtual 715MB)
Gateway_1;25.2MB (virtual 1.96GB)
Rpc;44.5kB (virtual 1.03GB)
Node_1;3.24MB (virtual 1.03GB)
Devnet_Goshimmer;31.8kB (virtual 520MB)
Nodes_Router_1;0B (virtual 715MB)
Gateways_Router_1;0B (virtual 715MB)
Gateway_1;25.2MB (virtual 1.96GB)
Rpc;44.5kB (virtual 1.03GB)
Node_1;3.24MB (virtual 1.03GB)
Devnet_Goshimmer;31.8kB (virtual 520MB)
Nodes_Router_1;0B (virtual 715MB)
Gateways_Router_1;0B (virtual 715MB)
Gateway_1;25.2MB (virtual 1.96GB)
Rpc;44.5kB (virtual 1.03GB)
Node_1;3.24MB (virtual 1.03GB)
Devnet_Goshimmer;31.8kB (virtual 520MB)
Nodes_Router_1;0B (virtual 715MB)
Gateways_Router_1;0B (virtual 715MB)
Gateway_1;26.2MB (virtual 1.96GB)
Rpc;44.5kB (virtual 1.03GB)
Node_1;3.35MB (virtual 1.03GB)
Devnet_Goshimmer;31.8kB (virtual 520MB)
Nodes_Router_1;0B (virtual 715MB)
Gateways_Router_1;0B (virtual 715MB)
Gateway_1;26.2MB (virtual 1.96GB)
Rpc;44.5kB (virtual 1.03GB)
Node_1;3.35MB (virtual 1.03GB)
Devnet_Goshimmer;31.8kB (virtual 520MB)
Nodes_Router_1;0B (virtual 715MB)
Gateways_Router_1;0B (virtual 715MB)
Gateway_1;26.2MB (virtual 1.96GB)
Rpc;44.5kB (virtual 1.03GB)
Node_1;3.35MB (virtual 1.03GB)
Devnet_Goshimmer;31.8kB (virtual 520MB)
Nodes_Router_1;0B (virtual 715MB)
Gateways_Router_1;0B (virtual 715MB)
Gateway_1;26.2MB (virtual 1.96GB)
Rpc;44.5kB (virtual 1.03GB)
Node_1;3.35MB (virtual 1.03GB)
Devnet_Goshimmer;31.8kB (virtual 520MB)
Nodes_Router_1;0B (virtual 715MB)
Gateways_Router_1;0B (virtual 715MB)
Gateway_1;26.2MB (virtual 1.96GB)
Rpc;44.5kB (virtual 1.03GB)
Node_1;3.35MB (virtual 1.03GB)
Devnet_Goshimmer;31.8kB (virtual 520MB)
Nodes_Router_1;0B (virtual 715MB)
Gateways_Router_1;0B (virtual 715MB)
Gateway_1;26.2MB (virtual 1.96GB)
Rpc;44.5kB (virtual 1.03GB)
Node_1;3.35MB (virtual 1.03GB)
Devnet_Goshimmer;31.8kB (virtual 520MB)
Nodes_Router_1;0B (virtual 715MB)
Gateways_Router_1;0B (virtual 715MB)
Gateway_1;27.2MB (virtual 1.96GB)
Rpc;44.5kB (virtual 1.03GB)
Node_1;3.45MB (virtual 1.03GB)
Devnet_Goshimmer;31.8kB (virtual 520MB)
Nodes_Router_1;0B (virtual 715MB)
Gateways_Router_1;0B (virtual 715MB)
Gateway_1;27.2MB (virtual 1.96GB)
Rpc;44.5kB (virtual 1.03GB)
Node_1;3.45MB (virtual 1.03GB)
Devnet_Goshimmer;31.8kB (virtual 520MB)
Nodes_Router_1;0B (virtual 715MB)
Gateways_Router_1;0B (virtual 715MB)
Gateway_1;27.2MB (virtual 1.96GB)
Rpc;44.5kB (virtual 1.03GB)
Node_1;3.45MB (virtual 1.03GB)
Devnet_Goshimmer;31.8kB (virtual 520MB)
Nodes_Router_1;0B (virtual 715MB)
Gateways_Router_1;0B (virtual 715MB)
Gateway_1;27.2MB (virtual 1.96GB)
Rpc;44.5kB (virtual 1.03GB)
Node_1;3.46MB (virtual 1.03GB)
Devnet_Goshimmer;31.8kB (virtual 520MB)
Nodes_Router_1;0B (virtual 715MB)
Gateways_Router_1;0B (virtual 715MB)
Gateway_1;27.2MB (virtual 1.96GB)
Rpc;44.5kB (virtual 1.03GB)
Node_1;3.46MB (virtual 1.03GB)
Devnet_Goshimmer;31.8kB (virtual 520MB)
Nodes_Router_1;0B (virtual 715MB)
Gateways_Router_1;0B (virtual 715MB)
Gateway_1;27.2MB (virtual 1.96GB)
Rpc;44.5kB (virtual 1.03GB)
Node_1;3.46MB (virtual 1.03GB)
Devnet_Goshimmer;31.8kB (virtual 520MB)
Nodes_Router_1;0B (virtual 715MB)
Gateways_Router_1;0B (virtual 715MB)
Gateway_1;28.3MB (virtual 1.96GB)
Rpc;44.5kB (virtual 1.03GB)
Node_1;3.56MB (virtual 1.03GB)
Devnet_Goshimmer;31.8kB (virtual 520MB)
Nodes_Router_1;0B (virtual 715MB)
Gateways_Router_1;0B (virtual 715MB)
Gateway_1;28.3MB (virtual 1.96GB)
Rpc;44.5kB (virtual 1.03GB)
Node_1;3.56MB (virtual 1.03GB)
Devnet_Goshimmer;31.8kB (virtual 520MB)
Nodes_Router_1;0B (virtual 715MB)
Gateways_Router_1;0B (virtual 715MB)
Gateway_1;28.3MB (virtual 1.96GB)
Rpc;44.5kB (virtual 1.03GB)
Node_1;3.56MB (virtual 1.03GB)
Devnet_Goshimmer;31.8kB (virtual 520MB)
Nodes_Router_1;0B (virtual 715MB)
Gateways_Router_1;0B (virtual 715MB)
Gateway_1;28.3MB (virtual 1.96GB)
Rpc;44.5kB (virtual 1.03GB)
Node_1;3.56MB (virtual 1.03GB)
Devnet_Goshimmer;31.8kB (virtual 520MB)
Nodes_Router_1;0B (virtual 715MB)
Gateways_Router_1;0B (virtual 715MB)
Gateway_1;28.3MB (virtual 1.96GB)
Rpc;44.5kB (virtual 1.03GB)
Node_1;3.56MB (virtual 1.03GB)
Devnet_Goshimmer;31.8kB (virtual 520MB)
Nodes_Router_1;0B (virtual 715MB)
Gateways_Router_1;0B (virtual 715MB)
Gateway_1;28.3MB (virtual 1.96GB)
Rpc;44.5kB (virtual 1.03GB)
Node_1;3.56MB (virtual 1.03GB)
Devnet_Goshimmer;31.8kB (virtual 520MB)
Nodes_Router_1;0B (virtual 715MB)
Gateways_Router_1;0B (virtual 715MB)
Gateway_1;29.3MB (virtual 1.96GB)
Rpc;44.5kB (virtual 1.03GB)
Node_1;3.67MB (virtual 1.03GB)
Devnet_Goshimmer;31.8kB (virtual 520MB)
Nodes_Router_1;0B (virtual 715MB)
Gateways_Router_1;0B (virtual 715MB)
Gateway_1;29.3MB (virtual 1.96GB)
Rpc;44.5kB (virtual 1.03GB)
Node_1;3.67MB (virtual 1.03GB)
Devnet_Goshimmer;31.8kB (virtual 520MB)
Nodes_Router_1;0B (virtual 715MB)
Gateways_Router_1;0B (virtual 715MB)
Gateway_1;29.3MB (virtual 1.96GB)
Rpc;44.5kB (virtual 1.03GB)
Node_1;3.67MB (virtual 1.03GB)
Devnet_Goshimmer;31.8kB (virtual 520MB)
Nodes_Router_1;0B (virtual 715MB)
Gateways_Router_1;0B (virtual 715MB)
Gateway_1;29.3MB (virtual 1.96GB)
Rpc;44.5kB (virtual 1.03GB)
Node_1;3.67MB (virtual 1.03GB)
Devnet_Goshimmer;31.8kB (virtual 520MB)
Nodes_Router_1;0B (virtual 715MB)
Gateways_Router_1;0B (virtual 715MB)
Gateway_1;29.3MB (virtual 1.96GB)
Rpc;44.5kB (virtual 1.03GB)
Node_1;3.67MB (virtual 1.03GB)
Devnet_Goshimmer;31.8kB (virtual 520MB)
Nodes_Router_1;0B (virtual 715MB)
Gateways_Router_1;0B (virtual 715MB)
Gateway_1;29.3MB (virtual 1.96GB)
Rpc;44.5kB (virtual 1.03GB)
Node_1;3.67MB (virtual 1.03GB)
Devnet_Goshimmer;31.8kB (virtual 520MB)
Nodes_Router_1;0B (virtual 715MB)
Gateways_Router_1;0B (virtual 715MB)
Gateway_1;30.3MB (virtual 1.96GB)
Rpc;44.5kB (virtual 1.03GB)
Node_1;3.78MB (virtual 1.03GB)
Devnet_Goshimmer;31.8kB (virtual 520MB)
Nodes_Router_1;0B (virtual 715MB)
Gateways_Router_1;0B (virtual 715MB)
Gateway_1;30.3MB (virtual 1.96GB)
Rpc;44.5kB (virtual 1.03GB)
Node_1;3.78MB (virtual 1.03GB)
Devnet_Goshimmer;31.8kB (virtual 520MB)
Nodes_Router_1;0B (virtual 715MB)
Gateways_Router_1;0B (virtual 715MB)
Gateway_1;30.3MB (virtual 1.96GB)
Rpc;44.5kB (virtual 1.03GB)
Node_1;3.78MB (virtual 1.03GB)
Devnet_Goshimmer;31.8kB (virtual 520MB)
Nodes_Router_1;0B (virtual 715MB)
Gateways_Router_1;0B (virtual 715MB)
Gateway_1;30.3MB (virtual 1.96GB)
Rpc;44.5kB (virtual 1.03GB)
Node_1;3.78MB (virtual 1.03GB)
Devnet_Goshimmer;31.8kB (virtual 520MB)
Nodes_Router_1;0B (virtual 715MB)
Gateways_Router_1;0B (virtual 715MB)
Gateway_1;30.3MB (virtual 1.96GB)
Rpc;44.5kB (virtual 1.03GB)
Node_1;3.78MB (virtual 1.03GB)
Devnet_Goshimmer;31.8kB (virtual 520MB)
Nodes_Router_1;0B (virtual 715MB)
Gateways_Router_1;0B (virtual 715MB)
Gateway_1;30.3MB (virtual 1.96GB)
Rpc;44.5kB (virtual 1.03GB)
Node_1;3.78MB (virtual 1.03GB)
Devnet_Goshimmer;31.8kB (virtual 520MB)
Nodes_Router_1;0B (virtual 715MB)
Gateways_Router_1;0B (virtual 715MB)
Rpc;44.5kB (virtual 1.03GB)
Node_1;3.89MB (virtual 1.03GB)
Devnet_Goshimmer;31.8kB (virtual 520MB)
Nodes_Router_1;0B (virtual 715MB)
Gateways_Router_1;0B (virtual 715MB)
Rpc;44.5kB (virtual 1.03GB)
Node_1;3.89MB (virtual 1.03GB)
Devnet_Goshimmer;31.8kB (virtual 520MB)
Nodes_Router_1;0B (virtual 715MB)
Gateways_Router_1;0B (virtual 715MB)
Rpc;44.5kB (virtual 1.03GB)
Node_1;3.89MB (virtual 1.03GB)
Devnet_Goshimmer;31.8kB (virtual 520MB)
Nodes_Router_1;0B (virtual 715MB)
Gateways_Router_1;0B (virtual 715MB)
Rpc;44.5kB (virtual 1.03GB)
Node_1;3.89MB (virtual 1.03GB)
Devnet_Goshimmer;31.8kB (virtual 520MB)
Nodes_Router_1;0B (virtual 715MB)
Gateways_Router_1;0B (virtual 715MB)
Rpc;44.5kB (virtual 1.03GB)
Node_1;3.89MB (virtual 1.03GB)
Devnet_Goshimmer;31.8kB (virtual 520MB)
Nodes_Router_1;0B (virtual 715MB)
Gateways_Router_1;0B (virtual 715MB)
