Gateway_1;707kB (virtual 2.19GB)
Rpc;67.2kB (virtual 721MB)
Node_5;2.33MB (virtual 724MB)
Node_4;2.32MB (virtual 724MB)
Node_3;2.33MB (virtual 724MB)
Node_2;2.33MB (virtual 724MB)
Devnet_Goshimmer;31.8kB (virtual 626MB)
Nodes_Router_1;0B (virtual 582MB)
Gateways_Router_1;0B (virtual 582MB)
Gateway_1;711kB (virtual 2.19GB)
Rpc;67.2kB (virtual 721MB)
Node_5;2.33MB (virtual 724MB)
Node_4;2.32MB (virtual 724MB)
Node_3;2.33MB (virtual 724MB)
Node_2;2.33MB (virtual 724MB)
Devnet_Goshimmer;31.8kB (virtual 626MB)
Nodes_Router_1;0B (virtual 582MB)
Gateways_Router_1;0B (virtual 582MB)
Gateway_1;715kB (virtual 2.19GB)
Rpc;67.2kB (virtual 721MB)
Node_5;2.33MB (virtual 724MB)
Node_4;2.32MB (virtual 724MB)
Node_3;2.33MB (virtual 724MB)
Node_2;2.33MB (virtual 724MB)
Devnet_Goshimmer;31.8kB (virtual 626MB)
Nodes_Router_1;0B (virtual 582MB)
Gateways_Router_1;0B (virtual 582MB)
Gateway_1;719kB (virtual 2.19GB)
Rpc;67.2kB (virtual 721MB)
Node_5;2.33MB (virtual 724MB)
Node_4;2.32MB (virtual 724MB)
Node_3;2.33MB (virtual 724MB)
Node_2;2.33MB (virtual 724MB)
Devnet_Goshimmer;31.8kB (virtual 626MB)
Nodes_Router_1;0B (virtual 582MB)
Gateways_Router_1;0B (virtual 582MB)
Gateway_1;722kB (virtual 2.19GB)
Rpc;67.2kB (virtual 721MB)
Node_5;2.33MB (virtual 724MB)
Node_4;2.32MB (virtual 724MB)
Node_3;2.33MB (virtual 724MB)
Node_2;2.33MB (virtual 724MB)
Devnet_Goshimmer;31.8kB (virtual 626MB)
Nodes_Router_1;0B (virtual 582MB)
Gateways_Router_1;0B (virtual 582MB)
Gateway_1;725kB (virtual 2.19GB)
Rpc;67.2kB (virtual 721MB)
Node_5;2.33MB (virtual 724MB)
Node_4;2.32MB (virtual 724MB)
Node_3;2.33MB (virtual 724MB)
Node_2;2.33MB (virtual 724MB)
Devnet_Goshimmer;31.8kB (virtual 626MB)
Nodes_Router_1;0B (virtual 582MB)
Gateways_Router_1;0B (virtual 582MB)
Gateway_1;729kB (virtual 2.19GB)
Rpc;67.2kB (virtual 721MB)
Node_5;2.33MB (virtual 724MB)
Node_4;2.33MB (virtual 724MB)
Node_3;2.34MB (virtual 724MB)
Node_2;2.33MB (virtual 724MB)
Devnet_Goshimmer;31.8kB (virtual 626MB)
Nodes_Router_1;0B (virtual 582MB)
Gateways_Router_1;0B (virtual 582MB)
Gateway_1;732kB (virtual 2.19GB)
Rpc;67.2kB (virtual 721MB)
Node_5;2.34MB (virtual 724MB)
Node_4;2.33MB (virtual 724MB)
Node_3;2.34MB (virtual 724MB)
Node_2;2.33MB (virtual 724MB)
Devnet_Goshimmer;31.8kB (virtual 626MB)
Nodes_Router_1;0B (virtual 582MB)
Gateways_Router_1;0B (virtual 582MB)
Gateway_1;735kB (virtual 2.19GB)
Rpc;67.2kB (virtual 721MB)
Node_5;2.34MB (virtual 724MB)
Node_4;2.33MB (virtual 724MB)
Node_3;2.34MB (virtual 724MB)
Node_2;2.33MB (virtual 724MB)
Devnet_Goshimmer;31.8kB (virtual 626MB)
Nodes_Router_1;0B (virtual 582MB)
Gateways_Router_1;0B (virtual 582MB)
Gateway_1;1.65MB (virtual 2.19GB)
Rpc;67.2kB (virtual 721MB)
Node_5;2.5MB (virtual 724MB)
Node_4;2.49MB (virtual 724MB)
Node_3;2.5MB (virtual 724MB)
Node_2;2.5MB (virtual 724MB)
Devnet_Goshimmer;31.8kB (virtual 626MB)
Nodes_Router_1;0B (virtual 582MB)
Gateways_Router_1;0B (virtual 582MB)
Gateway_1;1.66MB (virtual 2.19GB)
Rpc;67.2kB (virtual 721MB)
Node_5;2.5MB (virtual 724MB)
Node_4;2.49MB (virtual 724MB)
Node_3;2.5MB (virtual 724MB)
Node_2;2.5MB (virtual 724MB)
Devnet_Goshimmer;31.8kB (virtual 626MB)
Nodes_Router_1;0B (virtual 582MB)
Gateways_Router_1;0B (virtual 582MB)
Gateway_1;1.66MB (virtual 2.19GB)
Rpc;67.2kB (virtual 721MB)
Node_5;2.5MB (virtual 724MB)
Node_4;2.5MB (virtual 724MB)
Node_3;2.5MB (virtual 724MB)
Node_2;2.5MB (virtual 724MB)
Devnet_Goshimmer;31.8kB (virtual 626MB)
Nodes_Router_1;0B (virtual 582MB)
Gateways_Router_1;0B (virtual 582MB)
Gateway_1;1.67MB (virtual 2.19GB)
Rpc;67.2kB (virtual 721MB)
Node_5;2.5MB (virtual 724MB)
Node_4;2.5MB (virtual 724MB)
Node_3;2.51MB (virtual 724MB)
Node_2;2.5MB (virtual 724MB)
Devnet_Goshimmer;31.8kB (virtual 626MB)
Nodes_Router_1;0B (virtual 582MB)
Gateways_Router_1;0B (virtual 582MB)
Gateway_1;1.67MB (virtual 2.19GB)
Rpc;67.2kB (virtual 721MB)
Node_5;2.51MB (virtual 724MB)
Node_4;2.5MB (virtual 724MB)
Node_3;2.51MB (virtual 724MB)
Node_2;2.5MB (virtual 724MB)
Devnet_Goshimmer;31.8kB (virtual 626MB)
Nodes_Router_1;0B (virtual 582MB)
Gateways_Router_1;0B (virtual 582MB)
Gateway_1;1.67MB (virtual 2.19GB)
Rpc;67.2kB (virtual 721MB)
Node_5;2.51MB (virtual 724MB)
Node_4;2.5MB (virtual 724MB)
Node_3;2.51MB (virtual 724MB)
Node_2;2.5MB (virtual 724MB)
Devnet_Goshimmer;31.8kB (virtual 626MB)
Nodes_Router_1;0B (virtual 582MB)
Gateways_Router_1;0B (virtual 582MB)
Gateway_1;1.68MB (virtual 2.19GB)
Rpc;67.2kB (virtual 721MB)
Node_5;2.51MB (virtual 724MB)
Node_4;2.5MB (virtual 724MB)
Node_3;2.51MB (virtual 724MB)
Node_2;2.5MB (virtual 724MB)
Devnet_Goshimmer;31.8kB (virtual 626MB)
Nodes_Router_1;0B (virtual 582MB)
Gateways_Router_1;0B (virtual 582MB)
Gateway_1;1.68MB (virtual 2.19GB)
Rpc;67.2kB (virtual 721MB)
Node_5;2.51MB (virtual 724MB)
Node_4;2.5MB (virtual 724MB)
Node_3;2.51MB (virtual 724MB)
Node_2;2.5MB (virtual 724MB)
Devnet_Goshimmer;31.8kB (virtual 626MB)
Nodes_Router_1;0B (virtual 582MB)
Gateways_Router_1;0B (virtual 582MB)
Gateway_1;1.68MB (virtual 2.19GB)
Rpc;67.2kB (virtual 721MB)
Node_5;2.51MB (virtual 724MB)
Node_4;2.5MB (virtual 724MB)
Node_3;2.51MB (virtual 724MB)
Node_2;2.5MB (virtual 724MB)
Devnet_Goshimmer;31.8kB (virtual 626MB)
Nodes_Router_1;0B (virtual 582MB)
Gateways_Router_1;0B (virtual 582MB)
Gateway_1;2.61MB (virtual 2.19GB)
Rpc;67.2kB (virtual 721MB)
Node_5;2.67MB (virtual 724MB)
Node_4;2.67MB (virtual 724MB)
Node_3;2.67MB (virtual 724MB)
Node_2;2.67MB (virtual 724MB)
Devnet_Goshimmer;31.8kB (virtual 626MB)
Nodes_Router_1;0B (virtual 582MB)
Gateways_Router_1;0B (virtual 582MB)
Gateway_1;2.62MB (virtual 2.19GB)
Rpc;67.2kB (virtual 721MB)
Node_5;2.67MB (virtual 724MB)
Node_4;2.67MB (virtual 724MB)
Node_3;2.67MB (virtual 724MB)
Node_2;2.67MB (virtual 724MB)
Devnet_Goshimmer;31.8kB (virtual 626MB)
Nodes_Router_1;0B (virtual 582MB)
Gateways_Router_1;0B (virtual 582MB)
Gateway_1;2.62MB (virtual 2.19GB)
Rpc;67.2kB (virtual 721MB)
Node_5;2.68MB (virtual 724MB)
Node_4;2.67MB (virtual 724MB)
Node_3;2.67MB (virtual 724MB)
Node_2;2.67MB (virtual 724MB)
Devnet_Goshimmer;31.8kB (virtual 626MB)
Nodes_Router_1;0B (virtual 582MB)
Gateways_Router_1;0B (virtual 582MB)
Gateway_1;2.62MB (virtual 2.19GB)
Rpc;67.2kB (virtual 721MB)
Node_5;2.68MB (virtual 724MB)
Node_4;2.67MB (virtual 724MB)
Node_3;2.67MB (virtual 724MB)
Node_2;2.67MB (virtual 724MB)
Devnet_Goshimmer;31.8kB (virtual 626MB)
Nodes_Router_1;0B (virtual 582MB)
Gateways_Router_1;0B (virtual 582MB)
Gateway_1;2.63MB (virtual 2.19GB)
Rpc;67.2kB (virtual 721MB)
Node_5;2.68MB (virtual 724MB)
Node_4;2.67MB (virtual 724MB)
Node_3;2.67MB (virtual 724MB)
Node_2;2.67MB (virtual 724MB)
Devnet_Goshimmer;31.8kB (virtual 626MB)
Nodes_Router_1;0B (virtual 582MB)
Gateways_Router_1;0B (virtual 582MB)
Gateway_1;2.63MB (virtual 2.19GB)
Rpc;67.2kB (virtual 721MB)
Node_5;2.68MB (virtual 724MB)
Node_4;2.67MB (virtual 724MB)
Node_3;2.68MB (virtual 724MB)
Node_2;2.67MB (virtual 724MB)
Devnet_Goshimmer;31.8kB (virtual 626MB)
Nodes_Router_1;0B (virtual 582MB)
Gateways_Router_1;0B (virtual 582MB)
Gateway_1;2.63MB (virtual 2.19GB)
Rpc;67.2kB (virtual 721MB)
Node_5;2.68MB (virtual 724MB)
Node_4;2.67MB (virtual 724MB)
Node_3;2.68MB (virtual 724MB)
Node_2;2.67MB (virtual 724MB)
Devnet_Goshimmer;31.8kB (virtual 626MB)
Nodes_Router_1;0B (virtual 582MB)
Gateways_Router_1;0B (virtual 582MB)
Gateway_1;2.64MB (virtual 2.19GB)
Rpc;67.2kB (virtual 721MB)
Node_5;2.68MB (virtual 724MB)
Node_4;2.67MB (virtual 724MB)
Node_3;2.68MB (virtual 724MB)
Node_2;2.67MB (virtual 724MB)
Devnet_Goshimmer;31.8kB (virtual 626MB)
Nodes_Router_1;0B (virtual 582MB)
Gateways_Router_1;0B (virtual 582MB)
Gateway_1;2.64MB (virtual 2.19GB)
Rpc;67.2kB (virtual 721MB)
Node_5;2.68MB (virtual 724MB)
Node_4;2.67MB (virtual 724MB)
Node_3;2.68MB (virtual 724MB)
Node_2;2.67MB (virtual 724MB)
Devnet_Goshimmer;31.8kB (virtual 626MB)
Nodes_Router_1;0B (virtual 582MB)
Gateways_Router_1;0B (virtual 582MB)
Gateway_1;3.56MB (virtual 2.2GB)
Rpc;67.2kB (virtual 721MB)
Node_5;2.85MB (virtual 724MB)
Node_4;2.84MB (virtual 724MB)
Node_3;2.85MB (virtual 724MB)
Node_2;2.84MB (virtual 724MB)
Devnet_Goshimmer;31.8kB (virtual 626MB)
Nodes_Router_1;0B (virtual 582MB)
Gateways_Router_1;0B (virtual 582MB)
Gateway_1;3.56MB (virtual 2.2GB)
Rpc;67.2kB (virtual 721MB)
Node_5;2.85MB (virtual 724MB)
Node_4;2.84MB (virtual 724MB)
Node_3;2.85MB (virtual 724MB)
Node_2;2.84MB (virtual 724MB)
Devnet_Goshimmer;31.8kB (virtual 626MB)
Nodes_Router_1;0B (virtual 582MB)
Gateways_Router_1;0B (virtual 582MB)
Gateway_1;3.56MB (virtual 2.2GB)
Rpc;67.2kB (virtual 721MB)
Node_5;2.85MB (virtual 724MB)
Node_4;2.84MB (virtual 724MB)
Node_3;2.85MB (virtual 724MB)
Node_2;2.84MB (virtual 724MB)
Devnet_Goshimmer;31.8kB (virtual 626MB)
Nodes_Router_1;0B (virtual 582MB)
Gateways_Router_1;0B (virtual 582MB)
Gateway_1;3.57MB (virtual 2.2GB)
Rpc;67.2kB (virtual 721MB)
Node_5;2.85MB (virtual 724MB)
Node_4;2.84MB (virtual 724MB)
Node_3;2.85MB (virtual 724MB)
Node_2;2.84MB (virtual 724MB)
Devnet_Goshimmer;31.8kB (virtual 626MB)
Nodes_Router_1;0B (virtual 582MB)
Gateways_Router_1;0B (virtual 582MB)
Gateway_1;3.57MB (virtual 2.2GB)
Rpc;67.2kB (virtual 721MB)
Node_5;2.85MB (virtual 724MB)
Node_4;2.84MB (virtual 724MB)
Node_3;2.85MB (virtual 724MB)
Node_2;2.84MB (virtual 724MB)
Devnet_Goshimmer;31.8kB (virtual 626MB)
Nodes_Router_1;0B (virtual 582MB)
Gateways_Router_1;0B (virtual 582MB)
Gateway_1;3.58MB (virtual 2.2GB)
Rpc;67.2kB (virtual 721MB)
Node_5;2.85MB (virtual 724MB)
Node_4;2.84MB (virtual 724MB)
Node_3;2.85MB (virtual 724MB)
Node_2;2.84MB (virtual 724MB)
Devnet_Goshimmer;31.8kB (virtual 626MB)
Nodes_Router_1;0B (virtual 582MB)
Gateways_Router_1;0B (virtual 582MB)
Gateway_1;3.58MB (virtual 2.2GB)
Rpc;67.2kB (virtual 721MB)
Node_5;2.85MB (virtual 724MB)
Node_4;2.84MB (virtual 724MB)
Node_3;2.85MB (virtual 724MB)
Node_2;2.84MB (virtual 724MB)
Devnet_Goshimmer;31.8kB (virtual 626MB)
Nodes_Router_1;0B (virtual 582MB)
Gateways_Router_1;0B (virtual 582MB)
Gateway_1;3.58MB (virtual 2.2GB)
Rpc;67.2kB (virtual 721MB)
Node_5;2.85MB (virtual 724MB)
Node_4;2.84MB (virtual 724MB)
Node_3;2.85MB (virtual 724MB)
Node_2;2.84MB (virtual 724MB)
Devnet_Goshimmer;31.8kB (virtual 626MB)
Nodes_Router_1;0B (virtual 582MB)
Gateways_Router_1;0B (virtual 582MB)
Gateway_1;3.59MB (virtual 2.2GB)
Rpc;67.2kB (virtual 721MB)
Node_5;2.85MB (virtual 724MB)
Node_4;2.84MB (virtual 724MB)
Node_3;2.85MB (virtual 724MB)
Node_2;2.84MB (virtual 724MB)
Devnet_Goshimmer;31.8kB (virtual 626MB)
Nodes_Router_1;0B (virtual 582MB)
Gateways_Router_1;0B (virtual 582MB)
Gateway_1;4.52MB (virtual 2.2GB)
Rpc;67.2kB (virtual 721MB)
Node_5;3.02MB (virtual 724MB)
Node_4;3.01MB (virtual 724MB)
Node_3;3.02MB (virtual 724MB)
Node_2;3.01MB (virtual 724MB)
Devnet_Goshimmer;31.8kB (virtual 626MB)
Nodes_Router_1;0B (virtual 582MB)
Gateways_Router_1;0B (virtual 582MB)
Gateway_1;4.53MB (virtual 2.2GB)
Rpc;67.2kB (virtual 721MB)
Node_5;3.02MB (virtual 724MB)
Node_4;3.01MB (virtual 724MB)
Node_3;3.02MB (virtual 724MB)
Node_2;3.01MB (virtual 724MB)
Devnet_Goshimmer;31.8kB (virtual 626MB)
Nodes_Router_1;0B (virtual 582MB)
Gateways_Router_1;0B (virtual 582MB)
Gateway_1;4.53MB (virtual 2.2GB)
Rpc;67.2kB (virtual 721MB)
Node_5;3.02MB (virtual 724MB)
Node_4;3.01MB (virtual 724MB)
Node_3;3.02MB (virtual 724MB)
Node_2;3.01MB (virtual 724MB)
Devnet_Goshimmer;31.8kB (virtual 626MB)
Nodes_Router_1;0B (virtual 582MB)
Gateways_Router_1;0B (virtual 582MB)
Gateway_1;4.53MB (virtual 2.2GB)
Rpc;67.2kB (virtual 721MB)
Node_5;3.02MB (virtual 724MB)
Node_4;3.01MB (virtual 724MB)
Node_3;3.02MB (virtual 724MB)
Node_2;3.01MB (virtual 724MB)
Devnet_Goshimmer;31.8kB (virtual 626MB)
Nodes_Router_1;0B (virtual 582MB)
Gateways_Router_1;0B (virtual 582MB)
Gateway_1;4.54MB (virtual 2.2GB)
Rpc;67.2kB (virtual 721MB)
Node_5;3.02MB (virtual 724MB)
Node_4;3.01MB (virtual 724MB)
Node_3;3.02MB (virtual 724MB)
Node_2;3.01MB (virtual 724MB)
Devnet_Goshimmer;31.8kB (virtual 626MB)
Nodes_Router_1;0B (virtual 582MB)
Gateways_Router_1;0B (virtual 582MB)
Gateway_1;4.54MB (virtual 2.2GB)
Rpc;67.2kB (virtual 721MB)
Node_5;3.02MB (virtual 724MB)
Node_4;3.01MB (virtual 724MB)
Node_3;3.02MB (virtual 724MB)
Node_2;3.01MB (virtual 724MB)
Devnet_Goshimmer;31.8kB (virtual 626MB)
Nodes_Router_1;0B (virtual 582MB)
Gateways_Router_1;0B (virtual 582MB)
Gateway_1;4.54MB (virtual 2.2GB)
Rpc;67.2kB (virtual 721MB)
Node_5;3.02MB (virtual 724MB)
Node_4;3.01MB (virtual 724MB)
Node_3;3.02MB (virtual 724MB)
Node_2;3.01MB (virtual 724MB)
Devnet_Goshimmer;31.8kB (virtual 626MB)
Nodes_Router_1;0B (virtual 582MB)
Gateways_Router_1;0B (virtual 582MB)
Gateway_1;4.55MB (virtual 2.2GB)
Rpc;67.2kB (virtual 721MB)
Node_5;3.02MB (virtual 724MB)
Node_4;3.01MB (virtual 724MB)
Node_3;3.02MB (virtual 724MB)
Node_2;3.01MB (virtual 724MB)
Devnet_Goshimmer;31.8kB (virtual 626MB)
Nodes_Router_1;0B (virtual 582MB)
Gateways_Router_1;0B (virtual 582MB)
Gateway_1;4.55MB (virtual 2.2GB)
Rpc;67.2kB (virtual 721MB)
Node_5;3.02MB (virtual 724MB)
Node_4;3.01MB (virtual 724MB)
Node_3;3.02MB (virtual 724MB)
Node_2;3.01MB (virtual 724MB)
Devnet_Goshimmer;31.8kB (virtual 626MB)
Nodes_Router_1;0B (virtual 582MB)
Gateways_Router_1;0B (virtual 582MB)
Gateway_1;5.53MB (virtual 2.2GB)
Rpc;67.2kB (virtual 721MB)
Node_5;3.19MB (virtual 724MB)
Node_4;3.18MB (virtual 724MB)
Node_3;3.19MB (virtual 724MB)
Node_2;3.18MB (virtual 724MB)
Devnet_Goshimmer;31.8kB (virtual 626MB)
Nodes_Router_1;0B (virtual 582MB)
Gateways_Router_1;0B (virtual 582MB)
Gateway_1;5.54MB (virtual 2.2GB)
Rpc;67.2kB (virtual 721MB)
Node_5;3.19MB (virtual 724MB)
Node_4;3.18MB (virtual 724MB)
Node_3;3.19MB (virtual 724MB)
Node_2;3.18MB (virtual 724MB)
Devnet_Goshimmer;31.8kB (virtual 626MB)
Nodes_Router_1;0B (virtual 582MB)
Gateways_Router_1;0B (virtual 582MB)
Gateway_1;5.54MB (virtual 2.2GB)
Rpc;67.2kB (virtual 721MB)
Node_5;3.19MB (virtual 724MB)
Node_4;3.18MB (virtual 724MB)
Node_3;3.19MB (virtual 724MB)
Node_2;3.18MB (virtual 724MB)
Devnet_Goshimmer;31.8kB (virtual 626MB)
Nodes_Router_1;0B (virtual 582MB)
Gateways_Router_1;0B (virtual 582MB)
Gateway_1;5.54MB (virtual 2.2GB)
Rpc;67.2kB (virtual 721MB)
Node_5;3.19MB (virtual 724MB)
Node_4;3.18MB (virtual 724MB)
Node_3;3.19MB (virtual 724MB)
Node_2;3.18MB (virtual 724MB)
Devnet_Goshimmer;31.8kB (virtual 626MB)
Nodes_Router_1;0B (virtual 582MB)
Gateways_Router_1;0B (virtual 582MB)
Gateway_1;5.55MB (virtual 2.2GB)
Rpc;67.2kB (virtual 721MB)
Node_5;3.19MB (virtual 724MB)
Node_4;3.18MB (virtual 724MB)
Node_3;3.19MB (virtual 724MB)
Node_2;3.18MB (virtual 724MB)
Devnet_Goshimmer;31.8kB (virtual 626MB)
Nodes_Router_1;0B (virtual 582MB)
Gateways_Router_1;0B (virtual 582MB)
Gateway_1;5.55MB (virtual 2.2GB)
Rpc;67.2kB (virtual 721MB)
Node_5;3.19MB (virtual 724MB)
Node_4;3.18MB (virtual 724MB)
Node_3;3.19MB (virtual 724MB)
Node_2;3.18MB (virtual 724MB)
Devnet_Goshimmer;31.8kB (virtual 626MB)
Nodes_Router_1;0B (virtual 582MB)
Gateways_Router_1;0B (virtual 582MB)
Gateway_1;5.55MB (virtual 2.2GB)
Rpc;67.2kB (virtual 721MB)
Node_5;3.19MB (virtual 724MB)
Node_4;3.18MB (virtual 724MB)
Node_3;3.19MB (virtual 724MB)
Node_2;3.18MB (virtual 724MB)
Devnet_Goshimmer;31.8kB (virtual 626MB)
Nodes_Router_1;0B (virtual 582MB)
Gateways_Router_1;0B (virtual 582MB)
Gateway_1;5.56MB (virtual 2.2GB)
Rpc;67.2kB (virtual 721MB)
Node_5;3.19MB (virtual 724MB)
Node_4;3.18MB (virtual 724MB)
Node_3;3.19MB (virtual 724MB)
Node_2;3.18MB (virtual 724MB)
Devnet_Goshimmer;31.8kB (virtual 626MB)
Nodes_Router_1;0B (virtual 582MB)
Gateways_Router_1;0B (virtual 582MB)
Gateway_1;5.56MB (virtual 2.2GB)
Rpc;67.2kB (virtual 721MB)
Node_5;3.19MB (virtual 724MB)
Node_4;3.18MB (virtual 724MB)
Node_3;3.19MB (virtual 724MB)
Node_2;3.19MB (virtual 724MB)
Devnet_Goshimmer;31.8kB (virtual 626MB)
Nodes_Router_1;0B (virtual 582MB)
Gateways_Router_1;0B (virtual 582MB)
Gateway_1;6.53MB (virtual 2.2GB)
Rpc;67.2kB (virtual 721MB)
Node_5;3.36MB (virtual 725MB)
Node_4;3.35MB (virtual 725MB)
Node_3;3.36MB (virtual 725MB)
Node_2;3.35MB (virtual 725MB)
Devnet_Goshimmer;31.8kB (virtual 626MB)
Nodes_Router_1;0B (virtual 582MB)
Gateways_Router_1;0B (virtual 582MB)
Gateway_1;6.54MB (virtual 2.2GB)
Rpc;67.2kB (virtual 721MB)
Node_5;3.36MB (virtual 725MB)
Node_4;3.35MB (virtual 725MB)
Node_3;3.36MB (virtual 725MB)
Node_2;3.35MB (virtual 725MB)
Devnet_Goshimmer;31.8kB (virtual 626MB)
Nodes_Router_1;0B (virtual 582MB)
Gateways_Router_1;0B (virtual 582MB)
Gateway_1;6.54MB (virtual 2.2GB)
Rpc;67.2kB (virtual 721MB)
Node_5;3.36MB (virtual 725MB)
Node_4;3.35MB (virtual 725MB)
Node_3;3.36MB (virtual 725MB)
Node_2;3.35MB (virtual 725MB)
Devnet_Goshimmer;31.8kB (virtual 626MB)
Nodes_Router_1;0B (virtual 582MB)
Gateways_Router_1;0B (virtual 582MB)
Gateway_1;6.55MB (virtual 2.2GB)
Rpc;67.2kB (virtual 721MB)
Node_5;3.36MB (virtual 725MB)
Node_4;3.35MB (virtual 725MB)
Node_3;3.36MB (virtual 725MB)
Node_2;3.35MB (virtual 725MB)
Devnet_Goshimmer;31.8kB (virtual 626MB)
Nodes_Router_1;0B (virtual 582MB)
Gateways_Router_1;0B (virtual 582MB)
Gateway_1;6.55MB (virtual 2.2GB)
Rpc;67.2kB (virtual 721MB)
Node_5;3.36MB (virtual 725MB)
Node_4;3.35MB (virtual 725MB)
Node_3;3.36MB (virtual 725MB)
Node_2;3.35MB (virtual 725MB)
Devnet_Goshimmer;31.8kB (virtual 626MB)
Nodes_Router_1;0B (virtual 582MB)
Gateways_Router_1;0B (virtual 582MB)
Gateway_1;6.55MB (virtual 2.2GB)
Rpc;67.2kB (virtual 721MB)
Node_5;3.36MB (virtual 725MB)
Node_4;3.35MB (virtual 725MB)
Node_3;3.36MB (virtual 725MB)
Node_2;3.35MB (virtual 725MB)
Devnet_Goshimmer;31.8kB (virtual 626MB)
Nodes_Router_1;0B (virtual 582MB)
Gateways_Router_1;0B (virtual 582MB)
Gateway_1;6.56MB (virtual 2.2GB)
Rpc;67.2kB (virtual 721MB)
Node_5;3.36MB (virtual 725MB)
Node_4;3.35MB (virtual 725MB)
Node_3;3.36MB (virtual 725MB)
Node_2;3.36MB (virtual 725MB)
Devnet_Goshimmer;31.8kB (virtual 626MB)
Nodes_Router_1;0B (virtual 582MB)
Gateways_Router_1;0B (virtual 582MB)
Gateway_1;6.56MB (virtual 2.2GB)
Rpc;67.2kB (virtual 721MB)
Node_5;3.36MB (virtual 725MB)
Node_4;3.36MB (virtual 725MB)
Node_3;3.36MB (virtual 725MB)
Node_2;3.36MB (virtual 725MB)
Devnet_Goshimmer;31.8kB (virtual 626MB)
Nodes_Router_1;0B (virtual 582MB)
Gateways_Router_1;0B (virtual 582MB)
Gateway_1;6.56MB (virtual 2.2GB)
Rpc;67.2kB (virtual 721MB)
Node_5;3.36MB (virtual 725MB)
Node_4;3.36MB (virtual 725MB)
Node_3;3.36MB (virtual 725MB)
Node_2;3.36MB (virtual 725MB)
Devnet_Goshimmer;31.8kB (virtual 626MB)
Nodes_Router_1;0B (virtual 582MB)
Gateways_Router_1;0B (virtual 582MB)
Gateway_1;7.49MB (virtual 2.2GB)
Rpc;67.2kB (virtual 721MB)
Node_5;3.53MB (virtual 725MB)
Node_4;3.52MB (virtual 725MB)
Node_3;3.52MB (virtual 725MB)
Node_2;3.52MB (virtual 725MB)
Devnet_Goshimmer;31.8kB (virtual 626MB)
Nodes_Router_1;0B (virtual 582MB)
Gateways_Router_1;0B (virtual 582MB)
Gateway_1;7.49MB (virtual 2.2GB)
Rpc;67.2kB (virtual 721MB)
Node_5;3.53MB (virtual 725MB)
Node_4;3.52MB (virtual 725MB)
Node_3;3.53MB (virtual 725MB)
Node_2;3.52MB (virtual 725MB)
Devnet_Goshimmer;31.8kB (virtual 626MB)
Nodes_Router_1;0B (virtual 582MB)
Gateways_Router_1;0B (virtual 582MB)
Gateway_1;7.5MB (virtual 2.2GB)
Rpc;67.2kB (virtual 721MB)
Node_5;3.53MB (virtual 725MB)
Node_4;3.52MB (virtual 725MB)
Node_3;3.53MB (virtual 725MB)
Node_2;3.52MB (virtual 725MB)
Devnet_Goshimmer;31.8kB (virtual 626MB)
Nodes_Router_1;0B (virtual 582MB)
Gateways_Router_1;0B (virtual 582MB)
Gateway_1;7.5MB (virtual 2.2GB)
Rpc;67.2kB (virtual 721MB)
Node_5;3.53MB (virtual 725MB)
Node_4;3.52MB (virtual 725MB)
Node_3;3.53MB (virtual 725MB)
Node_2;3.52MB (virtual 725MB)
Devnet_Goshimmer;31.8kB (virtual 626MB)
Nodes_Router_1;0B (virtual 582MB)
Gateways_Router_1;0B (virtual 582MB)
Gateway_1;7.51MB (virtual 2.2GB)
Rpc;67.2kB (virtual 721MB)
Node_5;3.53MB (virtual 725MB)
Node_4;3.52MB (virtual 725MB)
Node_3;3.53MB (virtual 725MB)
Node_2;3.53MB (virtual 725MB)
Devnet_Goshimmer;31.8kB (virtual 626MB)
Nodes_Router_1;0B (virtual 582MB)
Gateways_Router_1;0B (virtual 582MB)
Gateway_1;7.51MB (virtual 2.2GB)
Rpc;67.2kB (virtual 721MB)
Node_5;3.54MB (virtual 725MB)
Node_4;3.53MB (virtual 725MB)
Node_3;3.53MB (virtual 725MB)
Node_2;3.53MB (virtual 725MB)
Devnet_Goshimmer;31.8kB (virtual 626MB)
Nodes_Router_1;0B (virtual 582MB)
Gateways_Router_1;0B (virtual 582MB)
Gateway_1;7.52MB (virtual 2.2GB)
Rpc;67.2kB (virtual 721MB)
Node_5;3.54MB (virtual 725MB)
Node_4;3.53MB (virtual 725MB)
Node_3;3.53MB (virtual 725MB)
Node_2;3.53MB (virtual 725MB)
Devnet_Goshimmer;31.8kB (virtual 626MB)
Nodes_Router_1;0B (virtual 582MB)
Gateways_Router_1;0B (virtual 582MB)
Gateway_1;7.52MB (virtual 2.2GB)
Rpc;67.2kB (virtual 721MB)
Node_5;3.54MB (virtual 725MB)
Node_4;3.53MB (virtual 725MB)
Node_3;3.53MB (virtual 725MB)
Node_2;3.53MB (virtual 725MB)
Devnet_Goshimmer;31.8kB (virtual 626MB)
Nodes_Router_1;0B (virtual 582MB)
Gateways_Router_1;0B (virtual 582MB)
Gateway_1;7.52MB (virtual 2.2GB)
Rpc;67.2kB (virtual 721MB)
Node_5;3.54MB (virtual 725MB)
Node_4;3.53MB (virtual 725MB)
Node_3;3.53MB (virtual 725MB)
Node_2;3.53MB (virtual 725MB)
Devnet_Goshimmer;31.8kB (virtual 626MB)
Nodes_Router_1;0B (virtual 582MB)
Gateways_Router_1;0B (virtual 582MB)
Gateway_1;8.48MB (virtual 2.2GB)
Rpc;67.2kB (virtual 721MB)
Node_5;3.7MB (virtual 725MB)
Node_4;3.69MB (virtual 725MB)
Node_3;3.7MB (virtual 725MB)
Node_2;3.7MB (virtual 725MB)
Devnet_Goshimmer;31.8kB (virtual 626MB)
Nodes_Router_1;0B (virtual 582MB)
Gateways_Router_1;0B (virtual 582MB)
Gateway_1;8.49MB (virtual 2.2GB)
Rpc;67.2kB (virtual 721MB)
Node_5;3.7MB (virtual 725MB)
Node_4;3.69MB (virtual 725MB)
Node_3;3.7MB (virtual 725MB)
Node_2;3.7MB (virtual 725MB)
Devnet_Goshimmer;31.8kB (virtual 626MB)
Nodes_Router_1;0B (virtual 582MB)
Gateways_Router_1;0B (virtual 582MB)
Gateway_1;8.49MB (virtual 2.2GB)
Rpc;67.2kB (virtual 721MB)
Node_5;3.7MB (virtual 725MB)
Node_4;3.69MB (virtual 725MB)
Node_3;3.7MB (virtual 725MB)
Node_2;3.7MB (virtual 725MB)
Devnet_Goshimmer;31.8kB (virtual 626MB)
Nodes_Router_1;0B (virtual 582MB)
Gateways_Router_1;0B (virtual 582MB)
Gateway_1;8.49MB (virtual 2.2GB)
Rpc;67.2kB (virtual 721MB)
Node_5;3.7MB (virtual 725MB)
Node_4;3.69MB (virtual 725MB)
Node_3;3.7MB (virtual 725MB)
Node_2;3.7MB (virtual 725MB)
Devnet_Goshimmer;31.8kB (virtual 626MB)
Nodes_Router_1;0B (virtual 582MB)
Gateways_Router_1;0B (virtual 582MB)
Gateway_1;8.5MB (virtual 2.2GB)
Rpc;67.2kB (virtual 721MB)
Node_5;3.7MB (virtual 725MB)
Node_4;3.69MB (virtual 725MB)
Node_3;3.7MB (virtual 725MB)
Node_2;3.7MB (virtual 725MB)
Devnet_Goshimmer;31.8kB (virtual 626MB)
Nodes_Router_1;0B (virtual 582MB)
Gateways_Router_1;0B (virtual 582MB)
Gateway_1;8.5MB (virtual 2.2GB)
Rpc;67.2kB (virtual 721MB)
Node_5;3.7MB (virtual 725MB)
Node_4;3.69MB (virtual 725MB)
Node_3;3.7MB (virtual 725MB)
Node_2;3.7MB (virtual 725MB)
Devnet_Goshimmer;31.8kB (virtual 626MB)
Nodes_Router_1;0B (virtual 582MB)
Gateways_Router_1;0B (virtual 582MB)
Gateway_1;8.5MB (virtual 2.2GB)
Rpc;67.2kB (virtual 721MB)
Node_5;3.7MB (virtual 725MB)
Node_4;3.7MB (virtual 725MB)
Node_3;3.7MB (virtual 725MB)
Node_2;3.7MB (virtual 725MB)
Devnet_Goshimmer;31.8kB (virtual 626MB)
Nodes_Router_1;0B (virtual 582MB)
Gateways_Router_1;0B (virtual 582MB)
Gateway_1;8.51MB (virtual 2.2GB)
Rpc;67.2kB (virtual 721MB)
Node_5;3.71MB (virtual 725MB)
Node_4;3.7MB (virtual 725MB)
Node_3;3.71MB (virtual 725MB)
Node_2;3.7MB (virtual 725MB)
Devnet_Goshimmer;31.8kB (virtual 626MB)
Nodes_Router_1;0B (virtual 582MB)
Gateways_Router_1;0B (virtual 582MB)
Gateway_1;8.51MB (virtual 2.2GB)
Rpc;67.2kB (virtual 721MB)
Node_5;3.71MB (virtual 725MB)
Node_4;3.7MB (virtual 725MB)
Node_3;3.71MB (virtual 725MB)
Node_2;3.7MB (virtual 725MB)
Devnet_Goshimmer;31.8kB (virtual 626MB)
Nodes_Router_1;0B (virtual 582MB)
Gateways_Router_1;0B (virtual 582MB)
Gateway_1;9.43MB (virtual 2.2GB)
Rpc;67.2kB (virtual 721MB)
Node_5;3.87MB (virtual 725MB)
Node_4;3.86MB (virtual 725MB)
Node_3;3.87MB (virtual 725MB)
Node_2;3.87MB (virtual 725MB)
Devnet_Goshimmer;31.8kB (virtual 626MB)
Nodes_Router_1;0B (virtual 582MB)
Gateways_Router_1;0B (virtual 582MB)
Gateway_1;9.44MB (virtual 2.2GB)
Rpc;67.2kB (virtual 721MB)
Node_5;3.87MB (virtual 725MB)
Node_4;3.86MB (virtual 725MB)
Node_3;3.87MB (virtual 725MB)
Node_2;3.87MB (virtual 725MB)
Devnet_Goshimmer;31.8kB (virtual 626MB)
Nodes_Router_1;0B (virtual 582MB)
Gateways_Router_1;0B (virtual 582MB)
Gateway_1;9.44MB (virtual 2.2GB)
Rpc;67.2kB (virtual 721MB)
Node_5;3.87MB (virtual 725MB)
Node_4;3.86MB (virtual 725MB)
Node_3;3.87MB (virtual 725MB)
Node_2;3.87MB (virtual 725MB)
Devnet_Goshimmer;31.8kB (virtual 626MB)
Nodes_Router_1;0B (virtual 582MB)
Gateways_Router_1;0B (virtual 582MB)
Gateway_1;9.44MB (virtual 2.2GB)
Rpc;67.2kB (virtual 721MB)
Node_5;3.87MB (virtual 725MB)
Node_4;3.86MB (virtual 725MB)
Node_3;3.87MB (virtual 725MB)
Node_2;3.87MB (virtual 725MB)
Devnet_Goshimmer;31.8kB (virtual 626MB)
Nodes_Router_1;0B (virtual 582MB)
Gateways_Router_1;0B (virtual 582MB)
Gateway_1;9.45MB (virtual 2.2GB)
Rpc;67.2kB (virtual 721MB)
Node_5;3.87MB (virtual 725MB)
Node_4;3.86MB (virtual 725MB)
Node_3;3.87MB (virtual 725MB)
Node_2;3.87MB (virtual 725MB)
Devnet_Goshimmer;31.8kB (virtual 626MB)
Nodes_Router_1;0B (virtual 582MB)
Gateways_Router_1;0B (virtual 582MB)
Gateway_1;9.45MB (virtual 2.2GB)
Rpc;67.2kB (virtual 721MB)
Node_5;3.87MB (virtual 725MB)
Node_4;3.86MB (virtual 725MB)
Node_3;3.87MB (virtual 725MB)
Node_2;3.87MB (virtual 725MB)
Devnet_Goshimmer;31.8kB (virtual 626MB)
Nodes_Router_1;0B (virtual 582MB)
Gateways_Router_1;0B (virtual 582MB)
Gateway_1;9.45MB (virtual 2.2GB)
Rpc;67.2kB (virtual 721MB)
Node_5;3.87MB (virtual 725MB)
Node_4;3.86MB (virtual 725MB)
Node_3;3.87MB (virtual 725MB)
Node_2;3.87MB (virtual 725MB)
Devnet_Goshimmer;31.8kB (virtual 626MB)
Nodes_Router_1;0B (virtual 582MB)
Gateways_Router_1;0B (virtual 582MB)
Gateway_1;9.46MB (virtual 2.2GB)
Rpc;67.2kB (virtual 721MB)
Node_5;3.87MB (virtual 725MB)
Node_4;3.86MB (virtual 725MB)
Node_3;3.87MB (virtual 725MB)
Node_2;3.87MB (virtual 725MB)
Devnet_Goshimmer;31.8kB (virtual 626MB)
Nodes_Router_1;0B (virtual 582MB)
Gateways_Router_1;0B (virtual 582MB)
Gateway_1;9.46MB (virtual 2.2GB)
Rpc;67.2kB (virtual 721MB)
Node_5;3.88MB (virtual 725MB)
Node_4;3.86MB (virtual 725MB)
Node_3;3.87MB (virtual 725MB)
Node_2;3.87MB (virtual 725MB)
Devnet_Goshimmer;31.8kB (virtual 626MB)
Nodes_Router_1;0B (virtual 582MB)
Gateways_Router_1;0B (virtual 582MB)
Gateway_1;10.4MB (virtual 2.2GB)
Rpc;67.2kB (virtual 721MB)
Node_5;4.04MB (virtual 725MB)
Node_4;4.03MB (virtual 725MB)
Node_3;4.04MB (virtual 725MB)
Node_2;4.04MB (virtual 725MB)
Devnet_Goshimmer;31.8kB (virtual 626MB)
Nodes_Router_1;0B (virtual 582MB)
Gateways_Router_1;0B (virtual 582MB)
Gateway_1;10.4MB (virtual 2.2GB)
Rpc;67.2kB (virtual 721MB)
Node_5;4.04MB (virtual 725MB)
Node_4;4.03MB (virtual 725MB)
Node_3;4.04MB (virtual 725MB)
Node_2;4.04MB (virtual 725MB)
Devnet_Goshimmer;31.8kB (virtual 626MB)
Nodes_Router_1;0B (virtual 582MB)
Gateways_Router_1;0B (virtual 582MB)
Gateway_1;10.4MB (virtual 2.2GB)
Rpc;67.2kB (virtual 721MB)
Node_5;4.04MB (virtual 725MB)
Node_4;4.03MB (virtual 725MB)
Node_3;4.04MB (virtual 725MB)
Node_2;4.04MB (virtual 725MB)
Devnet_Goshimmer;31.8kB (virtual 626MB)
Nodes_Router_1;0B (virtual 582MB)
Gateways_Router_1;0B (virtual 582MB)
Gateway_1;10.4MB (virtual 2.2GB)
Rpc;67.2kB (virtual 721MB)
Node_5;4.04MB (virtual 725MB)
Node_4;4.03MB (virtual 725MB)
Node_3;4.04MB (virtual 725MB)
Node_2;4.04MB (virtual 725MB)
Devnet_Goshimmer;31.8kB (virtual 626MB)
Nodes_Router_1;0B (virtual 582MB)
Gateways_Router_1;0B (virtual 582MB)
Gateway_1;10.4MB (virtual 2.2GB)
Rpc;67.2kB (virtual 721MB)
Node_5;4.04MB (virtual 725MB)
Node_4;4.03MB (virtual 725MB)
Node_3;4.04MB (virtual 725MB)
Node_2;4.04MB (virtual 725MB)
Devnet_Goshimmer;31.8kB (virtual 626MB)
Nodes_Router_1;0B (virtual 582MB)
Gateways_Router_1;0B (virtual 582MB)
Gateway_1;10.4MB (virtual 2.2GB)
Rpc;67.2kB (virtual 721MB)
Node_5;4.04MB (virtual 725MB)
Node_4;4.04MB (virtual 725MB)
Node_3;4.04MB (virtual 725MB)
Node_2;4.04MB (virtual 725MB)
Devnet_Goshimmer;31.8kB (virtual 626MB)
Nodes_Router_1;0B (virtual 582MB)
Gateways_Router_1;0B (virtual 582MB)
Gateway_1;10.4MB (virtual 2.2GB)
Rpc;67.2kB (virtual 721MB)
Node_5;4.05MB (virtual 725MB)
Node_4;4.04MB (virtual 725MB)
Node_3;4.04MB (virtual 725MB)
Node_2;4.04MB (virtual 725MB)
Devnet_Goshimmer;31.8kB (virtual 626MB)
Nodes_Router_1;0B (virtual 582MB)
Gateways_Router_1;0B (virtual 582MB)
Gateway_1;10.4MB (virtual 2.2GB)
Rpc;67.2kB (virtual 721MB)
Node_5;4.05MB (virtual 725MB)
Node_4;4.04MB (virtual 725MB)
Node_3;4.04MB (virtual 725MB)
Node_2;4.04MB (virtual 725MB)
Devnet_Goshimmer;31.8kB (virtual 626MB)
Nodes_Router_1;0B (virtual 582MB)
Gateways_Router_1;0B (virtual 582MB)
Gateway_1;10.4MB (virtual 2.2GB)
Rpc;67.2kB (virtual 721MB)
Node_5;4.05MB (virtual 725MB)
Node_4;4.04MB (virtual 725MB)
Node_3;4.04MB (virtual 725MB)
Node_2;4.04MB (virtual 725MB)
Devnet_Goshimmer;31.8kB (virtual 626MB)
Nodes_Router_1;0B (virtual 582MB)
Gateways_Router_1;0B (virtual 582MB)
Gateway_1;11.4MB (virtual 2.2GB)
Rpc;67.2kB (virtual 721MB)
Node_5;4.21MB (virtual 725MB)
Node_4;4.2MB (virtual 725MB)
Node_3;4.21MB (virtual 725MB)
Node_2;4.21MB (virtual 725MB)
Devnet_Goshimmer;31.8kB (virtual 626MB)
Nodes_Router_1;0B (virtual 582MB)
Gateways_Router_1;0B (virtual 582MB)
Gateway_1;11.4MB (virtual 2.2GB)
Rpc;67.2kB (virtual 721MB)
Node_5;4.21MB (virtual 725MB)
Node_4;4.2MB (virtual 725MB)
Node_3;4.21MB (virtual 725MB)
Node_2;4.21MB (virtual 725MB)
Devnet_Goshimmer;31.8kB (virtual 626MB)
Nodes_Router_1;0B (virtual 582MB)
Gateways_Router_1;0B (virtual 582MB)
Gateway_1;11.4MB (virtual 2.2GB)
Rpc;67.2kB (virtual 721MB)
Node_5;4.21MB (virtual 725MB)
Node_4;4.2MB (virtual 725MB)
Node_3;4.21MB (virtual 725MB)
Node_2;4.21MB (virtual 725MB)
Devnet_Goshimmer;31.8kB (virtual 626MB)
Nodes_Router_1;0B (virtual 582MB)
Gateways_Router_1;0B (virtual 582MB)
Gateway_1;11.4MB (virtual 2.2GB)
Rpc;67.2kB (virtual 721MB)
Node_5;4.21MB (virtual 725MB)
Node_4;4.21MB (virtual 725MB)
Node_3;4.21MB (virtual 725MB)
Node_2;4.21MB (virtual 725MB)
Devnet_Goshimmer;31.8kB (virtual 626MB)
Nodes_Router_1;0B (virtual 582MB)
Gateways_Router_1;0B (virtual 582MB)
Gateway_1;11.4MB (virtual 2.2GB)
Rpc;67.2kB (virtual 721MB)
Node_5;4.21MB (virtual 725MB)
Node_4;4.21MB (virtual 725MB)
Node_3;4.21MB (virtual 725MB)
Node_2;4.21MB (virtual 725MB)
Devnet_Goshimmer;31.8kB (virtual 626MB)
Nodes_Router_1;0B (virtual 582MB)
Gateways_Router_1;0B (virtual 582MB)
Gateway_1;11.4MB (virtual 2.2GB)
Rpc;67.2kB (virtual 721MB)
Node_5;4.21MB (virtual 725MB)
Node_4;4.21MB (virtual 725MB)
Node_3;4.21MB (virtual 725MB)
Node_2;4.21MB (virtual 725MB)
Devnet_Goshimmer;31.8kB (virtual 626MB)
Nodes_Router_1;0B (virtual 582MB)
Gateways_Router_1;0B (virtual 582MB)
Gateway_1;11.4MB (virtual 2.2GB)
Rpc;67.2kB (virtual 721MB)
Node_5;4.21MB (virtual 725MB)
Node_4;4.21MB (virtual 725MB)
Node_3;4.21MB (virtual 725MB)
Node_2;4.21MB (virtual 725MB)
Devnet_Goshimmer;31.8kB (virtual 626MB)
Nodes_Router_1;0B (virtual 582MB)
Gateways_Router_1;0B (virtual 582MB)
Gateway_1;11.4MB (virtual 2.2GB)
Rpc;67.2kB (virtual 721MB)
Node_5;4.21MB (virtual 725MB)
Node_4;4.21MB (virtual 725MB)
Node_3;4.21MB (virtual 725MB)
Node_2;4.21MB (virtual 725MB)
Devnet_Goshimmer;31.8kB (virtual 626MB)
Nodes_Router_1;0B (virtual 582MB)
Gateways_Router_1;0B (virtual 582MB)
Gateway_1;11.4MB (virtual 2.2GB)
Rpc;67.2kB (virtual 721MB)
Node_5;4.22MB (virtual 725MB)
Node_4;4.21MB (virtual 725MB)
Node_3;4.21MB (virtual 725MB)
Node_2;4.21MB (virtual 725MB)
Devnet_Goshimmer;31.8kB (virtual 626MB)
Nodes_Router_1;0B (virtual 582MB)
Gateways_Router_1;0B (virtual 582MB)
Gateway_1;12.3MB (virtual 2.2GB)
Rpc;67.2kB (virtual 721MB)
Node_5;4.38MB (virtual 726MB)
Node_4;4.37MB (virtual 726MB)
Node_3;4.38MB (virtual 726MB)
Node_2;4.38MB (virtual 726MB)
Devnet_Goshimmer;31.8kB (virtual 626MB)
Nodes_Router_1;0B (virtual 582MB)
Gateways_Router_1;0B (virtual 582MB)
Gateway_1;12.3MB (virtual 2.2GB)
Rpc;67.2kB (virtual 721MB)
Node_5;4.38MB (virtual 726MB)
Node_4;4.38MB (virtual 726MB)
Node_3;4.38MB (virtual 726MB)
Node_2;4.38MB (virtual 726MB)
Devnet_Goshimmer;31.8kB (virtual 626MB)
Nodes_Router_1;0B (virtual 582MB)
Gateways_Router_1;0B (virtual 582MB)
Gateway_1;12.3MB (virtual 2.2GB)
Rpc;67.2kB (virtual 721MB)
Node_5;4.39MB (virtual 726MB)
Node_4;4.38MB (virtual 726MB)
Node_3;4.38MB (virtual 726MB)
Node_2;4.38MB (virtual 726MB)
Devnet_Goshimmer;31.8kB (virtual 626MB)
Nodes_Router_1;0B (virtual 582MB)
Gateways_Router_1;0B (virtual 582MB)
Gateway_1;12.3MB (virtual 2.2GB)
Rpc;67.2kB (virtual 721MB)
Node_5;4.39MB (virtual 726MB)
Node_4;4.38MB (virtual 726MB)
Node_3;4.38MB (virtual 726MB)
Node_2;4.38MB (virtual 726MB)
Devnet_Goshimmer;31.8kB (virtual 626MB)
Nodes_Router_1;0B (virtual 582MB)
Gateways_Router_1;0B (virtual 582MB)
Gateway_1;12.3MB (virtual 2.2GB)
Rpc;67.2kB (virtual 721MB)
Node_5;4.39MB (virtual 726MB)
Node_4;4.38MB (virtual 726MB)
Node_3;4.38MB (virtual 726MB)
Node_2;4.38MB (virtual 726MB)
Devnet_Goshimmer;31.8kB (virtual 626MB)
Nodes_Router_1;0B (virtual 582MB)
Gateways_Router_1;0B (virtual 582MB)
Gateway_1;12.4MB (virtual 2.2GB)
Rpc;67.2kB (virtual 721MB)
Node_5;4.39MB (virtual 726MB)
Node_4;4.38MB (virtual 726MB)
Node_3;4.39MB (virtual 726MB)
Node_2;4.38MB (virtual 726MB)
Devnet_Goshimmer;31.8kB (virtual 626MB)
Nodes_Router_1;0B (virtual 582MB)
Gateways_Router_1;0B (virtual 582MB)
Gateway_1;12.4MB (virtual 2.2GB)
Rpc;67.2kB (virtual 721MB)
Node_5;4.39MB (virtual 726MB)
Node_4;4.38MB (virtual 726MB)
Node_3;4.39MB (virtual 726MB)
Node_2;4.39MB (virtual 726MB)
Devnet_Goshimmer;31.8kB (virtual 626MB)
Nodes_Router_1;0B (virtual 582MB)
Gateways_Router_1;0B (virtual 582MB)
Gateway_1;12.4MB (virtual 2.2GB)
Rpc;67.2kB (virtual 721MB)
Node_5;4.39MB (virtual 726MB)
Node_4;4.38MB (virtual 726MB)
Node_3;4.39MB (virtual 726MB)
Node_2;4.39MB (virtual 726MB)
Devnet_Goshimmer;31.8kB (virtual 626MB)
Nodes_Router_1;0B (virtual 582MB)
Gateways_Router_1;0B (virtual 582MB)
Gateway_1;12.4MB (virtual 2.2GB)
Rpc;67.2kB (virtual 721MB)
Node_5;4.39MB (virtual 726MB)
Node_4;4.38MB (virtual 726MB)
Node_3;4.39MB (virtual 726MB)
Node_2;4.39MB (virtual 726MB)
Devnet_Goshimmer;31.8kB (virtual 626MB)
Nodes_Router_1;0B (virtual 582MB)
Gateways_Router_1;0B (virtual 582MB)
Gateway_1;13.3MB (virtual 2.21GB)
Rpc;67.2kB (virtual 721MB)
Node_5;4.56MB (virtual 726MB)
Node_4;4.54MB (virtual 726MB)
Node_3;4.55MB (virtual 726MB)
Node_2;4.55MB (virtual 726MB)
Devnet_Goshimmer;31.8kB (virtual 626MB)
Nodes_Router_1;0B (virtual 582MB)
Gateways_Router_1;0B (virtual 582MB)
Gateway_1;13.3MB (virtual 2.21GB)
Rpc;67.2kB (virtual 721MB)
Node_5;4.56MB (virtual 726MB)
Node_4;4.54MB (virtual 726MB)
Node_3;4.55MB (virtual 726MB)
Node_2;4.55MB (virtual 726MB)
Devnet_Goshimmer;31.8kB (virtual 626MB)
Nodes_Router_1;0B (virtual 582MB)
Gateways_Router_1;0B (virtual 582MB)
Gateway_1;13.3MB (virtual 2.21GB)
Rpc;67.2kB (virtual 721MB)
Node_5;4.56MB (virtual 726MB)
Node_4;4.55MB (virtual 726MB)
Node_3;4.56MB (virtual 726MB)
Node_2;4.56MB (virtual 726MB)
Devnet_Goshimmer;31.8kB (virtual 626MB)
Nodes_Router_1;0B (virtual 582MB)
Gateways_Router_1;0B (virtual 582MB)
Gateway_1;13.3MB (virtual 2.21GB)
Rpc;67.2kB (virtual 721MB)
Node_5;4.56MB (virtual 726MB)
Node_4;4.55MB (virtual 726MB)
Node_3;4.56MB (virtual 726MB)
Node_2;4.56MB (virtual 726MB)
Devnet_Goshimmer;31.8kB (virtual 626MB)
Nodes_Router_1;0B (virtual 582MB)
Gateways_Router_1;0B (virtual 582MB)
Gateway_1;13.3MB (virtual 2.21GB)
Rpc;67.2kB (virtual 721MB)
Node_5;4.56MB (virtual 726MB)
Node_4;4.55MB (virtual 726MB)
Node_3;4.56MB (virtual 726MB)
Node_2;4.56MB (virtual 726MB)
Devnet_Goshimmer;31.8kB (virtual 626MB)
Nodes_Router_1;0B (virtual 582MB)
Gateways_Router_1;0B (virtual 582MB)
Gateway_1;13.3MB (virtual 2.21GB)
Rpc;67.2kB (virtual 721MB)
Node_5;4.56MB (virtual 726MB)
Node_4;4.55MB (virtual 726MB)
Node_3;4.56MB (virtual 726MB)
Node_2;4.56MB (virtual 726MB)
Devnet_Goshimmer;31.8kB (virtual 626MB)
Nodes_Router_1;0B (virtual 582MB)
Gateways_Router_1;0B (virtual 582MB)
Gateway_1;13.3MB (virtual 2.21GB)
Rpc;67.2kB (virtual 721MB)
Node_5;4.56MB (virtual 726MB)
Node_4;4.55MB (virtual 726MB)
Node_3;4.56MB (virtual 726MB)
Node_2;4.56MB (virtual 726MB)
Devnet_Goshimmer;31.8kB (virtual 626MB)
Nodes_Router_1;0B (virtual 582MB)
Gateways_Router_1;0B (virtual 582MB)
Gateway_1;13.3MB (virtual 2.21GB)
Rpc;67.2kB (virtual 721MB)
Node_5;4.56MB (virtual 726MB)
Node_4;4.55MB (virtual 726MB)
Node_3;4.56MB (virtual 726MB)
Node_2;4.56MB (virtual 726MB)
Devnet_Goshimmer;31.8kB (virtual 626MB)
Nodes_Router_1;0B (virtual 582MB)
Gateways_Router_1;0B (virtual 582MB)
Gateway_1;13.3MB (virtual 2.21GB)
Rpc;67.2kB (virtual 721MB)
Node_5;4.56MB (virtual 726MB)
Node_4;4.55MB (virtual 726MB)
Node_3;4.56MB (virtual 726MB)
Node_2;4.56MB (virtual 726MB)
Devnet_Goshimmer;31.8kB (virtual 626MB)
Nodes_Router_1;0B (virtual 582MB)
Gateways_Router_1;0B (virtual 582MB)
