Gateway_1;27;15.48%;2.84%;222.4MiB / 7.646GiB;3.63kB / 826B;0B / 16.4kB;6;29
Rpc;23;0.09%;0.23%;17.77MiB / 7.646GiB;43.5kB / 28.8kB;69.6kB / 102kB;6;29
Node_2;17;0.90%;0.18%;14.07MiB / 7.646GiB;68.3kB / 54.5kB;250kB / 209kB;6;29
Node_1;17;0.81%;0.19%;14.76MiB / 7.646GiB;87.7kB / 60.9kB;430kB / 209kB;6;29
Devnet_Goshimmer;18;212.65%;0.89%;69.72MiB / 7.646GiB;35kB / 46.9kB;0B / 77.8kB;6;29
Nodes_Router_1;2;0.00%;0.01%;852KiB / 7.646GiB;112kB / 86.6kB;0B / 0B;6;29
Gateways_Router_1;2;0.00%;0.01%;856KiB / 7.646GiB;29.4kB / 0B;0B / 0B;6;29
Gateway_1;27;16.20%;2.92%;228.6MiB / 7.646GiB;3.97kB / 826B;0B / 16.4kB;13;27
Rpc;23;0.02%;0.23%;17.83MiB / 7.646GiB;43.8kB / 28.9kB;69.6kB / 102kB;13;27
Node_2;17;0.83%;0.18%;14.11MiB / 7.646GiB;71.2kB / 55.6kB;250kB / 209kB;13;27
Node_1;17;0.75%;0.19%;14.81MiB / 7.646GiB;91kB / 62.2kB;430kB / 209kB;13;27
Devnet_Goshimmer;18;208.13%;0.89%;69.73MiB / 7.646GiB;37.6kB / 52.8kB;0B / 77.8kB;13;27
Nodes_Router_1;2;0.00%;0.01%;852KiB / 7.646GiB;119kB / 93.3kB;0B / 0B;13;27
Gateways_Router_1;2;0.00%;0.01%;856KiB / 7.646GiB;30.1kB / 0B;0B / 0B;13;27
Gateway_1;27;12.36%;2.87%;224.7MiB / 7.646GiB;4.08kB / 826B;0B / 16.4kB;21;27
Rpc;23;0.07%;0.23%;17.96MiB / 7.646GiB;43.9kB / 29kB;69.6kB / 102kB;21;27
Node_2;17;0.73%;0.18%;14.41MiB / 7.646GiB;74.4kB / 56.8kB;250kB / 209kB;21;27
Node_1;17;2.20%;0.18%;14.43MiB / 7.646GiB;93.7kB / 63.3kB;430kB / 209kB;21;27
Devnet_Goshimmer;18;207.71%;0.90%;70.1MiB / 7.646GiB;39.8kB / 58.6kB;0B / 77.8kB;21;27
Nodes_Router_1;2;0.00%;0.01%;852KiB / 7.646GiB;128kB / 103kB;0B / 0B;21;27
Gateways_Router_1;2;0.00%;0.01%;856KiB / 7.646GiB;30.1kB / 0B;0B / 0B;21;27
Gateway_1;29;23.00%;2.65%;207.3MiB / 7.646GiB;4.14kB / 826B;0B / 16.4kB;29;27
Rpc;23;0.04%;0.23%;18.02MiB / 7.646GiB;44.1kB / 29.2kB;69.6kB / 102kB;29;27
Node_2;17;0.83%;0.18%;14.09MiB / 7.646GiB;77.4kB / 58.2kB;250kB / 209kB;29;27
Node_1;17;0.89%;0.18%;14.48MiB / 7.646GiB;97.3kB / 64.9kB;430kB / 209kB;29;27
Devnet_Goshimmer;18;211.71%;0.89%;69.73MiB / 7.646GiB;42.1kB / 64.5kB;0B / 77.8kB;29;27
Nodes_Router_1;2;0.00%;0.01%;852KiB / 7.646GiB;136kB / 111kB;0B / 0B;29;27
Gateways_Router_1;2;0.00%;0.01%;856KiB / 7.646GiB;30.1kB / 0B;0B / 0B;29;27
Gateway_1;29;50.21%;2.47%;193.2MiB / 7.646GiB;4.25kB / 826B;0B / 16.4kB;37;30
Rpc;23;0.03%;0.23%;18.11MiB / 7.646GiB;44.1kB / 29.2kB;69.6kB / 102kB;37;30
Node_2;17;0.84%;0.18%;14.11MiB / 7.646GiB;80.6kB / 59.5kB;250kB / 209kB;37;30
Node_1;17;0.77%;0.19%;14.55MiB / 7.646GiB;100kB / 66kB;430kB / 209kB;37;30
Devnet_Goshimmer;18;208.87%;0.89%;69.86MiB / 7.646GiB;44.4kB / 70.3kB;0B / 77.8kB;37;30
Nodes_Router_1;2;0.00%;0.01%;852KiB / 7.646GiB;144kB / 119kB;0B / 0B;37;30
Gateways_Router_1;2;0.00%;0.01%;856KiB / 7.646GiB;30.2kB / 0B;0B / 0B;37;30
Gateway_1;29;40.25%;2.25%;176MiB / 7.646GiB;4.34kB / 826B;0B / 16.4kB;44;28
Rpc;23;0.04%;0.23%;18.16MiB / 7.646GiB;44.3kB / 29.3kB;69.6kB / 102kB;44;28
Node_2;17;0.83%;0.18%;14.27MiB / 7.646GiB;83.3kB / 60.6kB;250kB / 209kB;44;28
Node_1;17;1.40%;0.18%;14.22MiB / 7.646GiB;103kB / 67.1kB;430kB / 209kB;44;28
Devnet_Goshimmer;18;213.16%;0.89%;69.89MiB / 7.646GiB;46.6kB / 75.7kB;0B / 77.8kB;44;28
Nodes_Router_1;2;0.00%;0.01%;852KiB / 7.646GiB;152kB / 126kB;0B / 0B;44;28
Gateways_Router_1;2;0.00%;0.01%;856KiB / 7.646GiB;30.3kB / 0B;0B / 0B;44;28
Gateway_1;29;20.49%;2.06%;161.6MiB / 7.646GiB;4.45kB / 826B;0B / 16.4kB;52;28
Rpc;24;0.02%;0.23%;17.82MiB / 7.646GiB;44.5kB / 29.4kB;69.6kB / 102kB;52;28
Node_2;17;0.75%;0.18%;14.06MiB / 7.646GiB;86.3kB / 61.7kB;250kB / 209kB;52;28
Node_1;17;0.77%;0.18%;14.41MiB / 7.646GiB;106kB / 68.4kB;430kB / 209kB;52;28
Devnet_Goshimmer;18;211.00%;0.89%;69.91MiB / 7.646GiB;49.2kB / 81.9kB;0B / 77.8kB;52;28
Nodes_Router_1;2;0.00%;0.01%;852KiB / 7.646GiB;161kB / 135kB;0B / 0B;52;28
Gateways_Router_1;2;0.00%;0.01%;856KiB / 7.646GiB;30.8kB / 0B;0B / 0B;52;28
Gateway_1;29;20.81%;1.92%;150.2MiB / 7.646GiB;4.52kB / 826B;0B / 16.4kB;60;30
Rpc;24;0.04%;0.23%;17.85MiB / 7.646GiB;44.7kB / 29.6kB;69.6kB / 102kB;60;30
Node_2;17;0.79%;0.18%;14.19MiB / 7.646GiB;90.1kB / 63.2kB;250kB / 209kB;60;30
Node_1;17;0.86%;0.18%;14.38MiB / 7.646GiB;110kB / 69.9kB;430kB / 209kB;60;30
Devnet_Goshimmer;18;212.66%;0.89%;69.93MiB / 7.646GiB;51.6kB / 88kB;0B / 77.8kB;60;30
Nodes_Router_1;2;0.00%;0.01%;852KiB / 7.646GiB;168kB / 142kB;0B / 0B;60;30
Gateways_Router_1;2;0.00%;0.01%;856KiB / 7.646GiB;30.8kB / 0B;0B / 0B;60;30
Gateway_1;29;20.54%;1.87%;146.2MiB / 7.646GiB;4.62kB / 826B;0B / 16.4kB;68;28
Rpc;24;0.03%;0.23%;17.86MiB / 7.646GiB;44.9kB / 29.7kB;69.6kB / 102kB;68;28
Node_2;17;0.78%;0.18%;14.02MiB / 7.646GiB;92.8kB / 64.3kB;250kB / 209kB;68;28
Node_1;17;0.77%;0.18%;14.24MiB / 7.646GiB;113kB / 71.1kB;430kB / 209kB;68;28
Devnet_Goshimmer;18;208.08%;0.89%;69.92MiB / 7.646GiB;54kB / 93.8kB;0B / 77.8kB;68;28
Nodes_Router_1;2;0.00%;0.01%;852KiB / 7.646GiB;177kB / 151kB;0B / 0B;68;28
Gateways_Router_1;2;0.00%;0.01%;856KiB / 7.646GiB;30.8kB / 0B;0B / 0B;68;28
Gateway_1;29;20.35%;1.86%;145.3MiB / 7.646GiB;4.62kB / 826B;0B / 16.4kB;75;28
Rpc;24;0.09%;0.23%;17.88MiB / 7.646GiB;45kB / 29.8kB;69.6kB / 102kB;75;28
Node_2;17;0.87%;0.18%;14.14MiB / 7.646GiB;96.1kB / 65.7kB;250kB / 209kB;75;28
Node_1;17;0.88%;0.18%;14.32MiB / 7.646GiB;115kB / 72.1kB;430kB / 209kB;75;28
Devnet_Goshimmer;18;211.91%;0.89%;69.97MiB / 7.646GiB;56.3kB / 99.7kB;0B / 77.8kB;75;28
Nodes_Router_1;2;0.00%;0.01%;852KiB / 7.646GiB;185kB / 159kB;0B / 0B;75;28
Gateways_Router_1;2;0.00%;0.01%;856KiB / 7.646GiB;30.8kB / 0B;0B / 0B;75;28
Gateway_1;29;23.08%;1.86%;145.4MiB / 7.646GiB;4.62kB / 826B;0B / 16.4kB;83;29
Rpc;24;0.03%;0.23%;17.91MiB / 7.646GiB;45.1kB / 29.8kB;69.6kB / 102kB;83;29
Node_2;17;0.77%;0.18%;14.26MiB / 7.646GiB;98.8kB / 66.7kB;250kB / 209kB;83;29
Node_1;17;0.79%;0.18%;14.39MiB / 7.646GiB;118kB / 73.3kB;430kB / 209kB;83;29
Devnet_Goshimmer;18;211.52%;0.90%;70.08MiB / 7.646GiB;58.3kB / 105kB;0B / 77.8kB;83;29
Nodes_Router_1;2;0.00%;0.01%;852KiB / 7.646GiB;193kB / 166kB;0B / 0B;83;29
Gateways_Router_1;2;0.00%;0.01%;856KiB / 7.646GiB;30.8kB / 0B;0B / 0B;83;29
Gateway_1;29;27.43%;1.86%;145.7MiB / 7.646GiB;4.62kB / 826B;0B / 16.4kB;91;29
Rpc;24;0.06%;0.23%;17.93MiB / 7.646GiB;45.3kB / 30.1kB;69.6kB / 102kB;91;29
Node_2;17;0.79%;0.18%;14.14MiB / 7.646GiB;102kB / 68kB;250kB / 209kB;91;29
Node_1;17;0.82%;0.18%;14.31MiB / 7.646GiB;122kB / 74.9kB;430kB / 209kB;91;29
Devnet_Goshimmer;18;207.96%;0.89%;69.94MiB / 7.646GiB;60.7kB / 111kB;0B / 77.8kB;91;29
Nodes_Router_1;2;0.00%;0.01%;852KiB / 7.646GiB;201kB / 175kB;0B / 0B;91;29
Gateways_Router_1;2;0.00%;0.01%;856KiB / 7.646GiB;30.8kB / 0B;0B / 0B;91;29
Gateway_1;29;60.38%;2.25%;176.5MiB / 7.646GiB;5.6kB / 2.75kB;0B / 16.4kB;99;28
Rpc;24;0.26%;0.23%;18.15MiB / 7.646GiB;49.1kB / 34.1kB;69.6kB / 102kB;99;28
Node_2;17;0.92%;0.18%;14.17MiB / 7.646GiB;107kB / 70.5kB;250kB / 209kB;99;28
Node_1;17;2.14%;0.18%;14.38MiB / 7.646GiB;129kB / 79.4kB;430kB / 209kB;99;28
Devnet_Goshimmer;18;210.42%;0.90%;70.1MiB / 7.646GiB;63kB / 117kB;0B / 77.8kB;99;28
Nodes_Router_1;2;0.00%;0.01%;852KiB / 7.646GiB;214kB / 187kB;0B / 0B;99;28
Gateways_Router_1;2;0.00%;0.01%;856KiB / 7.646GiB;30.8kB / 0B;0B / 0B;99;28
Gateway_1;29;20.00%;2.26%;177MiB / 7.646GiB;9.5kB / 47.2kB;0B / 16.4kB;106;28
Rpc;27;0.09%;0.25%;19.38MiB / 7.646GiB;98.5kB / 70.3kB;69.6kB / 102kB;106;28
Node_2;17;0.85%;0.19%;14.85MiB / 7.646GiB;116kB / 77.3kB;250kB / 221kB;106;28
Node_1;18;0.87%;0.19%;15.02MiB / 7.646GiB;170kB / 92kB;430kB / 221kB;106;28
Devnet_Goshimmer;18;211.23%;0.90%;70.09MiB / 7.646GiB;66.2kB / 124kB;0B / 77.8kB;106;28
Nodes_Router_1;2;0.01%;0.01%;852KiB / 7.646GiB;260kB / 234kB;0B / 0B;106;28
Gateways_Router_1;2;0.00%;0.01%;856KiB / 7.646GiB;82kB / 51.2kB;0B / 0B;106;28
Gateway_1;29;19.83%;2.26%;177.2MiB / 7.646GiB;11.4kB / 49.3kB;0B / 16.4kB;114;28
Rpc;27;0.02%;0.26%;20.09MiB / 7.646GiB;131kB / 76.3kB;69.6kB / 102kB;114;28
Node_2;17;1.05%;0.20%;15.42MiB / 7.646GiB;137kB / 84.4kB;250kB / 291kB;114;28
Node_1;18;0.91%;0.20%;15.96MiB / 7.646GiB;183kB / 142kB;430kB / 291kB;114;28
Devnet_Goshimmer;18;208.45%;0.90%;70.15MiB / 7.646GiB;69.6kB / 131kB;0B / 77.8kB;114;28
Nodes_Router_1;2;0.00%;0.01%;852KiB / 7.646GiB;306kB / 280kB;0B / 0B;114;28
Gateways_Router_1;2;0.00%;0.01%;856KiB / 7.646GiB;86.1kB / 55.2kB;0B / 0B;114;28
Gateway_1;29;21.45%;2.26%;177.3MiB / 7.646GiB;16.4kB / 54.4kB;0B / 16.4kB;122;28
Rpc;27;0.02%;0.26%;20.64MiB / 7.646GiB;147kB / 89.2kB;69.6kB / 102kB;122;28
Node_2;17;0.89%;0.20%;15.71MiB / 7.646GiB;157kB / 96.2kB;250kB / 430kB;122;28
Node_1;18;0.85%;0.20%;15.79MiB / 7.646GiB;206kB / 169kB;430kB / 430kB;122;28
Devnet_Goshimmer;18;207.99%;0.90%;70.59MiB / 7.646GiB;74.2kB / 139kB;0B / 77.8kB;122;28
Nodes_Router_1;2;0.00%;0.01%;852KiB / 7.646GiB;337kB / 310kB;0B / 0B;122;28
Gateways_Router_1;2;0.00%;0.01%;856KiB / 7.646GiB;96.2kB / 64.9kB;0B / 0B;122;28
Gateway_1;29;20.84%;2.27%;177.4MiB / 7.646GiB;20kB / 57.6kB;0B / 16.4kB;130;29
Rpc;27;0.03%;0.27%;20.81MiB / 7.646GiB;155kB / 96.7kB;69.6kB / 102kB;130;29
Node_2;17;0.88%;0.20%;15.6MiB / 7.646GiB;166kB / 103kB;250kB / 446kB;130;29
Node_1;18;0.81%;0.20%;15.63MiB / 7.646GiB;219kB / 180kB;430kB / 446kB;130;29
Devnet_Goshimmer;18;213.82%;0.90%;70.71MiB / 7.646GiB;77.6kB / 146kB;0B / 77.8kB;130;29
Nodes_Router_1;2;0.00%;0.01%;852KiB / 7.646GiB;356kB / 328kB;0B / 0B;130;29
Gateways_Router_1;2;0.00%;0.01%;856KiB / 7.646GiB;104kB / 71.1kB;0B / 0B;130;29
Gateway_1;29;22.25%;2.29%;179MiB / 7.646GiB;24.8kB / 62.6kB;0B / 16.4kB;137;28
Rpc;27;0.03%;0.27%;20.76MiB / 7.646GiB;168kB / 108kB;69.6kB / 102kB;137;28
Node_2;17;0.82%;0.21%;16.42MiB / 7.646GiB;179kB / 114kB;250kB / 623kB;137;28
Node_1;18;0.82%;0.21%;16.29MiB / 7.646GiB;238kB / 199kB;430kB / 623kB;137;28
Devnet_Goshimmer;18;210.42%;0.90%;70.59MiB / 7.646GiB;81.8kB / 154kB;0B / 77.8kB;137;28
Nodes_Router_1;2;0.00%;0.01%;852KiB / 7.646GiB;382kB / 354kB;0B / 0B;137;28
Gateways_Router_1;2;0.00%;0.01%;856KiB / 7.646GiB;113kB / 80.9kB;0B / 0B;137;28
Gateway_1;29;23.19%;2.27%;177.4MiB / 7.646GiB;27.7kB / 67.3kB;0B / 16.4kB;145;29
Rpc;27;0.21%;0.27%;20.82MiB / 7.646GiB;179kB / 119kB;69.6kB / 102kB;145;29
Node_2;17;0.91%;0.20%;15.69MiB / 7.646GiB;189kB / 122kB;250kB / 639kB;145;29
Node_1;18;1.74%;0.21%;16.61MiB / 7.646GiB;256kB / 214kB;430kB / 639kB;145;29
Devnet_Goshimmer;18;208.91%;0.90%;70.76MiB / 7.646GiB;84.9kB / 160kB;0B / 77.8kB;145;29
Nodes_Router_1;2;0.00%;0.01%;852KiB / 7.646GiB;406kB / 378kB;0B / 0B;145;29
Gateways_Router_1;2;0.00%;0.01%;856KiB / 7.646GiB;119kB / 86.7kB;0B / 0B;145;29
Gateway_1;29;22.73%;2.27%;177.5MiB / 7.646GiB;30.3kB / 70.7kB;0B / 16.4kB;153;29
Rpc;27;0.02%;0.27%;20.91MiB / 7.646GiB;187kB / 127kB;69.6kB / 102kB;153;29
Node_2;17;0.80%;0.20%;15.77MiB / 7.646GiB;199kB / 129kB;250kB / 655kB;153;29
Node_1;18;0.83%;0.21%;16.52MiB / 7.646GiB;270kB / 226kB;430kB / 655kB;153;29
Devnet_Goshimmer;18;211.44%;0.90%;70.79MiB / 7.646GiB;88.2kB / 167kB;0B / 77.8kB;153;29
Nodes_Router_1;2;0.00%;0.01%;852KiB / 7.646GiB;426kB / 397kB;0B / 0B;153;29
Gateways_Router_1;2;0.00%;0.01%;856KiB / 7.646GiB;127kB / 94.5kB;0B / 0B;153;29
Gateway_1;29;20.65%;2.27%;177.6MiB / 7.646GiB;32.9kB / 74.1kB;0B / 16.4kB;161;30
Rpc;27;0.07%;0.27%;21.04MiB / 7.646GiB;195kB / 134kB;69.6kB / 102kB;161;30
Node_2;17;0.87%;0.21%;16.05MiB / 7.646GiB;208kB / 135kB;250kB / 672kB;161;30
Node_1;18;0.75%;0.21%;16.62MiB / 7.646GiB;283kB / 238kB;430kB / 672kB;161;30
Devnet_Goshimmer;18;211.18%;0.90%;70.72MiB / 7.646GiB;91.3kB / 174kB;0B / 77.8kB;161;30
Nodes_Router_1;2;0.00%;0.01%;852KiB / 7.646GiB;445kB / 417kB;0B / 0B;161;30
Gateways_Router_1;2;0.00%;0.01%;856KiB / 7.646GiB;133kB / 100kB;0B / 0B;161;30
Gateway_1;29;19.18%;2.27%;177.8MiB / 7.646GiB;35.5kB / 77.4kB;0B / 16.4kB;168;28
Rpc;27;0.02%;0.27%;21.13MiB / 7.646GiB;202kB / 142kB;69.6kB / 102kB;168;28
Node_2;17;0.86%;0.20%;15.97MiB / 7.646GiB;217kB / 142kB;250kB / 852kB;168;28
Node_1;18;0.82%;0.21%;16.78MiB / 7.646GiB;296kB / 250kB;430kB / 852kB;168;28
Devnet_Goshimmer;18;208.14%;0.90%;70.79MiB / 7.646GiB;94.6kB / 181kB;0B / 77.8kB;168;28
Nodes_Router_1;2;0.00%;0.01%;852KiB / 7.646GiB;464kB / 436kB;0B / 0B;168;28
Gateways_Router_1;2;0.00%;0.01%;856KiB / 7.646GiB;139kB / 106kB;0B / 0B;168;28
Gateway_1;29;22.31%;2.27%;177.9MiB / 7.646GiB;40.5kB / 82.6kB;0B / 16.4kB;176;28
Rpc;27;0.32%;0.26%;20.57MiB / 7.646GiB;215kB / 154kB;69.6kB / 102kB;176;28
Node_2;17;6.47%;0.21%;16.09MiB / 7.646GiB;230kB / 153kB;250kB / 885kB;176;28
Node_1;18;7.31%;0.21%;16.71MiB / 7.646GiB;316kB / 267kB;430kB / 885kB;176;28
Devnet_Goshimmer;18;207.58%;0.90%;70.34MiB / 7.646GiB;99kB / 190kB;0B / 77.8kB;176;28
Nodes_Router_1;2;0.00%;0.01%;852KiB / 7.646GiB;492kB / 463kB;0B / 0B;176;28
Gateways_Router_1;2;0.00%;0.01%;856KiB / 7.646GiB;145kB / 112kB;0B / 0B;176;28
Gateway_1;29;25.69%;2.27%;177.8MiB / 7.646GiB;43.4kB / 87.4kB;0B / 16.4kB;184;28
Rpc;27;0.17%;0.27%;20.78MiB / 7.646GiB;226kB / 165kB;69.6kB / 102kB;184;28
Node_2;17;1.02%;0.21%;16.14MiB / 7.646GiB;240kB / 161kB;250kB / 901kB;184;28
Node_1;18;1.41%;0.22%;17.12MiB / 7.646GiB;334kB / 283kB;430kB / 901kB;184;28
Devnet_Goshimmer;18;208.27%;0.90%;70.4MiB / 7.646GiB;102kB / 197kB;0B / 77.8kB;184;28
Nodes_Router_1;2;0.00%;0.01%;852KiB / 7.646GiB;516kB / 487kB;0B / 0B;184;28
Gateways_Router_1;2;0.00%;0.01%;856KiB / 7.646GiB;156kB / 122kB;0B / 0B;184;28
Gateway_1;29;19.86%;2.27%;177.9MiB / 7.646GiB;46kB / 90.9kB;0B / 16.4kB;192;29
Rpc;27;0.03%;0.27%;21MiB / 7.646GiB;234kB / 172kB;69.6kB / 102kB;192;29
Node_2;17;0.90%;0.21%;16.26MiB / 7.646GiB;250kB / 168kB;250kB / 1.11MB;192;29
Node_1;18;0.84%;0.22%;17.03MiB / 7.646GiB;348kB / 294kB;430kB / 1.11MB;192;29
Devnet_Goshimmer;18;210.25%;0.90%;70.28MiB / 7.646GiB;106kB / 203kB;0B / 77.8kB;192;29
Nodes_Router_1;2;0.00%;0.01%;852KiB / 7.646GiB;535kB / 506kB;0B / 0B;192;29
Gateways_Router_1;2;0.00%;0.01%;856KiB / 7.646GiB;163kB / 130kB;0B / 0B;192;29
Gateway_1;29;21.03%;2.27%;177.9MiB / 7.646GiB;48.6kB / 94.1kB;0B / 16.4kB;199;29
Rpc;27;0.02%;0.27%;21.15MiB / 7.646GiB;242kB / 180kB;69.6kB / 102kB;199;29
Node_2;17;0.84%;0.21%;16.29MiB / 7.646GiB;259kB / 175kB;250kB / 1.12MB;199;29
Node_1;18;0.80%;0.22%;17.05MiB / 7.646GiB;362kB / 306kB;430kB / 1.12MB;199;29
Devnet_Goshimmer;18;208.05%;0.90%;70.32MiB / 7.646GiB;109kB / 210kB;0B / 77.8kB;199;29
Nodes_Router_1;2;0.00%;0.01%;852KiB / 7.646GiB;555kB / 526kB;0B / 0B;199;29
Gateways_Router_1;2;0.00%;0.01%;856KiB / 7.646GiB;169kB / 136kB;0B / 0B;199;29
Gateway_1;29;20.42%;2.27%;178MiB / 7.646GiB;51.2kB / 97.5kB;0B / 16.4kB;207;28
Rpc;27;0.03%;0.27%;21.44MiB / 7.646GiB;251kB / 188kB;69.6kB / 102kB;207;28
Node_2;17;0.80%;0.21%;16.46MiB / 7.646GiB;268kB / 182kB;250kB / 1.14MB;207;28
Node_1;18;0.87%;0.21%;16.74MiB / 7.646GiB;375kB / 317kB;430kB / 1.14MB;207;28
Devnet_Goshimmer;18;209.09%;0.90%;70.71MiB / 7.646GiB;112kB / 217kB;0B / 77.8kB;207;28
Nodes_Router_1;2;0.00%;0.01%;852KiB / 7.646GiB;574kB / 546kB;0B / 0B;207;28
Gateways_Router_1;2;0.00%;0.01%;856KiB / 7.646GiB;175kB / 142kB;0B / 0B;207;28
Gateway_1;29;21.01%;2.27%;178MiB / 7.646GiB;53.8kB / 101kB;0B / 16.4kB;215;28
Rpc;27;0.04%;0.27%;21.23MiB / 7.646GiB;258kB / 195kB;69.6kB / 102kB;215;28
Node_2;18;0.96%;0.21%;16.59MiB / 7.646GiB;278kB / 189kB;250kB / 1.15MB;215;28
Node_1;18;0.90%;0.22%;17.51MiB / 7.646GiB;389kB / 329kB;430kB / 1.15MB;215;28
Devnet_Goshimmer;18;209.46%;0.90%;70.54MiB / 7.646GiB;115kB / 224kB;0B / 77.8kB;215;28
Nodes_Router_1;2;0.00%;0.01%;852KiB / 7.646GiB;594kB / 565kB;0B / 0B;215;28
Gateways_Router_1;2;0.00%;0.01%;856KiB / 7.646GiB;181kB / 148kB;0B / 0B;215;28
Gateway_1;29;27.78%;2.28%;178.2MiB / 7.646GiB;58.6kB / 106kB;0B / 16.4kB;223;30
Rpc;27;0.25%;0.27%;21.41MiB / 7.646GiB;271kB / 207kB;69.6kB / 102kB;223;30
Node_2;18;1.10%;0.21%;16.79MiB / 7.646GiB;289kB / 199kB;250kB / 1.4MB;223;30
Node_1;18;1.96%;0.22%;17.3MiB / 7.646GiB;407kB / 346kB;430kB / 1.4MB;223;30
Devnet_Goshimmer;18;213.43%;0.90%;70.54MiB / 7.646GiB;119kB / 232kB;0B / 77.8kB;223;30
Nodes_Router_1;2;0.00%;0.01%;852KiB / 7.646GiB;619kB / 591kB;0B / 0B;223;30
Gateways_Router_1;2;0.00%;0.01%;856KiB / 7.646GiB;191kB / 158kB;0B / 0B;223;30
Gateway_1;29;22.75%;2.27%;178.1MiB / 7.646GiB;61.5kB / 111kB;0B / 16.4kB;230;33
Rpc;27;0.22%;0.28%;21.57MiB / 7.646GiB;282kB / 218kB;69.6kB / 102kB;230;33
Node_2;18;1.46%;0.21%;16.76MiB / 7.646GiB;300kB / 207kB;250kB / 1.42MB;230;33
Node_1;18;1.38%;0.22%;17.4MiB / 7.646GiB;425kB / 361kB;430kB / 1.42MB;230;33
Devnet_Goshimmer;18;210.09%;0.90%;70.57MiB / 7.646GiB;123kB / 239kB;0B / 77.8kB;230;33
Nodes_Router_1;2;0.00%;0.01%;852KiB / 7.646GiB;644kB / 615kB;0B / 0B;230;33
Gateways_Router_1;2;0.00%;0.01%;856KiB / 7.646GiB;197kB / 164kB;0B / 0B;230;33
Gateway_1;29;20.28%;2.28%;178.4MiB / 7.646GiB;64.1kB / 114kB;0B / 16.4kB;238;29
Rpc;27;0.02%;0.27%;21.49MiB / 7.646GiB;290kB / 226kB;69.6kB / 102kB;238;29
Node_2;18;0.85%;0.23%;18.16MiB / 7.646GiB;310kB / 214kB;250kB / 1.43MB;238;29
Node_1;18;0.87%;0.22%;17.31MiB / 7.646GiB;439kB / 373kB;430kB / 1.43MB;238;29
Devnet_Goshimmer;18;210.69%;0.90%;70.57MiB / 7.646GiB;126kB / 246kB;0B / 77.8kB;238;29
Nodes_Router_1;2;0.00%;0.01%;852KiB / 7.646GiB;663kB / 635kB;0B / 0B;238;29
Gateways_Router_1;2;0.00%;0.01%;856KiB / 7.646GiB;205kB / 172kB;0B / 0B;238;29
Gateway_1;29;21.11%;2.28%;178.3MiB / 7.646GiB;67.6kB / 118kB;0B / 16.4kB;246;30
Rpc;27;0.08%;0.28%;21.6MiB / 7.646GiB;299kB / 233kB;69.6kB / 102kB;246;30
Node_2;18;0.91%;0.21%;16.83MiB / 7.646GiB;320kB / 221kB;250kB / 1.69MB;246;30
Node_1;18;0.74%;0.22%;17.47MiB / 7.646GiB;453kB / 385kB;430kB / 1.69MB;246;30
Devnet_Goshimmer;18;210.08%;0.90%;70.76MiB / 7.646GiB;130kB / 253kB;0B / 77.8kB;246;30
Nodes_Router_1;2;0.00%;0.01%;852KiB / 7.646GiB;685kB / 654kB;0B / 0B;246;30
Gateways_Router_1;2;0.00%;0.01%;856KiB / 7.646GiB;213kB / 178kB;0B / 0B;246;30
Gateway_1;29;19.75%;2.28%;178.5MiB / 7.646GiB;70.2kB / 121kB;0B / 16.4kB;254;29
Rpc;27;0.02%;0.28%;21.74MiB / 7.646GiB;307kB / 241kB;69.6kB / 102kB;254;29
Node_2;18;0.85%;0.21%;16.64MiB / 7.646GiB;329kB / 227kB;250kB / 1.71MB;254;29
Node_1;18;0.76%;0.22%;17.15MiB / 7.646GiB;467kB / 397kB;430kB / 1.71MB;254;29
Devnet_Goshimmer;18;210.52%;0.91%;70.89MiB / 7.646GiB;133kB / 260kB;0B / 77.8kB;254;29
Nodes_Router_1;2;0.00%;0.01%;852KiB / 7.646GiB;704kB / 673kB;0B / 0B;254;29
Gateways_Router_1;2;0.00%;0.01%;856KiB / 7.646GiB;218kB / 183kB;0B / 0B;254;29
Gateway_1;29;20.12%;2.28%;178.4MiB / 7.646GiB;72.9kB / 124kB;0B / 16.4kB;261;29
Rpc;27;0.04%;0.28%;21.86MiB / 7.646GiB;315kB / 248kB;69.6kB / 102kB;261;29
Node_2;18;5.17%;0.22%;17.27MiB / 7.646GiB;341kB / 237kB;250kB / 1.74MB;261;29
Node_1;18;5.58%;0.23%;18.31MiB / 7.646GiB;484kB / 413kB;430kB / 1.74MB;261;29
Devnet_Goshimmer;18;211.03%;0.90%;70.77MiB / 7.646GiB;137kB / 268kB;0B / 77.8kB;261;29
Nodes_Router_1;2;0.00%;0.01%;852KiB / 7.646GiB;726kB / 695kB;0B / 0B;261;29
Gateways_Router_1;2;0.00%;0.01%;856KiB / 7.646GiB;224kB / 189kB;0B / 0B;261;29
Gateway_1;29;22.20%;2.28%;178.5MiB / 7.646GiB;77.7kB / 130kB;0B / 16.4kB;269;28
Rpc;27;0.03%;0.28%;22.01MiB / 7.646GiB;328kB / 260kB;69.6kB / 102kB;269;28
Node_2;18;0.85%;0.22%;16.84MiB / 7.646GiB;350kB / 244kB;250kB / 2.03MB;269;28
Node_1;18;0.98%;0.23%;17.85MiB / 7.646GiB;500kB / 428kB;430kB / 2.03MB;269;28
Devnet_Goshimmer;18;209.03%;0.90%;70.79MiB / 7.646GiB;141kB / 275kB;0B / 77.8kB;269;28
Nodes_Router_1;2;0.00%;0.01%;852KiB / 7.646GiB;750kB / 720kB;0B / 0B;269;28
Gateways_Router_1;2;0.00%;0.01%;856KiB / 7.646GiB;235kB / 200kB;0B / 0B;269;28
Gateway_1;29;23.68%;2.28%;178.7MiB / 7.646GiB;80.7kB / 134kB;0B / 16.4kB;277;28
Rpc;27;0.03%;0.28%;22.12MiB / 7.646GiB;339kB / 271kB;69.6kB / 102kB;277;28
Node_2;18;0.94%;0.22%;17.11MiB / 7.646GiB;361kB / 252kB;250kB / 2.04MB;277;28
Node_1;18;0.89%;0.23%;17.95MiB / 7.646GiB;517kB / 442kB;430kB / 2.04MB;277;28
Devnet_Goshimmer;18;209.15%;0.91%;70.96MiB / 7.646GiB;144kB / 281kB;0B / 77.8kB;277;28
Nodes_Router_1;2;0.00%;0.01%;852KiB / 7.646GiB;774kB / 743kB;0B / 0B;277;28
Gateways_Router_1;2;0.00%;0.01%;856KiB / 7.646GiB;242kB / 207kB;0B / 0B;277;28
Gateway_1;29;20.65%;2.28%;178.7MiB / 7.646GiB;83.3kB / 138kB;0B / 16.4kB;285;31
Rpc;27;0.02%;0.28%;22.19MiB / 7.646GiB;347kB / 279kB;69.6kB / 102kB;285;31
Node_2;18;0.88%;0.21%;16.76MiB / 7.646GiB;371kB / 258kB;250kB / 2.06MB;285;31
Node_1;18;0.93%;0.23%;18.12MiB / 7.646GiB;531kB / 455kB;430kB / 2.06MB;285;31
Devnet_Goshimmer;18;209.45%;0.91%;70.98MiB / 7.646GiB;147kB / 288kB;0B / 77.8kB;285;31
Nodes_Router_1;2;0.00%;0.01%;852KiB / 7.646GiB;793kB / 762kB;0B / 0B;285;31
Gateways_Router_1;2;0.00%;0.01%;856KiB / 7.646GiB;248kB / 213kB;0B / 0B;285;31
Gateway_1;29;22.40%;2.28%;178.8MiB / 7.646GiB;85.9kB / 141kB;0B / 16.4kB;292;29
Rpc;27;0.03%;0.28%;22.23MiB / 7.646GiB;355kB / 286kB;69.6kB / 102kB;292;29
Node_2;18;0.84%;0.21%;16.8MiB / 7.646GiB;380kB / 265kB;250kB / 2.08MB;292;29
Node_1;18;0.80%;0.23%;17.94MiB / 7.646GiB;545kB / 467kB;430kB / 2.08MB;292;29
Devnet_Goshimmer;18;209.36%;0.91%;71MiB / 7.646GiB;150kB / 296kB;0B / 77.8kB;292;29
Nodes_Router_1;2;0.00%;0.01%;852KiB / 7.646GiB;814kB / 783kB;0B / 0B;292;29
Gateways_Router_1;2;0.00%;0.01%;856KiB / 7.646GiB;254kB / 219kB;0B / 0B;292;29
Gateway_1;29;21.11%;2.28%;178.8MiB / 7.646GiB;88.5kB / 144kB;0B / 16.4kB;300;28
Rpc;27;0.04%;0.27%;21.22MiB / 7.646GiB;363kB / 294kB;69.6kB / 102kB;300;28
Node_2;18;1.55%;0.23%;17.9MiB / 7.646GiB;389kB / 272kB;250kB / 2.38MB;300;28
Node_1;18;0.78%;0.23%;18.21MiB / 7.646GiB;558kB / 478kB;430kB / 2.38MB;300;28
Devnet_Goshimmer;18;211.14%;0.91%;71MiB / 7.646GiB;154kB / 303kB;0B / 77.8kB;300;28
Nodes_Router_1;2;0.00%;0.01%;852KiB / 7.646GiB;833kB / 803kB;0B / 0B;300;28
Gateways_Router_1;2;0.00%;0.01%;856KiB / 7.646GiB;260kB / 225kB;0B / 0B;300;28
Gateway_1;29;22.05%;2.28%;178.9MiB / 7.646GiB;93.3kB / 150kB;0B / 16.4kB;308;28
Rpc;27;0.22%;0.27%;21.22MiB / 7.646GiB;375kB / 306kB;69.6kB / 102kB;308;28
Node_2;18;5.40%;0.23%;18.16MiB / 7.646GiB;401kB / 282kB;250kB / 2.42MB;308;28
Node_1;18;6.56%;0.23%;18.32MiB / 7.646GiB;577kB / 496kB;430kB / 2.42MB;308;28
Devnet_Goshimmer;18;207.77%;0.91%;71.28MiB / 7.646GiB;157kB / 311kB;0B / 77.8kB;308;28
Nodes_Router_1;2;0.00%;0.01%;852KiB / 7.646GiB;859kB / 828kB;0B / 0B;308;28
Gateways_Router_1;2;0.00%;0.01%;856KiB / 7.646GiB;266kB / 231kB;0B / 0B;308;28
Gateway_1;29;22.77%;2.29%;179.1MiB / 7.646GiB;96.2kB / 155kB;0B / 16.4kB;316;28
Rpc;27;0.24%;0.27%;21.25MiB / 7.646GiB;383kB / 314kB;69.6kB / 102kB;316;28
Node_2;18;0.96%;0.22%;17.39MiB / 7.646GiB;412kB / 290kB;250kB / 2.43MB;316;28
Node_1;18;1.32%;0.24%;18.58MiB / 7.646GiB;595kB / 512kB;430kB / 2.43MB;316;28
Devnet_Goshimmer;18;211.72%;0.91%;71.2MiB / 7.646GiB;161kB / 318kB;0B / 77.8kB;316;28
Nodes_Router_1;2;0.00%;0.01%;852KiB / 7.646GiB;883kB / 852kB;0B / 0B;316;28
Gateways_Router_1;2;0.00%;0.01%;856KiB / 7.646GiB;278kB / 243kB;0B / 0B;316;28
Gateway_1;29;20.27%;2.29%;179MiB / 7.646GiB;98.8kB / 158kB;0B / 16.4kB;323;29
Rpc;27;0.02%;0.27%;21.33MiB / 7.646GiB;394kB / 324kB;69.6kB / 102kB;323;29
Node_2;18;0.92%;0.22%;17.25MiB / 7.646GiB;420kB / 296kB;250kB / 2.76MB;323;29
Node_1;18;0.83%;0.23%;18.33MiB / 7.646GiB;609kB / 524kB;430kB / 2.76MB;323;29
Devnet_Goshimmer;18;208.49%;0.91%;71.2MiB / 7.646GiB;164kB / 324kB;0B / 77.8kB;323;29
Nodes_Router_1;2;0.00%;0.01%;852KiB / 7.646GiB;902kB / 871kB;0B / 0B;323;29
Gateways_Router_1;2;0.00%;0.01%;856KiB / 7.646GiB;284kB / 249kB;0B / 0B;323;29
Gateway_1;29;23.56%;2.29%;179.1MiB / 7.646GiB;101kB / 161kB;0B / 16.4kB;331;30
Rpc;27;0.08%;0.27%;21.44MiB / 7.646GiB;402kB / 332kB;69.6kB / 102kB;331;30
Node_2;18;1.75%;0.22%;17.23MiB / 7.646GiB;430kB / 303kB;250kB / 2.78MB;331;30
Node_1;18;0.81%;0.24%;18.74MiB / 7.646GiB;622kB / 536kB;430kB / 2.78MB;331;30
Devnet_Goshimmer;18;208.36%;0.91%;71.36MiB / 7.646GiB;167kB / 331kB;0B / 77.8kB;331;30
Nodes_Router_1;2;0.00%;0.01%;852KiB / 7.646GiB;921kB / 891kB;0B / 0B;331;30
Gateways_Router_1;2;0.00%;0.01%;856KiB / 7.646GiB;290kB / 255kB;0B / 0B;331;30
Gateway_1;29;21.26%;2.29%;179.2MiB / 7.646GiB;104kB / 164kB;0B / 16.4kB;339;29
Rpc;27;0.02%;0.27%;21.45MiB / 7.646GiB;410kB / 340kB;69.6kB / 102kB;339;29
Node_2;18;0.85%;0.23%;18.36MiB / 7.646GiB;439kB / 309kB;250kB / 2.79MB;339;29
Node_1;18;0.83%;0.24%;18.44MiB / 7.646GiB;636kB / 548kB;430kB / 2.79MB;339;29
Devnet_Goshimmer;18;211.82%;0.91%;71.5MiB / 7.646GiB;170kB / 338kB;0B / 77.8kB;339;29
Nodes_Router_1;2;0.00%;0.01%;852KiB / 7.646GiB;941kB / 910kB;0B / 0B;339;29
Gateways_Router_1;2;0.00%;0.01%;856KiB / 7.646GiB;296kB / 261kB;0B / 0B;339;29
Gateway_1;29;21.39%;2.29%;179.2MiB / 7.646GiB;107kB / 168kB;0B / 16.4kB;347;28
Rpc;27;0.03%;0.28%;21.66MiB / 7.646GiB;418kB / 347kB;69.6kB / 102kB;347;28
Node_2;18;1.19%;0.22%;17.47MiB / 7.646GiB;449kB / 317kB;250kB / 2.81MB;347;28
Node_1;18;0.76%;0.24%;19.07MiB / 7.646GiB;649kB / 559kB;430kB / 2.81MB;347;28
Devnet_Goshimmer;18;213.03%;0.92%;71.83MiB / 7.646GiB;174kB / 345kB;0B / 77.8kB;347;28
Nodes_Router_1;2;0.00%;0.01%;852KiB / 7.646GiB;960kB / 930kB;0B / 0B;347;28
Gateways_Router_1;2;0.00%;0.01%;856KiB / 7.646GiB;302kB / 267kB;0B / 0B;347;28
Gateway_1;29;21.70%;2.29%;179.4MiB / 7.646GiB;111kB / 173kB;0B / 16.4kB;354;28
Rpc;27;0.23%;0.28%;21.79MiB / 7.646GiB;431kB / 359kB;69.6kB / 102kB;354;28
Node_2;18;0.98%;0.24%;18.83MiB / 7.646GiB;461kB / 326kB;250kB / 3.17MB;354;28
Node_1;18;1.64%;0.24%;18.95MiB / 7.646GiB;668kB / 577kB;430kB / 3.17MB;354;28
Devnet_Goshimmer;18;211.32%;0.91%;71.46MiB / 7.646GiB;178kB / 353kB;0B / 77.8kB;354;28
Nodes_Router_1;2;0.00%;0.01%;852KiB / 7.646GiB;987kB / 956kB;0B / 0B;354;28
Gateways_Router_1;2;0.00%;0.01%;856KiB / 7.646GiB;312kB / 277kB;0B / 0B;354;28
Gateway_1;29;21.74%;2.29%;179.4MiB / 7.646GiB;115kB / 178kB;0B / 16.4kB;362;28
Rpc;27;0.19%;0.27%;21.41MiB / 7.646GiB;442kB / 370kB;69.6kB / 102kB;362;28
Node_2;18;0.92%;0.26%;20.08MiB / 7.646GiB;472kB / 335kB;250kB / 3.19MB;362;28
Node_1;18;1.24%;0.24%;19.12MiB / 7.646GiB;686kB / 592kB;430kB / 3.19MB;362;28
Devnet_Goshimmer;18;209.21%;0.91%;71.51MiB / 7.646GiB;181kB / 361kB;0B / 77.8kB;362;28
Nodes_Router_1;2;0.00%;0.01%;852KiB / 7.646GiB;1.01MB / 980kB;0B / 0B;362;28
Gateways_Router_1;2;0.00%;0.01%;856KiB / 7.646GiB;318kB / 283kB;0B / 0B;362;28
Gateway_1;29;26.17%;2.29%;179.6MiB / 7.646GiB;118kB / 181kB;0B / 16.4kB;370;28
Rpc;27;0.04%;0.28%;21.56MiB / 7.646GiB;451kB / 377kB;69.6kB / 102kB;370;28
Node_2;18;0.80%;0.23%;18.36MiB / 7.646GiB;482kB / 342kB;250kB / 3.21MB;370;28
Node_1;18;0.74%;0.24%;19MiB / 7.646GiB;700kB / 604kB;430kB / 3.21MB;370;28
Devnet_Goshimmer;18;210.52%;0.92%;71.68MiB / 7.646GiB;185kB / 367kB;0B / 77.8kB;370;28
Nodes_Router_1;2;0.00%;0.01%;852KiB / 7.646GiB;1.03MB / 999kB;0B / 0B;370;28
Gateways_Router_1;2;0.00%;0.01%;856KiB / 7.646GiB;327kB / 290kB;0B / 0B;370;28
Gateway_1;29;22.31%;2.33%;182.5MiB / 7.646GiB;120kB / 185kB;0B / 16.4kB;378;28
Rpc;27;0.03%;0.28%;21.73MiB / 7.646GiB;459kB / 385kB;69.6kB / 102kB;378;28
Node_2;18;0.75%;0.25%;19.25MiB / 7.646GiB;491kB / 349kB;250kB / 3.58MB;378;28
Node_1;18;0.88%;0.24%;19.16MiB / 7.646GiB;715kB / 616kB;430kB / 3.58MB;378;28
Devnet_Goshimmer;18;208.97%;0.92%;71.84MiB / 7.646GiB;188kB / 374kB;0B / 77.8kB;378;28
Nodes_Router_1;2;0.00%;0.01%;852KiB / 7.646GiB;1.05MB / 1.02MB;0B / 0B;378;28
Gateways_Router_1;2;0.00%;0.01%;856KiB / 7.646GiB;333kB / 296kB;0B / 0B;378;28
Gateway_1;29;24.29%;2.33%;182.6MiB / 7.646GiB;123kB / 188kB;0B / 16.4kB;385;29
Rpc;27;0.08%;0.27%;21.14MiB / 7.646GiB;467kB / 392kB;69.6kB / 102kB;385;29
Node_2;18;0.89%;0.26%;20.32MiB / 7.646GiB;500kB / 356kB;250kB / 3.6MB;385;29
Node_1;18;0.83%;0.24%;19.05MiB / 7.646GiB;728kB / 627kB;430kB / 3.6MB;385;29
Devnet_Goshimmer;18;212.82%;0.92%;72.05MiB / 7.646GiB;192kB / 382kB;0B / 77.8kB;385;29
Nodes_Router_1;2;0.00%;0.01%;852KiB / 7.646GiB;1.07MB / 1.04MB;0B / 0B;385;29
Gateways_Router_1;2;0.00%;0.01%;856KiB / 7.646GiB;339kB / 302kB;0B / 0B;385;29
Gateway_1;29;20.49%;2.33%;182.7MiB / 7.646GiB;128kB / 193kB;0B / 16.4kB;393;28
Rpc;27;0.26%;0.27%;21.26MiB / 7.646GiB;480kB / 404kB;69.6kB / 102kB;393;28
Node_2;18;5.24%;0.24%;19.12MiB / 7.646GiB;512kB / 365kB;250kB / 3.63MB;393;28
Node_1;18;2.23%;0.25%;19.36MiB / 7.646GiB;747kB / 645kB;430kB / 3.63MB;393;28
Devnet_Goshimmer;18;205.54%;0.92%;72.31MiB / 7.646GiB;196kB / 389kB;0B / 77.8kB;393;28
Nodes_Router_1;2;0.00%;0.01%;852KiB / 7.646GiB;1.1MB / 1.06MB;0B / 0B;393;28
Gateways_Router_1;2;0.00%;0.01%;856KiB / 7.646GiB;349kB / 312kB;0B / 0B;393;28
Gateway_1;29;23.45%;2.33%;182.7MiB / 7.646GiB;131kB / 198kB;0B / 16.4kB;401;28
Rpc;27;0.24%;0.27%;21.31MiB / 7.646GiB;487kB / 412kB;69.6kB / 102kB;401;28
Node_2;18;1.28%;0.23%;18.07MiB / 7.646GiB;521kB / 372kB;250kB / 4.03MB;401;28
Node_1;18;2.58%;0.24%;18.96MiB / 7.646GiB;759kB / 656kB;430kB / 4.03MB;401;28
Devnet_Goshimmer;18;210.00%;0.92%;72.39MiB / 7.646GiB;199kB / 396kB;0B / 77.8kB;401;28
Nodes_Router_1;2;0.00%;0.01%;852KiB / 7.646GiB;1.12MB / 1.09MB;0B / 0B;401;28
Gateways_Router_1;2;0.00%;0.01%;856KiB / 7.646GiB;357kB / 320kB;0B / 0B;401;28
Gateway_1;29;23.50%;2.33%;182.8MiB / 7.646GiB;133kB / 201kB;0B / 16.4kB;409;28
Rpc;27;0.03%;0.27%;21.43MiB / 7.646GiB;498kB / 423kB;69.6kB / 102kB;409;28
Node_2;18;0.82%;0.25%;19.21MiB / 7.646GiB;533kB / 381kB;250kB / 4.05MB;409;28
Node_1;18;0.87%;0.25%;19.39MiB / 7.646GiB;778kB / 672kB;430kB / 4.05MB;409;28
Devnet_Goshimmer;18;210.57%;0.92%;72.41MiB / 7.646GiB;202kB / 403kB;0B / 77.8kB;409;28
Nodes_Router_1;2;0.00%;0.01%;852KiB / 7.646GiB;1.14MB / 1.11MB;0B / 0B;409;28
Gateways_Router_1;2;0.00%;0.01%;856KiB / 7.646GiB;363kB / 326kB;0B / 0B;409;28
Gateway_1;29;21.07%;2.33%;182.8MiB / 7.646GiB;136kB / 204kB;0B / 16.4kB;416;29
Rpc;27;0.10%;0.28%;21.59MiB / 7.646GiB;506kB / 431kB;69.6kB / 102kB;416;29
Node_2;18;0.81%;0.24%;18.4MiB / 7.646GiB;542kB / 388kB;250kB / 4.07MB;416;29
Node_1;18;0.81%;0.25%;19.52MiB / 7.646GiB;792kB / 683kB;430kB / 4.07MB;416;29
Devnet_Goshimmer;18;212.66%;0.92%;72.21MiB / 7.646GiB;205kB / 410kB;0B / 77.8kB;416;29
Nodes_Router_1;2;0.00%;0.01%;852KiB / 7.646GiB;1.16MB / 1.13MB;0B / 0B;416;29
Gateways_Router_1;2;0.00%;0.01%;856KiB / 7.646GiB;369kB / 332kB;0B / 0B;416;29
Gateway_1;29;22.54%;2.34%;182.9MiB / 7.646GiB;139kB / 208kB;0B / 16.4kB;424;29
Rpc;27;0.03%;0.28%;21.69MiB / 7.646GiB;514kB / 438kB;69.6kB / 102kB;424;29
Node_2;18;0.90%;0.25%;19.55MiB / 7.646GiB;551kB / 395kB;250kB / 4.08MB;424;29
Node_1;18;0.92%;0.25%;19.31MiB / 7.646GiB;805kB / 695kB;430kB / 4.08MB;424;29
Devnet_Goshimmer;18;209.38%;0.92%;72.03MiB / 7.646GiB;209kB / 417kB;0B / 77.8kB;424;29
Nodes_Router_1;2;0.00%;0.01%;852KiB / 7.646GiB;1.18MB / 1.15MB;0B / 0B;424;29
Gateways_Router_1;2;0.00%;0.01%;856KiB / 7.646GiB;375kB / 338kB;0B / 0B;424;29
Gateway_1;29;20.99%;2.34%;182.9MiB / 7.646GiB;141kB / 211kB;0B / 16.4kB;432;28
Rpc;27;0.02%;0.28%;21.76MiB / 7.646GiB;522kB / 446kB;69.6kB / 102kB;432;28
Node_2;18;6.41%;0.24%;18.46MiB / 7.646GiB;563kB / 404kB;250kB / 4.53MB;432;28
Node_1;18;6.13%;0.25%;19.73MiB / 7.646GiB;823kB / 710kB;430kB / 4.53MB;432;28
Devnet_Goshimmer;18;212.96%;0.92%;72.13MiB / 7.646GiB;213kB / 426kB;0B / 77.8kB;432;28
Nodes_Router_1;2;0.00%;0.01%;852KiB / 7.646GiB;1.2MB / 1.17MB;0B / 0B;432;28
Gateways_Router_1;2;0.00%;0.01%;856KiB / 7.646GiB;381kB / 344kB;0B / 0B;432;28
Gateway_1;29;23.53%;2.34%;183MiB / 7.646GiB;146kB / 218kB;0B / 16.4kB;440;28
Rpc;27;0.18%;0.28%;21.79MiB / 7.646GiB;538kB / 461kB;69.6kB / 102kB;440;28
Node_2;18;0.81%;0.24%;18.55MiB / 7.646GiB;573kB / 411kB;250kB / 4.54MB;440;28
Node_1;18;2.07%;0.26%;20.27MiB / 7.646GiB;842kB / 727kB;430kB / 4.54MB;440;28
Devnet_Goshimmer;18;210.15%;0.92%;72.09MiB / 7.646GiB;216kB / 432kB;0B / 77.8kB;440;28
Nodes_Router_1;2;0.00%;0.01%;852KiB / 7.646GiB;1.23MB / 1.2MB;0B / 0B;440;28
Gateways_Router_1;2;0.00%;0.01%;856KiB / 7.646GiB;393kB / 356kB;0B / 0B;440;28
Gateway_1;29;25.24%;2.34%;183.1MiB / 7.646GiB;149kB / 221kB;0B / 16.4kB;447;29
Rpc;27;0.03%;0.28%;21.8MiB / 7.646GiB;546kB / 468kB;69.6kB / 102kB;447;29
Node_2;18;0.98%;0.24%;18.5MiB / 7.646GiB;583kB / 419kB;250kB / 4.56MB;447;29
Node_1;18;1.80%;0.25%;19.28MiB / 7.646GiB;857kB / 741kB;430kB / 4.56MB;447;29
Devnet_Goshimmer;18;208.15%;0.93%;72.67MiB / 7.646GiB;220kB / 439kB;0B / 77.8kB;447;29
Nodes_Router_1;2;0.00%;0.01%;852KiB / 7.646GiB;1.25MB / 1.22MB;0B / 0B;447;29
Gateways_Router_1;2;0.00%;0.01%;856KiB / 7.646GiB;399kB / 362kB;0B / 0B;447;29
Gateway_1;29;21.81%;2.34%;183.2MiB / 7.646GiB;152kB / 225kB;0B / 16.4kB;455;29
Rpc;27;0.03%;0.28%;21.88MiB / 7.646GiB;554kB / 476kB;69.6kB / 102kB;455;29
Node_2;18;2.32%;0.23%;18.09MiB / 7.646GiB;593kB / 426kB;250kB / 5.01MB;455;29
Node_1;18;0.94%;0.25%;19.73MiB / 7.646GiB;870kB / 753kB;430kB / 5.01MB;455;29
Devnet_Goshimmer;18;211.74%;0.93%;72.51MiB / 7.646GiB;223kB / 446kB;0B / 77.8kB;455;29
Nodes_Router_1;2;0.00%;0.01%;852KiB / 7.646GiB;1.27MB / 1.24MB;0B / 0B;455;29
Gateways_Router_1;2;0.00%;0.01%;856KiB / 7.646GiB;405kB / 368kB;0B / 0B;455;29
Gateway_1;29;19.59%;2.34%;183.2MiB / 7.646GiB;154kB / 228kB;0B / 16.4kB;463;29
Rpc;27;0.03%;0.28%;22.05MiB / 7.646GiB;562kB / 483kB;69.6kB / 102kB;463;29
Node_2;18;0.77%;0.25%;19.29MiB / 7.646GiB;601kB / 432kB;250kB / 5.03MB;463;29
Node_1;18;0.75%;0.25%;19.69MiB / 7.646GiB;883kB / 764kB;430kB / 5.03MB;463;29
Devnet_Goshimmer;18;204.83%;0.93%;72.53MiB / 7.646GiB;226kB / 452kB;0B / 77.8kB;463;29
Nodes_Router_1;2;0.00%;0.01%;852KiB / 7.646GiB;1.29MB / 1.26MB;0B / 0B;463;29
Gateways_Router_1;2;0.00%;0.01%;856KiB / 7.646GiB;411kB / 373kB;0B / 0B;463;29
Gateway_1;29;23.70%;2.34%;183.3MiB / 7.646GiB;157kB / 231kB;0B / 16.4kB;471;28
Rpc;27;0.08%;0.27%;21.52MiB / 7.646GiB;570kB / 491kB;69.6kB / 102kB;471;28
Node_2;18;0.80%;0.24%;18.68MiB / 7.646GiB;610kB / 439kB;250kB / 5.04MB;471;28
Node_1;18;0.78%;0.26%;20.15MiB / 7.646GiB;897kB / 776kB;430kB / 5.04MB;471;28
Devnet_Goshimmer;18;211.75%;0.92%;72.07MiB / 7.646GiB;229kB / 460kB;0B / 77.8kB;471;28
Nodes_Router_1;2;0.00%;0.01%;852KiB / 7.646GiB;1.31MB / 1.28MB;0B / 0B;471;28
Gateways_Router_1;2;0.00%;0.01%;856KiB / 7.646GiB;417kB / 379kB;0B / 0B;471;28
Gateway_1;29;21.09%;2.34%;183.3MiB / 7.646GiB;162kB / 237kB;0B / 16.4kB;478;29
Rpc;27;0.23%;0.27%;21.18MiB / 7.646GiB;583kB / 503kB;69.6kB / 102kB;478;29
Node_2;18;6.50%;0.24%;18.85MiB / 7.646GiB;623kB / 449kB;250kB / 5.52MB;478;29
Node_1;18;7.56%;0.25%;19.44MiB / 7.646GiB;916kB / 794kB;430kB / 5.52MB;478;29
Devnet_Goshimmer;18;211.50%;0.92%;72.21MiB / 7.646GiB;233kB / 468kB;0B / 77.8kB;478;29
Nodes_Router_1;2;0.00%;0.01%;852KiB / 7.646GiB;1.33MB / 1.3MB;0B / 0B;478;29
Gateways_Router_1;2;0.00%;0.01%;856KiB / 7.646GiB;423kB / 385kB;0B / 0B;478;29
Gateway_1;29;31.56%;2.34%;183.4MiB / 7.646GiB;165kB / 241kB;0B / 16.4kB;486;28
Rpc;27;0.23%;0.27%;21.18MiB / 7.646GiB;594kB / 514kB;69.6kB / 102kB;486;28
Node_2;18;2.55%;0.23%;18.32MiB / 7.646GiB;635kB / 457kB;250kB / 5.54MB;486;28
Node_1;18;6.24%;0.25%;19.92MiB / 7.646GiB;930kB / 805kB;430kB / 5.54MB;486;28
Devnet_Goshimmer;18;210.64%;0.92%;72.41MiB / 7.646GiB;237kB / 475kB;0B / 77.8kB;486;28
Nodes_Router_1;2;0.00%;0.01%;852KiB / 7.646GiB;1.36MB / 1.33MB;0B / 0B;486;28
Gateways_Router_1;2;0.00%;0.01%;856KiB / 7.646GiB;436kB / 397kB;0B / 0B;486;28
Gateway_1;29;19.91%;2.34%;183.5MiB / 7.646GiB;168kB / 245kB;0B / 16.4kB;494;29
Rpc;27;0.03%;0.27%;21.19MiB / 7.646GiB;602kB / 521kB;69.6kB / 102kB;494;29
Node_2;18;0.90%;0.25%;19.31MiB / 7.646GiB;644kB / 464kB;250kB / 5.55MB;494;29
Node_1;18;1.35%;0.26%;20.25MiB / 7.646GiB;947kB / 821kB;430kB / 5.55MB;494;29
Devnet_Goshimmer;18;212.37%;0.93%;72.65MiB / 7.646GiB;241kB / 482kB;0B / 77.8kB;494;29
Nodes_Router_1;2;0.00%;0.01%;852KiB / 7.646GiB;1.38MB / 1.34MB;0B / 0B;494;29
Gateways_Router_1;2;0.00%;0.01%;856KiB / 7.646GiB;442kB / 403kB;0B / 0B;494;29
Gateway_1;29;26.90%;2.34%;183.6MiB / 7.646GiB;171kB / 248kB;0B / 16.4kB;502;29
Rpc;27;0.04%;0.27%;21.19MiB / 7.646GiB;610kB / 529kB;69.6kB / 102kB;502;29
Node_2;18;0.82%;0.24%;18.82MiB / 7.646GiB;653kB / 471kB;250kB / 5.57MB;502;29
Node_1;18;0.73%;0.26%;20.2MiB / 7.646GiB;962kB / 833kB;430kB / 5.57MB;502;29
Devnet_Goshimmer;18;212.34%;0.92%;72.38MiB / 7.646GiB;244kB / 489kB;0B / 77.8kB;502;29
Nodes_Router_1;2;0.00%;0.01%;852KiB / 7.646GiB;1.4MB / 1.36MB;0B / 0B;502;29
Gateways_Router_1;2;0.00%;0.01%;856KiB / 7.646GiB;448kB / 409kB;0B / 0B;502;29
Gateway_1;29;20.54%;2.34%;183.6MiB / 7.646GiB;173kB / 251kB;0B / 16.4kB;509;28
Rpc;27;0.02%;0.27%;21.19MiB / 7.646GiB;618kB / 537kB;69.6kB / 102kB;509;28
Node_2;18;0.86%;0.24%;19.14MiB / 7.646GiB;662kB / 478kB;250kB / 6.06MB;509;28
Node_1;18;0.76%;0.25%;19.75MiB / 7.646GiB;975kB / 844kB;430kB / 6.06MB;509;28
Devnet_Goshimmer;18;211.29%;0.92%;72.09MiB / 7.646GiB;247kB / 496kB;0B / 77.8kB;509;28
Nodes_Router_1;2;0.00%;0.01%;852KiB / 7.646GiB;1.42MB / 1.38MB;0B / 0B;509;28
Gateways_Router_1;2;0.01%;0.01%;856KiB / 7.646GiB;454kB / 415kB;0B / 0B;509;28
Gateway_1;29;19.72%;2.35%;183.7MiB / 7.646GiB;176kB / 255kB;0B / 16.4kB;517;28
Rpc;27;0.03%;0.27%;21.21MiB / 7.646GiB;626kB / 544kB;69.6kB / 102kB;517;28
Node_2;18;6.03%;0.24%;19.18MiB / 7.646GiB;675kB / 488kB;250kB / 6.09MB;517;28
Node_1;18;6.23%;0.25%;19.8MiB / 7.646GiB;992kB / 859kB;430kB / 6.09MB;517;28
Devnet_Goshimmer;18;210.58%;0.92%;72.41MiB / 7.646GiB;251kB / 504kB;0B / 77.8kB;517;28
Nodes_Router_1;2;0.00%;0.01%;852KiB / 7.646GiB;1.44MB / 1.41MB;0B / 0B;517;28
Gateways_Router_1;2;0.00%;0.01%;856KiB / 7.646GiB;460kB / 421kB;0B / 0B;517;28
Gateway_1;29;22.53%;2.35%;183.9MiB / 7.646GiB;181kB / 260kB;0B / 16.4kB;525;28
Rpc;27;0.25%;0.27%;21.21MiB / 7.646GiB;639kB / 556kB;69.6kB / 102kB;525;28
Node_2;18;1.12%;0.24%;18.82MiB / 7.646GiB;683kB / 495kB;250kB / 6.11MB;525;28
Node_1;18;1.03%;0.26%;20.28MiB / 7.646GiB;1.01MB / 873kB;430kB / 6.11MB;525;28
Devnet_Goshimmer;18;209.19%;0.93%;72.58MiB / 7.646GiB;254kB / 511kB;0B / 77.8kB;525;28
Nodes_Router_1;2;0.00%;0.01%;852KiB / 7.646GiB;1.46MB / 1.43MB;0B / 0B;525;28
Gateways_Router_1;2;0.00%;0.01%;856KiB / 7.646GiB;470kB / 431kB;0B / 0B;525;28
Gateway_1;29;21.80%;2.35%;183.9MiB / 7.646GiB;184kB / 265kB;0B / 16.4kB;533;29
Rpc;27;0.22%;0.27%;21.38MiB / 7.646GiB;650kB / 567kB;69.6kB / 102kB;533;29
Node_2;18;0.99%;0.24%;18.79MiB / 7.646GiB;695kB / 503kB;250kB / 6.63MB;533;29
Node_1;18;1.23%;0.25%;19.93MiB / 7.646GiB;1.03MB / 889kB;430kB / 6.63MB;533;29
Devnet_Goshimmer;18;209.25%;0.93%;72.6MiB / 7.646GiB;258kB / 519kB;0B / 77.8kB;533;29
Nodes_Router_1;2;0.00%;0.01%;852KiB / 7.646GiB;1.49MB / 1.45MB;0B / 0B;533;29
Gateways_Router_1;2;0.00%;0.01%;856KiB / 7.646GiB;478kB / 439kB;0B / 0B;533;29
Gateway_1;29;20.34%;2.35%;183.9MiB / 7.646GiB;186kB / 268kB;0B / 16.4kB;540;29
Rpc;27;0.06%;0.28%;21.66MiB / 7.646GiB;658kB / 574kB;69.6kB / 102kB;540;29
Node_2;18;0.91%;0.24%;19.11MiB / 7.646GiB;704kB / 510kB;250kB / 6.65MB;540;29
Node_1;18;0.87%;0.26%;20.59MiB / 7.646GiB;1.04MB / 901kB;430kB / 6.65MB;540;29
Devnet_Goshimmer;18;209.18%;0.93%;73.09MiB / 7.646GiB;261kB / 525kB;0B / 77.8kB;540;29
Nodes_Router_1;2;0.00%;0.01%;852KiB / 7.646GiB;1.51MB / 1.47MB;0B / 0B;540;29
Gateways_Router_1;2;0.00%;0.01%;856KiB / 7.646GiB;484kB / 445kB;0B / 0B;540;29
Gateway_1;29;19.72%;2.35%;183.9MiB / 7.646GiB;189kB / 272kB;0B / 16.4kB;548;29
Rpc;27;0.02%;0.28%;21.85MiB / 7.646GiB;666kB / 582kB;69.6kB / 102kB;548;29
Node_2;18;0.76%;0.24%;19.01MiB / 7.646GiB;713kB / 516kB;250kB / 6.66MB;548;29
Node_1;18;0.73%;0.26%;20.32MiB / 7.646GiB;1.05MB / 913kB;430kB / 6.66MB;548;29
Devnet_Goshimmer;18;213.20%;0.93%;72.82MiB / 7.646GiB;264kB / 532kB;0B / 77.8kB;548;29
Nodes_Router_1;2;0.00%;0.01%;852KiB / 7.646GiB;1.53MB / 1.49MB;0B / 0B;548;29
Gateways_Router_1;2;0.00%;0.01%;856KiB / 7.646GiB;490kB / 451kB;0B / 0B;548;29
Gateway_1;29;20.37%;2.35%;184MiB / 7.646GiB;192kB / 275kB;0B / 16.4kB;556;29
Rpc;27;0.08%;0.27%;21.32MiB / 7.646GiB;674kB / 590kB;69.6kB / 102kB;556;29
Node_2;18;0.84%;0.24%;19.09MiB / 7.646GiB;722kB / 522kB;250kB / 6.68MB;556;29
Node_1;18;0.80%;0.26%;20.21MiB / 7.646GiB;1.07MB / 925kB;430kB / 6.68MB;556;29
Devnet_Goshimmer;18;210.19%;0.93%;72.68MiB / 7.646GiB;267kB / 539kB;0B / 77.8kB;556;29
Nodes_Router_1;2;0.00%;0.01%;852KiB / 7.646GiB;1.55MB / 1.51MB;0B / 0B;556;29
Gateways_Router_1;2;0.00%;0.01%;856KiB / 7.646GiB;496kB / 457kB;0B / 0B;556;29
Gateway_1;29;20.47%;2.35%;184.1MiB / 7.646GiB;194kB / 278kB;0B / 16.4kB;564;28
Rpc;27;0.23%;0.28%;21.55MiB / 7.646GiB;687kB / 601kB;69.6kB / 102kB;564;28
Node_2;18;4.60%;0.25%;19.81MiB / 7.646GiB;734kB / 533kB;250kB / 7.23MB;564;28
Node_1;18;5.49%;0.28%;21.61MiB / 7.646GiB;1.09MB / 942kB;430kB / 7.23MB;564;28
Devnet_Goshimmer;18;207.09%;0.94%;73.27MiB / 7.646GiB;272kB / 547kB;0B / 77.8kB;564;28
Nodes_Router_1;2;0.00%;0.01%;852KiB / 7.646GiB;1.57MB / 1.54MB;0B / 0B;564;28
Gateways_Router_1;2;0.00%;0.01%;856KiB / 7.646GiB;506kB / 467kB;0B / 0B;564;28
Gateway_1;29;23.29%;2.35%;184.1MiB / 7.646GiB;199kB / 285kB;0B / 16.4kB;571;28
Rpc;27;0.27%;0.28%;21.66MiB / 7.646GiB;695kB / 609kB;69.6kB / 102kB;571;28
Node_2;18;0.90%;0.25%;19.44MiB / 7.646GiB;744kB / 540kB;250kB / 7.25MB;571;28
Node_1;18;1.98%;0.27%;21.52MiB / 7.646GiB;1.1MB / 956kB;430kB / 7.25MB;571;28
Devnet_Goshimmer;18;210.45%;0.93%;72.96MiB / 7.646GiB;275kB / 554kB;0B / 77.8kB;571;28
Nodes_Router_1;2;0.00%;0.01%;852KiB / 7.646GiB;1.6MB / 1.56MB;0B / 0B;571;28
Gateways_Router_1;2;0.00%;0.01%;856KiB / 7.646GiB;514kB / 474kB;0B / 0B;571;28
Gateway_1;29;19.76%;2.35%;184.2MiB / 7.646GiB;202kB / 288kB;0B / 16.4kB;579;29
Rpc;27;0.02%;0.28%;21.82MiB / 7.646GiB;706kB / 620kB;69.6kB / 102kB;579;29
Node_2;18;1.01%;0.25%;19.96MiB / 7.646GiB;754kB / 547kB;250kB / 7.26MB;579;29
Node_1;18;0.85%;0.27%;20.86MiB / 7.646GiB;1.12MB / 970kB;430kB / 7.26MB;579;29
Devnet_Goshimmer;18;209.60%;0.93%;72.96MiB / 7.646GiB;278kB / 561kB;0B / 77.8kB;579;29
Nodes_Router_1;2;0.00%;0.01%;852KiB / 7.646GiB;1.62MB / 1.58MB;0B / 0B;579;29
Gateways_Router_1;2;0.00%;0.01%;856KiB / 7.646GiB;520kB / 480kB;0B / 0B;579;29
Gateway_1;29;23.77%;2.35%;184.2MiB / 7.646GiB;205kB / 292kB;0B / 16.4kB;587;29
Rpc;27;0.03%;0.28%;21.82MiB / 7.646GiB;714kB / 628kB;69.6kB / 102kB;587;29
Node_2;18;0.82%;0.24%;19.15MiB / 7.646GiB;764kB / 554kB;250kB / 7.83MB;587;29
Node_1;18;0.84%;0.27%;20.79MiB / 7.646GiB;1.13MB / 982kB;430kB / 7.83MB;587;29
Devnet_Goshimmer;18;208.18%;0.93%;73.01MiB / 7.646GiB;281kB / 568kB;0B / 77.8kB;587;29
Nodes_Router_1;2;0.00%;0.01%;852KiB / 7.646GiB;1.64MB / 1.6MB;0B / 0B;587;29
Gateways_Router_1;2;0.00%;0.01%;856KiB / 7.646GiB;526kB / 486kB;0B / 0B;587;29
Gateway_1;29;20.15%;2.35%;184.3MiB / 7.646GiB;207kB / 295kB;0B / 16.4kB;595;28
Rpc;27;0.02%;0.28%;21.84MiB / 7.646GiB;722kB / 635kB;69.6kB / 102kB;595;28
Node_2;18;0.93%;0.25%;19.59MiB / 7.646GiB;773kB / 561kB;250kB / 7.84MB;595;28
Node_1;18;0.79%;0.26%;20.48MiB / 7.646GiB;1.14MB / 993kB;430kB / 7.84MB;595;28
Devnet_Goshimmer;18;208.23%;0.93%;73MiB / 7.646GiB;285kB / 575kB;0B / 77.8kB;595;28
Nodes_Router_1;2;0.00%;0.01%;852KiB / 7.646GiB;1.66MB / 1.62MB;0B / 0B;595;28
Gateways_Router_1;2;0.00%;0.01%;856KiB / 7.646GiB;532kB / 492kB;0B / 0B;595;28
Gateway_1;29;23.20%;2.44%;191.3MiB / 7.646GiB;210kB / 298kB;0B / 16.4kB;602;28
Rpc;27;0.04%;0.28%;21.84MiB / 7.646GiB;730kB / 643kB;69.6kB / 102kB;602;28
Node_2;18;0.81%;0.24%;19.05MiB / 7.646GiB;782kB / 568kB;250kB / 7.86MB;602;28
Node_1;18;0.79%;0.26%;20.57MiB / 7.646GiB;1.16MB / 1MB;430kB / 7.86MB;602;28
Devnet_Goshimmer;18;208.73%;0.94%;73.61MiB / 7.646GiB;289kB / 583kB;0B / 77.8kB;602;28
Nodes_Router_1;2;0.00%;0.01%;852KiB / 7.646GiB;1.68MB / 1.64MB;0B / 0B;602;28
Gateways_Router_1;2;0.00%;0.01%;856KiB / 7.646GiB;538kB / 498kB;0B / 0B;602;28
Gateway_1;29;21.55%;2.44%;191.4MiB / 7.646GiB;215kB / 303kB;0B / 16.4kB;610;28
Rpc;27;0.12%;0.28%;21.85MiB / 7.646GiB;743kB / 655kB;69.6kB / 102kB;610;28
Node_2;18;1.28%;0.26%;20.39MiB / 7.646GiB;795kB / 578kB;250kB / 8.46MB;610;28
Node_1;18;5.46%;0.28%;21.98MiB / 7.646GiB;1.18MB / 1.02MB;430kB / 7.89MB;610;28
Devnet_Goshimmer;18;213.22%;0.93%;73.15MiB / 7.646GiB;293kB / 590kB;0B / 77.8kB;610;28
Nodes_Router_1;2;0.00%;0.01%;852KiB / 7.646GiB;1.7MB / 1.67MB;0B / 0B;610;28
Gateways_Router_1;2;0.00%;0.01%;856KiB / 7.646GiB;549kB / 508kB;0B / 0B;610;28
Gateway_1;29;23.18%;2.44%;191.4MiB / 7.646GiB;218kB / 308kB;0B / 16.4kB;618;28
Rpc;27;0.18%;0.28%;21.85MiB / 7.646GiB;754kB / 665kB;69.6kB / 102kB;618;28
Node_2;18;1.00%;0.26%;20.37MiB / 7.646GiB;806kB / 586kB;250kB / 8.48MB;618;28
Node_1;18;2.36%;0.27%;21.16MiB / 7.646GiB;1.19MB / 1.04MB;430kB / 8.48MB;618;28
Devnet_Goshimmer;18;207.73%;0.94%;73.38MiB / 7.646GiB;296kB / 597kB;0B / 77.8kB;618;28
Nodes_Router_1;2;0.00%;0.01%;852KiB / 7.646GiB;1.73MB / 1.69MB;0B / 0B;618;28
Gateways_Router_1;2;0.00%;0.01%;856KiB / 7.646GiB;555kB / 514kB;0B / 0B;618;28
Gateway_1;29;24.09%;2.45%;191.5MiB / 7.646GiB;221kB / 312kB;0B / 16.4kB;626;29
Rpc;27;0.10%;0.28%;21.89MiB / 7.646GiB;762kB / 673kB;69.6kB / 102kB;626;29
Node_2;18;2.30%;0.25%;19.71MiB / 7.646GiB;814kB / 593kB;250kB / 8.5MB;626;29
Node_1;18;2.89%;0.27%;21.4MiB / 7.646GiB;1.21MB / 1.05MB;430kB / 8.5MB;626;29
Devnet_Goshimmer;18;209.95%;0.94%;73.4MiB / 7.646GiB;299kB / 603kB;0B / 77.8kB;626;29
Nodes_Router_1;2;0.00%;0.01%;852KiB / 7.646GiB;1.75MB / 1.71MB;0B / 0B;626;29
Gateways_Router_1;2;0.00%;0.01%;856KiB / 7.646GiB;563kB / 522kB;0B / 0B;626;29
Gateway_1;29;20.33%;2.45%;191.5MiB / 7.646GiB;224kB / 315kB;0B / 16.4kB;633;29
Rpc;27;0.02%;0.28%;22.01MiB / 7.646GiB;770kB / 681kB;69.6kB / 102kB;633;29
Node_2;18;0.75%;0.25%;19.73MiB / 7.646GiB;824kB / 600kB;250kB / 8.51MB;633;29
Node_1;18;0.76%;0.28%;21.69MiB / 7.646GiB;1.22MB / 1.06MB;430kB / 8.51MB;633;29
Devnet_Goshimmer;18;210.00%;0.94%;73.77MiB / 7.646GiB;302kB / 610kB;0B / 77.8kB;633;29
Nodes_Router_1;2;0.00%;0.01%;852KiB / 7.646GiB;1.77MB / 1.73MB;0B / 0B;633;29
Gateways_Router_1;2;0.00%;0.01%;856KiB / 7.646GiB;569kB / 528kB;0B / 0B;633;29
Gateway_1;29;21.18%;2.45%;191.5MiB / 7.646GiB;226kB / 318kB;0B / 16.4kB;641;29
Rpc;27;0.08%;0.28%;21.6MiB / 7.646GiB;778kB / 688kB;69.6kB / 102kB;641;29
Node_2;18;2.31%;0.25%;19.54MiB / 7.646GiB;833kB / 607kB;250kB / 9.12MB;641;29
Node_1;18;0.80%;0.27%;21.16MiB / 7.646GiB;1.24MB / 1.07MB;430kB / 9.12MB;641;29
Devnet_Goshimmer;18;211.85%;0.94%;73.55MiB / 7.646GiB;305kB / 617kB;0B / 77.8kB;641;29
Nodes_Router_1;2;0.00%;0.01%;852KiB / 7.646GiB;1.79MB / 1.75MB;0B / 0B;641;29
Gateways_Router_1;2;0.00%;0.01%;856KiB / 7.646GiB;575kB / 534kB;0B / 0B;641;29
Gateway_1;29;22.10%;2.45%;191.6MiB / 7.646GiB;229kB / 322kB;0B / 16.4kB;649;29
Rpc;27;0.26%;0.28%;21.83MiB / 7.646GiB;791kB / 700kB;69.6kB / 102kB;649;29
Node_2;18;6.66%;0.26%;20.37MiB / 7.646GiB;846kB / 617kB;250kB / 9.15MB;649;29
Node_1;18;6.82%;0.28%;21.62MiB / 7.646GiB;1.25MB / 1.09MB;430kB / 9.15MB;649;29
Devnet_Goshimmer;18;211.34%;0.94%;73.61MiB / 7.646GiB;310kB / 625kB;0B / 77.8kB;649;29
Nodes_Router_1;2;0.00%;0.01%;852KiB / 7.646GiB;1.81MB / 1.78MB;0B / 0B;649;29
Gateways_Router_1;2;0.00%;0.01%;856KiB / 7.646GiB;585kB / 544kB;0B / 0B;649;29
Gateway_1;29;22.27%;2.45%;191.7MiB / 7.646GiB;234kB / 327kB;0B / 16.4kB;657;28
Rpc;27;0.21%;0.28%;21.54MiB / 7.646GiB;802kB / 711kB;69.6kB / 102kB;657;28
Node_2;18;5.73%;0.26%;20.36MiB / 7.646GiB;855kB / 623kB;250kB / 9.17MB;657;28
Node_1;18;2.48%;0.27%;21.33MiB / 7.646GiB;1.27MB / 1.11MB;430kB / 9.17MB;657;28
Devnet_Goshimmer;18;209.45%;0.94%;73.57MiB / 7.646GiB;313kB / 633kB;0B / 77.8kB;657;28
Nodes_Router_1;2;0.00%;0.01%;852KiB / 7.646GiB;1.84MB / 1.8MB;0B / 0B;657;28
Gateways_Router_1;2;0.00%;0.01%;856KiB / 7.646GiB;592kB / 552kB;0B / 0B;657;28
Gateway_1;29;18.84%;2.45%;191.8MiB / 7.646GiB;236kB / 332kB;0B / 16.4kB;664;28
Rpc;27;0.03%;0.28%;21.55MiB / 7.646GiB;810kB / 718kB;69.6kB / 102kB;664;28
Node_2;18;0.90%;0.26%;20.04MiB / 7.646GiB;866kB / 633kB;250kB / 9.8MB;664;28
Node_1;18;0.90%;0.28%;21.75MiB / 7.646GiB;1.29MB / 1.12MB;430kB / 9.8MB;664;28
Devnet_Goshimmer;18;214.57%;0.94%;73.76MiB / 7.646GiB;316kB / 640kB;0B / 77.8kB;664;28
Nodes_Router_1;2;0.00%;0.01%;852KiB / 7.646GiB;1.86MB / 1.82MB;0B / 0B;664;28
Gateways_Router_1;2;0.00%;0.01%;856KiB / 7.646GiB;598kB / 557kB;0B / 0B;664;28
Gateway_1;29;21.48%;2.45%;191.9MiB / 7.646GiB;239kB / 335kB;0B / 16.4kB;672;29
Rpc;27;0.04%;0.28%;21.59MiB / 7.646GiB;818kB / 726kB;69.6kB / 102kB;672;29
Node_2;18;0.79%;0.26%;20.1MiB / 7.646GiB;875kB / 639kB;250kB / 9.82MB;672;29
Node_1;18;0.82%;0.28%;21.61MiB / 7.646GiB;1.3MB / 1.13MB;430kB / 9.82MB;672;29
Devnet_Goshimmer;18;209.02%;0.94%;73.44MiB / 7.646GiB;320kB / 647kB;0B / 77.8kB;672;29
Nodes_Router_1;2;0.00%;0.01%;852KiB / 7.646GiB;1.87MB / 1.84MB;0B / 0B;672;29
Gateways_Router_1;2;0.00%;0.01%;856KiB / 7.646GiB;604kB / 563kB;0B / 0B;672;29
Gateway_1;29;19.22%;2.45%;192.1MiB / 7.646GiB;242kB / 338kB;0B / 16.4kB;680;29
Rpc;27;0.03%;0.28%;21.59MiB / 7.646GiB;826kB / 734kB;69.6kB / 102kB;680;29
Node_2;18;0.86%;0.27%;21.42MiB / 7.646GiB;884kB / 646kB;250kB / 9.83MB;680;29
Node_1;18;0.84%;0.28%;21.7MiB / 7.646GiB;1.31MB / 1.14MB;430kB / 9.83MB;680;29
Devnet_Goshimmer;18;209.24%;0.94%;73.88MiB / 7.646GiB;323kB / 654kB;0B / 77.8kB;680;29
Nodes_Router_1;2;0.00%;0.01%;852KiB / 7.646GiB;1.89MB / 1.86MB;0B / 0B;680;29
Gateways_Router_1;2;0.00%;0.01%;856KiB / 7.646GiB;610kB / 569kB;0B / 0B;680;29
Gateway_1;29;20.14%;2.45%;192MiB / 7.646GiB;244kB / 342kB;0B / 16.4kB;688;28
Rpc;27;0.03%;0.28%;21.64MiB / 7.646GiB;833kB / 741kB;69.6kB / 102kB;688;28
Node_2;18;0.89%;0.27%;20.92MiB / 7.646GiB;893kB / 653kB;250kB / 9.85MB;688;28
Node_1;18;0.79%;0.28%;22.11MiB / 7.646GiB;1.33MB / 1.15MB;430kB / 9.85MB;688;28
Devnet_Goshimmer;18;210.85%;0.94%;73.52MiB / 7.646GiB;326kB / 660kB;0B / 77.8kB;688;28
Nodes_Router_1;2;0.00%;0.01%;852KiB / 7.646GiB;1.91MB / 1.88MB;0B / 0B;688;28
Gateways_Router_1;2;0.00%;0.01%;856KiB / 7.646GiB;616kB / 575kB;0B / 0B;688;28
Gateway_1;29;22.69%;2.45%;192.1MiB / 7.646GiB;247kB / 345kB;0B / 16.4kB;695;28
Rpc;27;0.30%;0.28%;21.64MiB / 7.646GiB;846kB / 753kB;69.6kB / 102kB;695;28
Node_2;18;5.54%;0.27%;20.84MiB / 7.646GiB;906kB / 662kB;250kB / 10.5MB;695;28
Node_1;18;6.80%;0.27%;21.53MiB / 7.646GiB;1.35MB / 1.17MB;430kB / 10.5MB;695;28
Devnet_Goshimmer;18;210.87%;0.94%;73.77MiB / 7.646GiB;330kB / 668kB;0B / 77.8kB;695;28
Nodes_Router_1;2;0.00%;0.01%;852KiB / 7.646GiB;1.94MB / 1.9MB;0B / 0B;695;28
Gateways_Router_1;2;0.00%;0.01%;856KiB / 7.646GiB;626kB / 585kB;0B / 0B;695;28
Gateway_1;29;24.38%;2.45%;192.1MiB / 7.646GiB;252kB / 352kB;0B / 16.4kB;703;28
Rpc;27;0.25%;0.28%;21.64MiB / 7.646GiB;854kB / 761kB;69.6kB / 102kB;703;28
Node_2;18;0.98%;0.26%;20.51MiB / 7.646GiB;917kB / 670kB;250kB / 10.5MB;703;28
Node_1;18;1.44%;0.28%;21.8MiB / 7.646GiB;1.36MB / 1.19MB;430kB / 10.5MB;703;28
Devnet_Goshimmer;18;212.01%;0.95%;74.3MiB / 7.646GiB;333kB / 675kB;0B / 77.8kB;703;28
Nodes_Router_1;2;0.00%;0.01%;852KiB / 7.646GiB;1.96MB / 1.93MB;0B / 0B;703;28
Gateways_Router_1;2;0.00%;0.01%;856KiB / 7.646GiB;634kB / 593kB;0B / 0B;703;28
Gateway_1;29;19.52%;2.46%;192.3MiB / 7.646GiB;255kB / 355kB;0B / 16.4kB;711;28
Rpc;27;0.08%;0.28%;21.72MiB / 7.646GiB;865kB / 772kB;69.6kB / 102kB;711;28
Node_2;18;0.99%;0.27%;21.08MiB / 7.646GiB;926kB / 677kB;250kB / 10.6MB;711;28
Node_1;18;0.83%;0.28%;21.78MiB / 7.646GiB;1.38MB / 1.2MB;430kB / 10.6MB;711;28
Devnet_Goshimmer;18;209.11%;0.95%;74.23MiB / 7.646GiB;337kB / 682kB;0B / 77.8kB;711;28
Nodes_Router_1;2;0.00%;0.01%;852KiB / 7.646GiB;1.98MB / 1.95MB;0B / 0B;711;28
Gateways_Router_1;2;0.00%;0.01%;856KiB / 7.646GiB;640kB / 599kB;0B / 0B;711;28
Gateway_1;29;19.24%;2.46%;192.3MiB / 7.646GiB;257kB / 358kB;0B / 16.4kB;719;29
Rpc;27;0.03%;0.28%;21.9MiB / 7.646GiB;873kB / 779kB;69.6kB / 102kB;719;29
Node_2;18;0.95%;0.26%;20.23MiB / 7.646GiB;935kB / 684kB;250kB / 11.2MB;719;29
Node_1;18;0.77%;0.28%;22.2MiB / 7.646GiB;1.39MB / 1.21MB;430kB / 11.2MB;719;29
Devnet_Goshimmer;18;209.93%;0.94%;73.99MiB / 7.646GiB;340kB / 689kB;0B / 77.8kB;719;29
Nodes_Router_1;2;0.00%;0.01%;852KiB / 7.646GiB;2MB / 1.97MB;0B / 0B;719;29
Gateways_Router_1;2;0.00%;0.01%;856KiB / 7.646GiB;646kB / 605kB;0B / 0B;719;29
Gateway_1;29;21.20%;2.46%;192.3MiB / 7.646GiB;261kB / 362kB;0B / 16.4kB;726;29
Rpc;27;0.04%;0.27%;21.46MiB / 7.646GiB;882kB / 787kB;69.6kB / 102kB;726;29
Node_2;18;0.88%;0.26%;20.34MiB / 7.646GiB;945kB / 691kB;250kB / 11.3MB;726;29
Node_1;18;0.81%;0.28%;21.77MiB / 7.646GiB;1.41MB / 1.22MB;430kB / 11.3MB;726;29
Devnet_Goshimmer;18;211.50%;0.95%;74.16MiB / 7.646GiB;344kB / 696kB;0B / 77.8kB;726;29
Nodes_Router_1;2;0.00%;0.01%;852KiB / 7.646GiB;2.02MB / 1.99MB;0B / 0B;726;29
Gateways_Router_1;2;0.00%;0.01%;856KiB / 7.646GiB;654kB / 611kB;0B / 0B;726;29
Gateway_1;29;21.26%;2.46%;192.4MiB / 7.646GiB;263kB / 365kB;0B / 16.4kB;734;29
Rpc;27;0.02%;0.28%;21.55MiB / 7.646GiB;890kB / 794kB;69.6kB / 102kB;734;29
Node_2;18;0.84%;0.26%;20.51MiB / 7.646GiB;954kB / 697kB;250kB / 11.3MB;734;29
Node_1;18;0.83%;0.29%;22.45MiB / 7.646GiB;1.42MB / 1.23MB;430kB / 11.3MB;734;29
Devnet_Goshimmer;18;213.86%;0.95%;74.2MiB / 7.646GiB;347kB / 704kB;0B / 77.8kB;734;29
Nodes_Router_1;2;0.00%;0.01%;852KiB / 7.646GiB;2.04MB / 2.01MB;0B / 0B;734;29
Gateways_Router_1;2;0.00%;0.01%;856KiB / 7.646GiB;659kB / 617kB;0B / 0B;734;29
Gateway_1;29;21.17%;2.46%;192.4MiB / 7.646GiB;266kB / 368kB;0B / 16.4kB;742;28
Rpc;27;0.21%;0.28%;21.74MiB / 7.646GiB;903kB / 806kB;69.6kB / 102kB;742;28
Node_2;18;6.62%;0.26%;20.24MiB / 7.646GiB;966kB / 708kB;250kB / 12MB;742;28
Node_1;18;7.11%;0.28%;22.16MiB / 7.646GiB;1.44MB / 1.25MB;430kB / 12MB;742;28
Devnet_Goshimmer;18;208.11%;0.95%;74.55MiB / 7.646GiB;351kB / 711kB;0B / 77.8kB;742;28
Nodes_Router_1;2;0.00%;0.01%;852KiB / 7.646GiB;2.07MB / 2.03MB;0B / 0B;742;28
Gateways_Router_1;2;0.00%;0.01%;856KiB / 7.646GiB;669kB / 627kB;0B / 0B;742;28
Gateway_1;29;24.21%;2.46%;192.5MiB / 7.646GiB;271kB / 375kB;0B / 16.4kB;750;28
Rpc;27;0.18%;0.28%;21.84MiB / 7.646GiB;914kB / 817kB;69.6kB / 102kB;750;28
Node_2;18;6.17%;0.26%;20.46MiB / 7.646GiB;974kB / 714kB;250kB / 12MB;750;28
Node_1;18;1.31%;0.29%;22.48MiB / 7.646GiB;1.46MB / 1.27MB;430kB / 12MB;750;28
Devnet_Goshimmer;18;209.32%;0.95%;74.53MiB / 7.646GiB;354kB / 718kB;0B / 77.8kB;750;28
Nodes_Router_1;2;0.00%;0.01%;852KiB / 7.646GiB;2.09MB / 2.06MB;0B / 0B;750;28
Gateways_Router_1;2;0.00%;0.01%;856KiB / 7.646GiB;677kB / 635kB;0B / 0B;750;28
Gateway_1;29;19.29%;2.46%;192.6MiB / 7.646GiB;274kB / 378kB;0B / 16.4kB;757;29
Rpc;27;0.02%;0.28%;21.89MiB / 7.646GiB;922kB / 824kB;69.6kB / 102kB;757;29
Node_2;18;0.92%;0.28%;21.61MiB / 7.646GiB;986kB / 723kB;250kB / 12MB;757;29
Node_1;18;0.93%;0.28%;22.15MiB / 7.646GiB;1.47MB / 1.28MB;442kB / 12MB;757;29
Devnet_Goshimmer;18;211.32%;0.95%;74.65MiB / 7.646GiB;358kB / 725kB;0B / 77.8kB;757;29
Nodes_Router_1;2;0.00%;0.01%;852KiB / 7.646GiB;2.11MB / 2.07MB;0B / 0B;757;29
Gateways_Router_1;2;0.00%;0.01%;856KiB / 7.646GiB;683kB / 641kB;0B / 0B;757;29
Gateway_1;29;19.49%;2.46%;192.6MiB / 7.646GiB;276kB / 382kB;0B / 16.4kB;765;29
Rpc;27;0.03%;0.28%;21.95MiB / 7.646GiB;930kB / 832kB;69.6kB / 102kB;765;29
Node_2;18;0.85%;0.27%;20.8MiB / 7.646GiB;995kB / 729kB;250kB / 12MB;765;29
Node_1;18;0.80%;0.29%;22.79MiB / 7.646GiB;1.48MB / 1.29MB;442kB / 12MB;765;29
Devnet_Goshimmer;18;208.20%;0.95%;74.21MiB / 7.646GiB;361kB / 732kB;0B / 77.8kB;765;29
Nodes_Router_1;2;0.00%;0.01%;852KiB / 7.646GiB;2.13MB / 2.09MB;0B / 0B;765;29
Gateways_Router_1;2;0.00%;0.01%;856KiB / 7.646GiB;689kB / 647kB;0B / 0B;765;29
Gateway_1;29;20.90%;2.46%;192.8MiB / 7.646GiB;279kB / 385kB;0B / 16.4kB;773;28
Rpc;27;0.03%;0.28%;22.12MiB / 7.646GiB;938kB / 839kB;69.6kB / 102kB;773;28
Node_2;18;0.84%;0.27%;21.06MiB / 7.646GiB;1MB / 736kB;250kB / 12.8MB;773;28
Node_1;18;0.78%;0.28%;22.08MiB / 7.646GiB;1.5MB / 1.3MB;442kB / 12.8MB;773;28
Devnet_Goshimmer;18;209.41%;0.95%;74.36MiB / 7.646GiB;364kB / 739kB;0B / 77.8kB;773;28
Nodes_Router_1;2;0.00%;0.01%;852KiB / 7.646GiB;2.15MB / 2.11MB;0B / 0B;773;28
Gateways_Router_1;2;0.00%;0.01%;856KiB / 7.646GiB;695kB / 652kB;0B / 0B;773;28
Gateway_1;29;27.16%;2.46%;192.7MiB / 7.646GiB;281kB / 389kB;0B / 16.4kB;781;28
Rpc;27;0.05%;0.28%;22MiB / 7.646GiB;945kB / 847kB;69.6kB / 102kB;781;28
Node_2;18;0.84%;0.29%;22.37MiB / 7.646GiB;1.01MB / 743kB;250kB / 12.8MB;781;28
Node_1;18;0.86%;0.29%;22.98MiB / 7.646GiB;1.51MB / 1.31MB;442kB / 12.8MB;781;28
Devnet_Goshimmer;18;211.02%;0.95%;74.5MiB / 7.646GiB;368kB / 746kB;0B / 77.8kB;781;28
Nodes_Router_1;2;0.00%;0.01%;852KiB / 7.646GiB;2.17MB / 2.13MB;0B / 0B;781;28
Gateways_Router_1;2;0.00%;0.01%;856KiB / 7.646GiB;701kB / 658kB;0B / 0B;781;28
Gateway_1;29;23.07%;2.46%;192.8MiB / 7.646GiB;284kB / 392kB;0B / 16.4kB;788;28
Rpc;27;0.03%;0.28%;22.04MiB / 7.646GiB;953kB / 855kB;69.6kB / 102kB;788;28
Node_2;18;0.79%;0.27%;20.82MiB / 7.646GiB;1.02MB / 749kB;250kB / 12.8MB;788;28
Node_1;18;0.84%;0.28%;22.08MiB / 7.646GiB;1.52MB / 1.33MB;442kB / 12.8MB;788;28
Devnet_Goshimmer;18;211.26%;0.95%;74.43MiB / 7.646GiB;370kB / 752kB;0B / 77.8kB;788;28
Nodes_Router_1;2;0.00%;0.01%;852KiB / 7.646GiB;2.19MB / 2.15MB;0B / 0B;788;28
Gateways_Router_1;2;0.00%;0.01%;856KiB / 7.646GiB;707kB / 664kB;0B / 0B;788;28
