Gateway_2;32;31.58%;2.09%;163.9MiB / 7.646GiB;2.78kB / 826B;0B / 12.3kB;5;47
Gateway_1;32;18.07%;2.36%;184.5MiB / 7.646GiB;3.83kB / 826B;0B / 12.3kB;5;47
Rpc;8;0.01%;0.09%;7.145MiB / 7.646GiB;42.2kB / 29.6kB;0B / 57.3kB;5;47
Node_3;17;0.92%;0.19%;15.11MiB / 7.646GiB;161kB / 148kB;0B / 209kB;5;47
Node_2;17;1.01%;0.22%;16.92MiB / 7.646GiB;173kB / 149kB;0B / 209kB;5;47
Node_1;17;1.10%;0.19%;15.17MiB / 7.646GiB;134kB / 122kB;0B / 209kB;5;47
Devnet_Goshimmer;18;203.74%;0.92%;72.34MiB / 7.646GiB;35.3kB / 61kB;197kB / 77.8kB;5;47
Nodes_Router_1;2;0.00%;0.01%;848KiB / 7.646GiB;127kB / 110kB;0B / 0B;5;47
Gateways_Router_1;2;0.00%;0.01%;864KiB / 7.646GiB;21.6kB / 0B;0B / 0B;5;47
Gateway_2;32;14.85%;2.16%;169.4MiB / 7.646GiB;3kB / 826B;0B / 12.3kB;12;32
Gateway_1;32;18.65%;2.41%;188.9MiB / 7.646GiB;3.9kB / 826B;0B / 12.3kB;12;32
Rpc;8;0.02%;0.09%;7.145MiB / 7.646GiB;42.2kB / 29.6kB;0B / 57.3kB;12;32
Node_3;17;2.04%;0.19%;14.77MiB / 7.646GiB;164kB / 150kB;0B / 209kB;12;32
Node_2;17;0.79%;0.19%;15.03MiB / 7.646GiB;176kB / 151kB;0B / 209kB;12;32
Node_1;17;0.79%;0.19%;15.27MiB / 7.646GiB;137kB / 123kB;0B / 209kB;12;32
Devnet_Goshimmer;18;214.41%;0.92%;72.35MiB / 7.646GiB;38.4kB / 69kB;197kB / 77.8kB;12;32
Nodes_Router_1;2;0.00%;0.01%;848KiB / 7.646GiB;138kB / 121kB;0B / 0B;12;32
Gateways_Router_1;2;0.00%;0.01%;864KiB / 7.646GiB;21.6kB / 0B;0B / 0B;12;32
Gateway_2;32;14.94%;2.23%;174.3MiB / 7.646GiB;3.29kB / 826B;0B / 12.3kB;20;33
Gateway_1;32;16.16%;2.45%;191.6MiB / 7.646GiB;4.12kB / 826B;0B / 12.3kB;20;33
Rpc;8;0.01%;0.09%;7.145MiB / 7.646GiB;42.2kB / 29.6kB;0B / 57.3kB;20;33
Node_3;17;0.88%;0.19%;14.85MiB / 7.646GiB;167kB / 151kB;0B / 209kB;20;33
Node_2;17;0.82%;0.19%;15.22MiB / 7.646GiB;179kB / 152kB;0B / 209kB;20;33
Node_1;17;0.80%;0.20%;15.51MiB / 7.646GiB;140kB / 124kB;0B / 209kB;20;33
Devnet_Goshimmer;18;212.89%;0.92%;72.04MiB / 7.646GiB;41.4kB / 77kB;197kB / 77.8kB;20;33
Nodes_Router_1;2;0.00%;0.01%;848KiB / 7.646GiB;149kB / 132kB;0B / 0B;20;33
Gateways_Router_1;2;0.00%;0.01%;864KiB / 7.646GiB;21.6kB / 0B;0B / 0B;20;33
Gateway_2;32;14.73%;2.27%;178MiB / 7.646GiB;3.29kB / 826B;0B / 12.3kB;27;33
Gateway_1;34;18.10%;2.45%;192MiB / 7.646GiB;4.19kB / 826B;0B / 12.3kB;27;33
Rpc;8;0.01%;0.09%;7.145MiB / 7.646GiB;42.3kB / 29.7kB;0B / 57.3kB;27;33
Node_3;17;0.89%;0.19%;14.87MiB / 7.646GiB;171kB / 153kB;0B / 209kB;27;33
Node_2;17;0.87%;0.20%;15.58MiB / 7.646GiB;183kB / 155kB;0B / 209kB;27;33
Node_1;17;0.78%;0.19%;15.03MiB / 7.646GiB;143kB / 126kB;0B / 209kB;27;33
Devnet_Goshimmer;18;212.56%;0.93%;72.55MiB / 7.646GiB;44.5kB / 85kB;197kB / 77.8kB;27;33
Nodes_Router_1;2;0.00%;0.01%;848KiB / 7.646GiB;160kB / 143kB;0B / 0B;27;33
Gateways_Router_1;2;0.00%;0.01%;864KiB / 7.646GiB;21.6kB / 0B;0B / 0B;27;33
Gateway_2;34;21.82%;2.28%;178.7MiB / 7.646GiB;3.58kB / 826B;0B / 12.3kB;34;34
Gateway_1;34;16.10%;2.50%;196MiB / 7.646GiB;4.41kB / 826B;0B / 12.3kB;34;34
Rpc;8;0.01%;0.09%;7.145MiB / 7.646GiB;42.4kB / 29.8kB;0B / 57.3kB;34;34
Node_3;17;1.33%;0.20%;15.3MiB / 7.646GiB;174kB / 154kB;0B / 209kB;34;34
Node_2;17;0.80%;0.19%;15MiB / 7.646GiB;186kB / 156kB;0B / 209kB;34;34
Node_1;17;0.84%;0.19%;15.17MiB / 7.646GiB;146kB / 127kB;0B / 209kB;34;34
Devnet_Goshimmer;18;205.73%;0.92%;72.1MiB / 7.646GiB;47.5kB / 93kB;197kB / 77.8kB;34;34
Nodes_Router_1;2;0.00%;0.01%;848KiB / 7.646GiB;171kB / 155kB;0B / 0B;34;34
Gateways_Router_1;2;0.00%;0.01%;864KiB / 7.646GiB;21.6kB / 0B;0B / 0B;34;34
Gateway_2;34;25.71%;2.30%;179.8MiB / 7.646GiB;4.01kB / 826B;0B / 12.3kB;41;38
Gateway_1;34;39.98%;2.51%;196.4MiB / 7.646GiB;4.83kB / 826B;0B / 12.3kB;41;38
Rpc;8;0.01%;0.09%;7.145MiB / 7.646GiB;42.6kB / 29.8kB;0B / 57.3kB;41;38
Node_3;17;0.81%;0.19%;14.72MiB / 7.646GiB;177kB / 155kB;0B / 209kB;41;38
Node_2;17;0.88%;0.19%;15.09MiB / 7.646GiB;189kB / 157kB;0B / 209kB;41;38
Node_1;17;0.77%;0.20%;15.3MiB / 7.646GiB;149kB / 128kB;0B / 209kB;41;38
Devnet_Goshimmer;18;208.08%;0.92%;72.1MiB / 7.646GiB;50.6kB / 101kB;197kB / 77.8kB;41;38
Nodes_Router_1;2;0.00%;0.01%;848KiB / 7.646GiB;182kB / 165kB;0B / 0B;41;38
Gateways_Router_1;2;0.00%;0.01%;864KiB / 7.646GiB;22.4kB / 0B;0B / 0B;41;38
Gateway_2;34;29.14%;2.30%;179.8MiB / 7.646GiB;4.01kB / 826B;0B / 12.3kB;48;37
Gateway_1;34;21.84%;2.51%;196.5MiB / 7.646GiB;4.83kB / 826B;0B / 12.3kB;48;37
Rpc;8;0.01%;0.09%;7.148MiB / 7.646GiB;42.8kB / 29.8kB;0B / 57.3kB;48;37
Node_3;17;0.97%;0.19%;14.91MiB / 7.646GiB;180kB / 156kB;0B / 209kB;48;37
Node_2;17;0.68%;0.19%;15.25MiB / 7.646GiB;192kB / 158kB;0B / 209kB;48;37
Node_1;17;0.78%;0.19%;14.81MiB / 7.646GiB;152kB / 130kB;0B / 209kB;48;37
Devnet_Goshimmer;18;213.76%;0.92%;72.11MiB / 7.646GiB;54.2kB / 108kB;197kB / 77.8kB;48;37
Nodes_Router_1;2;0.00%;0.01%;848KiB / 7.646GiB;193kB / 176kB;0B / 0B;48;37
Gateways_Router_1;2;0.00%;0.01%;864KiB / 7.646GiB;22.9kB / 0B;0B / 0B;48;37
Gateway_2;34;27.93%;2.30%;179.9MiB / 7.646GiB;4.01kB / 826B;0B / 12.3kB;55;33
Gateway_1;34;22.24%;2.51%;196.5MiB / 7.646GiB;4.9kB / 826B;0B / 12.3kB;55;33
Rpc;8;0.01%;0.09%;7.148MiB / 7.646GiB;42.8kB / 29.9kB;0B / 57.3kB;55;33
Node_3;17;2.04%;0.19%;14.51MiB / 7.646GiB;183kB / 157kB;0B / 209kB;55;33
Node_2;17;0.86%;0.19%;15.18MiB / 7.646GiB;195kB / 159kB;0B / 209kB;55;33
Node_1;17;0.80%;0.19%;14.9MiB / 7.646GiB;155kB / 131kB;0B / 209kB;55;33
Devnet_Goshimmer;18;212.96%;0.92%;71.69MiB / 7.646GiB;57.2kB / 116kB;197kB / 77.8kB;55;33
Nodes_Router_1;2;0.00%;0.01%;848KiB / 7.646GiB;205kB / 187kB;0B / 0B;55;33
Gateways_Router_1;2;0.00%;0.01%;864KiB / 7.646GiB;23kB / 0B;0B / 0B;55;33
Gateway_2;34;27.68%;2.30%;180MiB / 7.646GiB;4.01kB / 826B;0B / 12.3kB;62;36
Gateway_1;34;22.76%;2.51%;196.7MiB / 7.646GiB;5.12kB / 826B;0B / 12.3kB;62;36
Rpc;8;0.03%;0.09%;7.148MiB / 7.646GiB;43.1kB / 29.9kB;0B / 57.3kB;62;36
Node_3;17;0.78%;0.19%;14.6MiB / 7.646GiB;187kB / 160kB;0B / 209kB;62;36
Node_2;17;0.83%;0.20%;15.34MiB / 7.646GiB;199kB / 163kB;0B / 209kB;62;36
Node_1;17;0.85%;0.19%;15.08MiB / 7.646GiB;159kB / 133kB;0B / 209kB;62;36
Devnet_Goshimmer;18;211.79%;0.92%;71.82MiB / 7.646GiB;60.3kB / 124kB;197kB / 77.8kB;62;36
Nodes_Router_1;2;0.00%;0.01%;848KiB / 7.646GiB;216kB / 198kB;0B / 0B;62;36
Gateways_Router_1;2;0.00%;0.01%;864KiB / 7.646GiB;23kB / 0B;0B / 0B;62;36
Gateway_2;34;27.09%;2.30%;180MiB / 7.646GiB;4.3kB / 826B;0B / 12.3kB;69;34
Gateway_1;34;22.53%;2.51%;196.8MiB / 7.646GiB;5.12kB / 826B;0B / 12.3kB;69;34
Rpc;8;0.01%;0.09%;7.148MiB / 7.646GiB;43.1kB / 29.9kB;0B / 57.3kB;69;34
Node_3;17;0.79%;0.19%;14.77MiB / 7.646GiB;190kB / 161kB;0B / 209kB;69;34
Node_2;17;0.76%;0.20%;15.44MiB / 7.646GiB;202kB / 164kB;0B / 209kB;69;34
Node_1;17;0.78%;0.19%;14.8MiB / 7.646GiB;162kB / 134kB;0B / 209kB;69;34
Devnet_Goshimmer;18;210.84%;0.92%;71.99MiB / 7.646GiB;63.4kB / 132kB;197kB / 77.8kB;69;34
Nodes_Router_1;2;0.00%;0.01%;848KiB / 7.646GiB;227kB / 209kB;0B / 0B;69;34
Gateways_Router_1;2;0.00%;0.01%;864KiB / 7.646GiB;23kB / 0B;0B / 0B;69;34
Gateway_2;34;28.67%;2.30%;180MiB / 7.646GiB;4.3kB / 826B;0B / 12.3kB;76;34
Gateway_1;34;22.26%;2.51%;196.8MiB / 7.646GiB;5.12kB / 826B;0B / 12.3kB;76;34
Rpc;8;0.01%;0.09%;7.148MiB / 7.646GiB;43.1kB / 29.9kB;0B / 57.3kB;76;34
Node_3;17;0.91%;0.19%;14.58MiB / 7.646GiB;193kB / 162kB;0B / 209kB;76;34
Node_2;17;0.86%;0.19%;14.91MiB / 7.646GiB;205kB / 165kB;0B / 209kB;76;34
Node_1;17;0.71%;0.19%;14.95MiB / 7.646GiB;165kB / 135kB;0B / 209kB;76;34
Devnet_Goshimmer;18;214.78%;0.92%;71.99MiB / 7.646GiB;66.4kB / 140kB;197kB / 77.8kB;76;34
Nodes_Router_1;2;0.00%;0.01%;848KiB / 7.646GiB;238kB / 220kB;0B / 0B;76;34
Gateways_Router_1;2;0.00%;0.01%;864KiB / 7.646GiB;23kB / 0B;0B / 0B;76;34
Gateway_2;34;28.37%;2.30%;180.1MiB / 7.646GiB;4.3kB / 826B;0B / 12.3kB;83;35
Gateway_1;34;28.95%;2.51%;196.9MiB / 7.646GiB;5.12kB / 826B;0B / 12.3kB;83;35
Rpc;8;0.01%;0.09%;7.148MiB / 7.646GiB;43.2kB / 29.9kB;0B / 57.3kB;83;35
Node_3;17;0.86%;0.19%;14.7MiB / 7.646GiB;195kB / 163kB;0B / 209kB;83;35
Node_2;17;0.85%;0.19%;14.97MiB / 7.646GiB;207kB / 166kB;0B / 209kB;83;35
Node_1;17;1.77%;0.19%;14.89MiB / 7.646GiB;167kB / 136kB;0B / 209kB;83;35
Devnet_Goshimmer;18;211.72%;0.92%;72MiB / 7.646GiB;69.5kB / 148kB;197kB / 77.8kB;83;35
Nodes_Router_1;2;0.00%;0.01%;848KiB / 7.646GiB;249kB / 231kB;0B / 0B;83;35
Gateways_Router_1;2;0.00%;0.01%;864KiB / 7.646GiB;23kB / 0B;0B / 0B;83;35
Gateway_2;34;31.91%;2.30%;180.1MiB / 7.646GiB;4.3kB / 826B;0B / 12.3kB;91;38
Gateway_1;34;24.84%;2.51%;196.9MiB / 7.646GiB;5.12kB / 826B;0B / 12.3kB;91;38
Rpc;8;0.01%;0.09%;7.148MiB / 7.646GiB;43.4kB / 30.2kB;0B / 57.3kB;91;38
Node_3;17;0.99%;0.19%;14.84MiB / 7.646GiB;200kB / 166kB;0B / 209kB;91;38
Node_2;17;1.80%;0.19%;14.92MiB / 7.646GiB;212kB / 169kB;0B / 209kB;91;38
Node_1;17;0.79%;0.19%;14.98MiB / 7.646GiB;171kB / 138kB;0B / 209kB;91;38
Devnet_Goshimmer;18;213.20%;0.93%;72.63MiB / 7.646GiB;72.5kB / 156kB;197kB / 77.8kB;91;38
Nodes_Router_1;2;0.00%;0.01%;848KiB / 7.646GiB;261kB / 243kB;0B / 0B;91;38
Gateways_Router_1;2;0.00%;0.01%;864KiB / 7.646GiB;23kB / 0B;0B / 0B;91;38
Gateway_2;34;21.64%;2.30%;180.2MiB / 7.646GiB;4.34kB / 826B;0B / 12.3kB;98;35
Gateway_1;34;22.80%;2.91%;227.6MiB / 7.646GiB;6.1kB / 2.75kB;0B / 12.3kB;98;35
Rpc;8;0.03%;0.09%;7.332MiB / 7.646GiB;47.1kB / 34.1kB;0B / 57.3kB;98;35
Node_3;17;1.00%;0.19%;14.68MiB / 7.646GiB;208kB / 173kB;0B / 209kB;98;35
Node_2;17;0.80%;0.19%;15.1MiB / 7.646GiB;220kB / 175kB;0B / 209kB;98;35
Node_1;17;0.79%;0.19%;14.93MiB / 7.646GiB;180kB / 145kB;0B / 209kB;98;35
Devnet_Goshimmer;18;212.92%;0.93%;72.52MiB / 7.646GiB;75.6kB / 164kB;197kB / 77.8kB;98;35
Nodes_Router_1;2;0.00%;0.01%;848KiB / 7.646GiB;276kB / 259kB;0B / 0B;98;35
Gateways_Router_1;2;0.00%;0.01%;864KiB / 7.646GiB;25.9kB / 2.9kB;0B / 0B;98;35
Gateway_2;34;27.83%;2.69%;210.8MiB / 7.646GiB;6.22kB / 4.02kB;0B / 12.3kB;105;35
Gateway_1;34;23.07%;2.91%;228.1MiB / 7.646GiB;9.88kB / 47.1kB;0B / 12.3kB;105;35
Rpc;10;0.21%;0.11%;8.863MiB / 7.646GiB;104kB / 77.7kB;0B / 57.3kB;105;35
Node_3;17;7.85%;0.19%;14.91MiB / 7.646GiB;253kB / 216kB;0B / 598kB;105;35
Node_2;17;8.61%;0.20%;15.92MiB / 7.646GiB;266kB / 217kB;0B / 594kB;105;35
Node_1;17;8.18%;0.21%;16.27MiB / 7.646GiB;247kB / 182kB;0B / 602kB;105;35
Devnet_Goshimmer;18;210.55%;0.93%;72.55MiB / 7.646GiB;81kB / 176kB;197kB / 77.8kB;105;35
Nodes_Router_1;2;0.00%;0.01%;848KiB / 7.646GiB;340kB / 323kB;0B / 0B;105;35
Gateways_Router_1;2;0.00%;0.01%;864KiB / 7.646GiB;79kB / 56kB;0B / 0B;105;35
Gateway_2;34;26.32%;2.70%;211.3MiB / 7.646GiB;9.99kB / 48.2kB;0B / 12.3kB;112;35
Gateway_1;34;22.48%;2.92%;228.4MiB / 7.646GiB;11.8kB / 49.3kB;0B / 12.3kB;112;35
Rpc;11;0.01%;0.12%;9.508MiB / 7.646GiB;186kB / 119kB;0B / 57.3kB;112;35
Node_3;18;0.92%;0.20%;16.03MiB / 7.646GiB;328kB / 278kB;0B / 786kB;112;35
Node_2;17;2.03%;0.21%;16.09MiB / 7.646GiB;343kB / 279kB;0B / 782kB;112;35
Node_1;17;0.95%;0.22%;17.28MiB / 7.646GiB;320kB / 276kB;0B / 791kB;112;35
Devnet_Goshimmer;18;211.59%;0.92%;72.31MiB / 7.646GiB;86.9kB / 189kB;197kB / 77.8kB;112;35
Nodes_Router_1;2;0.00%;0.01%;848KiB / 7.646GiB;431kB / 413kB;0B / 0B;112;35
Gateways_Router_1;2;0.00%;0.01%;864KiB / 7.646GiB;131kB / 108kB;0B / 0B;112;35
Gateway_2;34;26.84%;2.70%;211.7MiB / 7.646GiB;11.9kB / 50.4kB;0B / 12.3kB;119;35
Gateway_1;34;23.42%;2.92%;228.5MiB / 7.646GiB;15.2kB / 53.9kB;0B / 12.3kB;119;35
Rpc;11;0.40%;0.13%;10.2MiB / 7.646GiB;231kB / 136kB;0B / 57.3kB;119;35
Node_3;18;1.41%;0.23%;18.03MiB / 7.646GiB;415kB / 349kB;0B / 1.33MB;119;35
Node_2;17;1.90%;0.22%;17.25MiB / 7.646GiB;428kB / 352kB;0B / 1.33MB;119;35
Node_1;18;3.95%;0.23%;17.77MiB / 7.646GiB;376kB / 381kB;0B / 1.34MB;119;35
Devnet_Goshimmer;18;209.99%;0.93%;72.78MiB / 7.646GiB;93.5kB / 202kB;197kB / 77.8kB;119;35
Nodes_Router_1;2;0.00%;0.01%;848KiB / 7.646GiB;501kB / 483kB;0B / 0B;119;35
Gateways_Router_1;2;0.00%;0.01%;864KiB / 7.646GiB;143kB / 120kB;0B / 0B;119;35
Gateway_2;34;30.95%;2.70%;211.7MiB / 7.646GiB;16.4kB / 55.5kB;0B / 12.3kB;126;35
Gateway_1;34;24.40%;2.92%;228.6MiB / 7.646GiB;18.4kB / 57.1kB;0B / 12.3kB;126;35
Rpc;12;0.42%;0.13%;9.945MiB / 7.646GiB;253kB / 157kB;0B / 57.3kB;126;35
Node_3;18;9.19%;0.22%;17.34MiB / 7.646GiB;495kB / 420kB;0B / 1.37MB;126;35
Node_2;18;9.63%;0.22%;16.96MiB / 7.646GiB;503kB / 433kB;0B / 1.37MB;126;35
Node_1;18;9.17%;0.23%;18.34MiB / 7.646GiB;439kB / 441kB;0B / 1.38MB;126;35
Devnet_Goshimmer;18;211.87%;0.92%;72.35MiB / 7.646GiB;100kB / 215kB;197kB / 77.8kB;126;35
Nodes_Router_1;2;0.00%;0.01%;848KiB / 7.646GiB;547kB / 530kB;0B / 0B;126;35
Gateways_Router_1;2;0.00%;0.01%;864KiB / 7.646GiB;159kB / 136kB;0B / 0B;126;35
Gateway_2;34;32.31%;2.70%;211.8MiB / 7.646GiB;19.7kB / 58.7kB;0B / 12.3kB;133;36
Gateway_1;34;21.86%;2.92%;228.6MiB / 7.646GiB;21kB / 60.1kB;0B / 12.3kB;133;36
Rpc;12;0.01%;0.13%;10.11MiB / 7.646GiB;269kB / 171kB;0B / 57.3kB;133;36
Node_3;18;1.30%;0.22%;17.16MiB / 7.646GiB;563kB / 485kB;0B / 1.61MB;133;36
Node_2;18;1.09%;0.24%;18.67MiB / 7.646GiB;573kB / 498kB;0B / 1.61MB;133;36
Node_1;18;1.18%;0.23%;18.15MiB / 7.646GiB;487kB / 491kB;0B / 1.62MB;133;36
Devnet_Goshimmer;18;208.14%;0.93%;72.57MiB / 7.646GiB;105kB / 226kB;197kB / 77.8kB;133;36
Nodes_Router_1;2;0.00%;0.01%;848KiB / 7.646GiB;582kB / 564kB;0B / 0B;133;36
Gateways_Router_1;2;0.00%;0.01%;864KiB / 7.646GiB;171kB / 148kB;0B / 0B;133;36
Gateway_2;34;26.48%;2.71%;211.9MiB / 7.646GiB;22.3kB / 61.7kB;0B / 12.3kB;140;36
Gateway_1;34;27.86%;2.92%;228.7MiB / 7.646GiB;23.6kB / 63.5kB;0B / 12.3kB;140;36
Rpc;12;0.01%;0.13%;10.2MiB / 7.646GiB;285kB / 186kB;0B / 57.3kB;140;36
Node_3;18;0.83%;0.22%;17.3MiB / 7.646GiB;616kB / 534kB;0B / 1.65MB;140;36
Node_2;18;0.84%;0.23%;17.72MiB / 7.646GiB;626kB / 549kB;0B / 1.65MB;140;36
Node_1;18;0.84%;0.24%;18.79MiB / 7.646GiB;529kB / 533kB;0B / 1.65MB;140;36
Devnet_Goshimmer;18;208.43%;0.93%;72.95MiB / 7.646GiB;111kB / 237kB;197kB / 77.8kB;140;36
Nodes_Router_1;2;0.00%;0.01%;848KiB / 7.646GiB;617kB / 600kB;0B / 0B;140;36
Gateways_Router_1;2;0.00%;0.01%;864KiB / 7.646GiB;182kB / 159kB;0B / 0B;140;36
Gateway_2;34;27.35%;2.71%;211.9MiB / 7.646GiB;24.9kB / 65.1kB;0B / 12.3kB;147;35
Gateway_1;34;28.86%;2.92%;228.7MiB / 7.646GiB;26.2kB / 66.8kB;0B / 12.3kB;147;35
Rpc;12;0.03%;0.13%;10.36MiB / 7.646GiB;300kB / 201kB;0B / 57.3kB;147;35
Node_3;18;0.91%;0.22%;17.28MiB / 7.646GiB;665kB / 581kB;0B / 1.91MB;147;35
Node_2;18;0.82%;0.22%;17.38MiB / 7.646GiB;676kB / 596kB;0B / 1.91MB;147;35
Node_1;18;0.81%;0.23%;18.02MiB / 7.646GiB;569kB / 572kB;0B / 1.92MB;147;35
Devnet_Goshimmer;18;209.16%;0.93%;72.75MiB / 7.646GiB;115kB / 247kB;197kB / 77.8kB;147;35
Nodes_Router_1;2;0.00%;0.01%;848KiB / 7.646GiB;650kB / 633kB;0B / 0B;147;35
Gateways_Router_1;2;0.00%;0.01%;864KiB / 7.646GiB;194kB / 171kB;0B / 0B;147;35
Gateway_2;34;27.67%;2.71%;212MiB / 7.646GiB;27.5kB / 68.4kB;0B / 12.3kB;155;35
Gateway_1;34;23.07%;2.92%;228.8MiB / 7.646GiB;31kB / 71.9kB;0B / 12.3kB;155;35
Rpc;12;0.26%;0.13%;10.04MiB / 7.646GiB;321kB / 220kB;0B / 57.3kB;155;35
Node_3;18;9.36%;0.23%;18.23MiB / 7.646GiB;731kB / 644kB;0B / 1.96MB;155;35
Node_2;18;8.57%;0.23%;17.99MiB / 7.646GiB;742kB / 658kB;0B / 1.96MB;155;35
Node_1;18;8.44%;0.25%;19.29MiB / 7.646GiB;622kB / 626kB;0B / 2.22MB;155;35
Devnet_Goshimmer;18;215.09%;0.93%;72.7MiB / 7.646GiB;122kB / 260kB;197kB / 77.8kB;155;35
Nodes_Router_1;2;0.01%;0.01%;848KiB / 7.646GiB;694kB / 676kB;0B / 0B;155;35
Gateways_Router_1;2;0.00%;0.01%;864KiB / 7.646GiB;210kB / 187kB;0B / 0B;155;35
Gateway_2;34;22.47%;2.71%;212MiB / 7.646GiB;30.1kB / 71.8kB;0B / 12.3kB;162;33
Gateway_1;34;22.44%;2.92%;228.9MiB / 7.646GiB;33.6kB / 75.3kB;0B / 12.3kB;162;33
Rpc;12;0.22%;0.13%;10.2MiB / 7.646GiB;337kB / 235kB;0B / 57.3kB;162;33
Node_3;18;7.97%;0.23%;18.05MiB / 7.646GiB;787kB / 694kB;0B / 2.25MB;162;33
Node_2;18;8.08%;0.23%;17.76MiB / 7.646GiB;794kB / 710kB;0B / 2.25MB;162;33
Node_1;18;8.05%;0.24%;18.72MiB / 7.646GiB;663kB / 667kB;0B / 2.26MB;162;33
Devnet_Goshimmer;18;211.41%;0.94%;73.36MiB / 7.646GiB;127kB / 271kB;197kB / 77.8kB;162;33
Nodes_Router_1;2;0.00%;0.01%;848KiB / 7.646GiB;729kB / 712kB;0B / 0B;162;33
Gateways_Router_1;2;0.00%;0.01%;864KiB / 7.646GiB;222kB / 199kB;0B / 0B;162;33
Gateway_2;34;27.23%;2.71%;212.2MiB / 7.646GiB;32.8kB / 75.2kB;0B / 12.3kB;169;34
Gateway_1;34;22.01%;2.92%;228.9MiB / 7.646GiB;34.1kB / 76.8kB;0B / 12.3kB;169;34
Rpc;12;0.01%;0.13%;10.32MiB / 7.646GiB;348kB / 245kB;0B / 57.3kB;169;34
Node_3;18;7.98%;0.23%;17.98MiB / 7.646GiB;841kB / 745kB;0B / 2.28MB;169;34
Node_2;18;9.89%;0.24%;18.88MiB / 7.646GiB;849kB / 761kB;0B / 2.28MB;169;34
Node_1;18;8.61%;0.24%;19.13MiB / 7.646GiB;704kB / 704kB;0B / 2.29MB;169;34
Devnet_Goshimmer;18;208.53%;0.94%;73.28MiB / 7.646GiB;134kB / 284kB;197kB / 77.8kB;169;34
Nodes_Router_1;2;0.00%;0.01%;848KiB / 7.646GiB;763kB / 744kB;0B / 0B;169;34
Gateways_Router_1;2;0.00%;0.01%;864KiB / 7.646GiB;230kB / 207kB;0B / 0B;169;34
Gateway_2;34;26.52%;2.71%;212.2MiB / 7.646GiB;35.6kB / 78.4kB;0B / 12.3kB;176;32
Gateway_1;34;23.00%;2.92%;229MiB / 7.646GiB;39.1kB / 81.9kB;0B / 12.3kB;176;32
Rpc;12;0.25%;0.13%;10.41MiB / 7.646GiB;369kB / 264kB;0B / 57.3kB;176;32
Node_3;18;8.05%;0.23%;17.98MiB / 7.646GiB;895kB / 795kB;0B / 2.6MB;176;32
Node_2;18;7.63%;0.23%;18.38MiB / 7.646GiB;901kB / 811kB;0B / 2.6MB;176;32
Node_1;18;8.84%;0.25%;19.33MiB / 7.646GiB;747kB / 748kB;0B / 2.61MB;176;32
Devnet_Goshimmer;18;214.44%;0.94%;73.32MiB / 7.646GiB;139kB / 295kB;197kB / 77.8kB;176;32
Nodes_Router_1;2;0.00%;0.01%;848KiB / 7.646GiB;803kB / 784kB;0B / 0B;176;32
Gateways_Router_1;2;0.00%;0.01%;864KiB / 7.646GiB;247kB / 222kB;0B / 0B;176;32
Gateway_2;34;27.68%;2.71%;212.2MiB / 7.646GiB;38.2kB / 81.8kB;0B / 12.3kB;183;32
Gateway_1;34;22.35%;2.93%;229.1MiB / 7.646GiB;41.7kB / 85.2kB;0B / 12.3kB;183;32
Rpc;12;0.26%;0.14%;10.61MiB / 7.646GiB;384kB / 278kB;0B / 57.3kB;183;32
Node_3;18;2.59%;0.23%;18.3MiB / 7.646GiB;954kB / 851kB;0B / 2.95MB;183;32
Node_2;18;1.68%;0.24%;18.82MiB / 7.646GiB;962kB / 870kB;0B / 2.95MB;183;32
Node_1;18;3.27%;0.25%;19.27MiB / 7.646GiB;794kB / 795kB;0B / 2.95MB;183;32
Devnet_Goshimmer;18;211.03%;0.93%;73.2MiB / 7.646GiB;145kB / 307kB;197kB / 77.8kB;183;32
Nodes_Router_1;2;0.00%;0.01%;848KiB / 7.646GiB;838kB / 819kB;0B / 0B;183;32
Gateways_Router_1;2;0.00%;0.01%;864KiB / 7.646GiB;259kB / 234kB;0B / 0B;183;32
Gateway_2;34;27.36%;2.71%;212.2MiB / 7.646GiB;43kB / 87kB;0B / 12.3kB;190;34
Gateway_1;34;22.60%;2.93%;229.2MiB / 7.646GiB;44.3kB / 88.6kB;0B / 12.3kB;190;34
Rpc;12;0.45%;0.14%;10.82MiB / 7.646GiB;405kB / 297kB;0B / 57.3kB;190;34
Node_3;18;8.40%;0.25%;19.72MiB / 7.646GiB;1.02MB / 915kB;0B / 2.99MB;190;34
Node_2;18;8.74%;0.25%;19.22MiB / 7.646GiB;1.03MB / 931kB;0B / 2.99MB;190;34
Node_1;18;10.52%;0.25%;19.35MiB / 7.646GiB;845kB / 845kB;0B / 3MB;190;34
Devnet_Goshimmer;18;206.94%;0.94%;73.63MiB / 7.646GiB;151kB / 319kB;197kB / 77.8kB;190;34
Nodes_Router_1;2;0.00%;0.01%;848KiB / 7.646GiB;880kB / 861kB;0B / 0B;190;34
Gateways_Router_1;2;0.00%;0.01%;864KiB / 7.646GiB;275kB / 250kB;0B / 0B;190;34
Gateway_2;34;26.59%;2.71%;212.3MiB / 7.646GiB;45kB / 89.1kB;0B / 12.3kB;197;32
Gateway_1;34;25.43%;2.93%;229.2MiB / 7.646GiB;47.3kB / 93.5kB;0B / 12.3kB;197;32
Rpc;12;0.40%;0.13%;10.41MiB / 7.646GiB;423kB / 315kB;0B / 57.3kB;197;32
Node_3;18;9.09%;0.24%;18.86MiB / 7.646GiB;1.07MB / 963kB;0B / 3.36MB;197;32
Node_2;18;7.88%;0.25%;19.51MiB / 7.646GiB;1.08MB / 979kB;0B / 3.36MB;197;32
Node_1;18;8.80%;0.25%;19.9MiB / 7.646GiB;886kB / 886kB;0B / 3.37MB;197;32
Devnet_Goshimmer;18;210.89%;0.94%;73.26MiB / 7.646GiB;155kB / 328kB;197kB / 77.8kB;197;32
Nodes_Router_1;2;0.00%;0.01%;848KiB / 7.646GiB;911kB / 891kB;0B / 0B;197;32
Gateways_Router_1;2;0.00%;0.01%;864KiB / 7.646GiB;283kB / 258kB;0B / 0B;197;32
Gateway_2;34;27.81%;2.71%;212.4MiB / 7.646GiB;48.2kB / 93.7kB;0B / 12.3kB;204;33
Gateway_1;34;26.62%;2.93%;229.3MiB / 7.646GiB;49.8kB / 96.8kB;0B / 12.3kB;204;33
Rpc;12;0.39%;0.13%;10.41MiB / 7.646GiB;439kB / 330kB;0B / 57.3kB;204;33
Node_3;18;8.63%;0.25%;19.43MiB / 7.646GiB;1.12MB / 1.01MB;0B / 3.39MB;204;33
Node_2;18;8.58%;0.24%;18.52MiB / 7.646GiB;1.13MB / 1.03MB;0B / 3.39MB;204;33
Node_1;18;11.16%;0.25%;19.57MiB / 7.646GiB;929kB / 928kB;0B / 3.4MB;204;33
Devnet_Goshimmer;18;214.56%;0.94%;73.6MiB / 7.646GiB;161kB / 339kB;197kB / 77.8kB;204;33
Nodes_Router_1;2;0.00%;0.01%;848KiB / 7.646GiB;952kB / 933kB;0B / 0B;204;33
Gateways_Router_1;2;0.00%;0.01%;864KiB / 7.646GiB;300kB / 276kB;0B / 0B;204;33
Gateway_2;34;27.15%;2.71%;212.4MiB / 7.646GiB;50.8kB / 97kB;0B / 12.3kB;211;34
Gateway_1;34;23.54%;2.93%;229.4MiB / 7.646GiB;52.4kB / 100kB;0B / 12.3kB;211;34
Rpc;12;0.40%;0.13%;10.46MiB / 7.646GiB;455kB / 346kB;0B / 57.3kB;211;34
Node_3;18;1.23%;0.24%;19.11MiB / 7.646GiB;1.19MB / 1.07MB;0B / 3.77MB;211;34
Node_2;18;1.43%;0.24%;18.88MiB / 7.646GiB;1.2MB / 1.09MB;0B / 3.77MB;211;34
Node_1;18;2.06%;0.27%;21.23MiB / 7.646GiB;975kB / 977kB;0B / 3.78MB;211;34
Devnet_Goshimmer;18;213.92%;0.94%;73.73MiB / 7.646GiB;166kB / 350kB;197kB / 77.8kB;211;34
Nodes_Router_1;2;0.00%;0.01%;848KiB / 7.646GiB;987kB / 968kB;0B / 0B;211;34
Gateways_Router_1;2;0.00%;0.01%;864KiB / 7.646GiB;312kB / 288kB;0B / 0B;211;34
Gateway_2;34;37.93%;2.72%;212.6MiB / 7.646GiB;53.7kB / 102kB;0B / 12.3kB;218;35
Gateway_1;34;22.30%;2.93%;229.4MiB / 7.646GiB;55kB / 103kB;0B / 12.3kB;218;35
Rpc;12;0.17%;0.13%;10.5MiB / 7.646GiB;474kB / 364kB;0B / 57.3kB;218;35
Node_3;18;1.28%;0.24%;18.61MiB / 7.646GiB;1.24MB / 1.13MB;0B / 3.8MB;218;35
Node_2;18;1.24%;0.24%;18.78MiB / 7.646GiB;1.26MB / 1.14MB;0B / 3.8MB;218;35
Node_1;18;1.65%;0.26%;20.48MiB / 7.646GiB;1.02MB / 1.02MB;0B / 3.81MB;218;35
Devnet_Goshimmer;18;207.75%;0.94%;73.9MiB / 7.646GiB;171kB / 361kB;197kB / 77.8kB;218;35
Nodes_Router_1;2;0.00%;0.01%;848KiB / 7.646GiB;1.03MB / 1.01MB;0B / 0B;218;35
Gateways_Router_1;2;0.00%;0.01%;864KiB / 7.646GiB;326kB / 301kB;0B / 0B;218;35
Gateway_2;34;29.39%;2.72%;212.8MiB / 7.646GiB;56.3kB / 105kB;0B / 12.3kB;226;34
Gateway_1;34;21.81%;2.93%;229.5MiB / 7.646GiB;57.7kB / 107kB;0B / 12.3kB;226;34
Rpc;12;0.18%;0.14%;10.71MiB / 7.646GiB;490kB / 378kB;0B / 57.3kB;226;34
Node_3;18;1.35%;0.25%;19.55MiB / 7.646GiB;1.29MB / 1.18MB;0B / 4.21MB;226;34
Node_2;18;1.23%;0.24%;18.72MiB / 7.646GiB;1.31MB / 1.19MB;0B / 4.21MB;226;34
Node_1;18;1.61%;0.25%;19.85MiB / 7.646GiB;1.06MB / 1.06MB;0B / 4.22MB;226;34
Devnet_Goshimmer;18;212.32%;0.94%;73.93MiB / 7.646GiB;176kB / 372kB;197kB / 77.8kB;226;34
Nodes_Router_1;2;0.00%;0.01%;848KiB / 7.646GiB;1.06MB / 1.04MB;0B / 0B;226;34
Gateways_Router_1;2;0.00%;0.01%;864KiB / 7.646GiB;338kB / 313kB;0B / 0B;226;34
Gateway_2;34;36.24%;2.72%;212.8MiB / 7.646GiB;58.9kB / 109kB;0B / 12.3kB;233;35
Gateway_1;34;19.97%;2.93%;229.5MiB / 7.646GiB;60.3kB / 110kB;0B / 12.3kB;233;35
Rpc;12;0.98%;0.13%;10.23MiB / 7.646GiB;506kB / 393kB;0B / 57.3kB;233;35
Node_3;18;0.92%;0.25%;19.39MiB / 7.646GiB;1.35MB / 1.23MB;0B / 4.24MB;233;35
Node_2;18;1.01%;0.25%;19.76MiB / 7.646GiB;1.36MB / 1.24MB;0B / 4.24MB;233;35
Node_1;18;1.22%;0.26%;20.41MiB / 7.646GiB;1.11MB / 1.1MB;0B / 4.25MB;233;35
Devnet_Goshimmer;18;212.90%;0.94%;73.52MiB / 7.646GiB;182kB / 384kB;197kB / 77.8kB;233;35
Nodes_Router_1;2;0.00%;0.01%;848KiB / 7.646GiB;1.1MB / 1.08MB;0B / 0B;233;35
Gateways_Router_1;2;0.00%;0.01%;864KiB / 7.646GiB;349kB / 325kB;0B / 0B;233;35
Gateway_2;34;31.75%;2.72%;212.9MiB / 7.646GiB;61.5kB / 112kB;0B / 12.3kB;240;35
Gateway_1;34;21.43%;2.93%;229.5MiB / 7.646GiB;62.9kB / 113kB;0B / 12.3kB;240;35
Rpc;12;0.02%;0.13%;10.36MiB / 7.646GiB;521kB / 408kB;0B / 57.3kB;240;35
Node_3;18;1.11%;0.25%;19.68MiB / 7.646GiB;1.41MB / 1.28MB;0B / 4.68MB;240;35
Node_2;18;1.05%;0.25%;19.76MiB / 7.646GiB;1.42MB / 1.3MB;0B / 4.68MB;240;35
Node_1;18;0.98%;0.26%;20.03MiB / 7.646GiB;1.15MB / 1.15MB;0B / 4.69MB;240;35
Devnet_Goshimmer;18;214.37%;0.95%;74.15MiB / 7.646GiB;187kB / 395kB;197kB / 77.8kB;240;35
Nodes_Router_1;2;0.00%;0.01%;848KiB / 7.646GiB;1.13MB / 1.11MB;0B / 0B;240;35
Gateways_Router_1;2;0.00%;0.01%;864KiB / 7.646GiB;361kB / 337kB;0B / 0B;240;35
Gateway_2;34;26.75%;2.72%;212.9MiB / 7.646GiB;64.1kB / 115kB;0B / 12.3kB;247;35
Gateway_1;34;21.81%;2.93%;229.6MiB / 7.646GiB;65.4kB / 117kB;0B / 12.3kB;247;35
Rpc;12;0.01%;0.13%;10.45MiB / 7.646GiB;537kB / 423kB;0B / 57.3kB;247;35
Node_3;18;1.02%;0.24%;18.93MiB / 7.646GiB;1.46MB / 1.33MB;0B / 4.71MB;247;35
Node_2;18;1.00%;0.26%;20.28MiB / 7.646GiB;1.47MB / 1.35MB;0B / 4.71MB;247;35
Node_1;18;0.90%;0.26%;20.6MiB / 7.646GiB;1.19MB / 1.18MB;0B / 4.72MB;247;35
Devnet_Goshimmer;18;211.03%;0.95%;74.43MiB / 7.646GiB;192kB / 405kB;197kB / 77.8kB;247;35
Nodes_Router_1;2;0.00%;0.01%;848KiB / 7.646GiB;1.17MB / 1.15MB;0B / 0B;247;35
Gateways_Router_1;2;0.00%;0.01%;864KiB / 7.646GiB;373kB / 349kB;0B / 0B;247;35
Gateway_2;34;27.19%;2.72%;212.9MiB / 7.646GiB;66.7kB / 119kB;0B / 12.3kB;254;35
Gateway_1;34;21.50%;2.93%;229.8MiB / 7.646GiB;68.3kB / 120kB;0B / 12.3kB;254;35
Rpc;12;0.01%;0.13%;10.52MiB / 7.646GiB;553kB / 438kB;0B / 57.3kB;254;35
Node_3;18;0.94%;0.25%;19.35MiB / 7.646GiB;1.51MB / 1.38MB;0B / 5.17MB;254;35
Node_2;18;0.86%;0.25%;19.48MiB / 7.646GiB;1.52MB / 1.4MB;0B / 5.17MB;254;35
Node_1;18;2.21%;0.25%;19.93MiB / 7.646GiB;1.23MB / 1.23MB;0B / 5.18MB;254;35
Devnet_Goshimmer;18;212.94%;0.94%;73.76MiB / 7.646GiB;197kB / 416kB;197kB / 77.8kB;254;35
Nodes_Router_1;2;0.01%;0.01%;848KiB / 7.646GiB;1.2MB / 1.18MB;0B / 0B;254;35
Gateways_Router_1;2;0.00%;0.01%;864KiB / 7.646GiB;385kB / 361kB;0B / 0B;254;35
Gateway_2;34;28.48%;2.72%;213MiB / 7.646GiB;69.5kB / 122kB;0B / 12.3kB;261;35
Gateway_1;34;22.25%;2.93%;229.7MiB / 7.646GiB;70.8kB / 123kB;0B / 12.3kB;261;35
Rpc;12;0.01%;0.13%;10.52MiB / 7.646GiB;568kB / 453kB;0B / 57.3kB;261;35
Node_3;18;0.79%;0.24%;19.01MiB / 7.646GiB;1.57MB / 1.43MB;0B / 5.21MB;261;35
Node_2;18;0.92%;0.25%;19.2MiB / 7.646GiB;1.58MB / 1.45MB;0B / 5.21MB;261;35
Node_1;18;0.84%;0.26%;20.69MiB / 7.646GiB;1.27MB / 1.27MB;0B / 5.21MB;261;35
Devnet_Goshimmer;18;206.42%;0.94%;73.72MiB / 7.646GiB;203kB / 429kB;197kB / 77.8kB;261;35
Nodes_Router_1;2;0.00%;0.01%;848KiB / 7.646GiB;1.24MB / 1.22MB;0B / 0B;261;35
Gateways_Router_1;2;0.00%;0.01%;864KiB / 7.646GiB;397kB / 372kB;0B / 0B;261;35
Gateway_2;34;25.50%;2.72%;213.1MiB / 7.646GiB;72.1kB / 125kB;0B / 12.3kB;268;34
Gateway_1;34;20.98%;2.93%;229.7MiB / 7.646GiB;73.4kB / 127kB;0B / 12.3kB;268;34
Rpc;12;0.01%;0.14%;10.57MiB / 7.646GiB;584kB / 468kB;0B / 57.3kB;268;34
Node_3;18;1.76%;0.24%;19.05MiB / 7.646GiB;1.62MB / 1.49MB;0B / 5.69MB;268;34
Node_2;18;0.84%;0.25%;19.64MiB / 7.646GiB;1.63MB / 1.5MB;0B / 5.69MB;268;34
Node_1;18;0.79%;0.26%;20.66MiB / 7.646GiB;1.32MB / 1.31MB;0B / 5.7MB;268;34
Devnet_Goshimmer;18;211.74%;0.95%;74.02MiB / 7.646GiB;208kB / 440kB;197kB / 77.8kB;268;34
Nodes_Router_1;2;0.00%;0.01%;848KiB / 7.646GiB;1.27MB / 1.25MB;0B / 0B;268;34
Gateways_Router_1;2;0.00%;0.01%;864KiB / 7.646GiB;409kB / 384kB;0B / 0B;268;34
Gateway_2;34;24.66%;2.72%;213.1MiB / 7.646GiB;74.7kB / 129kB;0B / 12.3kB;275;34
Gateway_1;34;27.48%;2.93%;229.7MiB / 7.646GiB;76kB / 130kB;0B / 12.3kB;275;34
Rpc;12;0.01%;0.14%;10.89MiB / 7.646GiB;600kB / 483kB;0B / 57.3kB;275;34
Node_3;18;0.81%;0.25%;19.45MiB / 7.646GiB;1.67MB / 1.54MB;0B / 5.72MB;275;34
Node_2;18;0.74%;0.25%;19.52MiB / 7.646GiB;1.69MB / 1.55MB;0B / 5.72MB;275;34
Node_1;18;0.79%;0.26%;20.33MiB / 7.646GiB;1.36MB / 1.35MB;0B / 5.73MB;275;34
Devnet_Goshimmer;18;211.54%;0.95%;74.1MiB / 7.646GiB;213kB / 449kB;197kB / 77.8kB;275;34
Nodes_Router_1;2;0.00%;0.01%;848KiB / 7.646GiB;1.31MB / 1.29MB;0B / 0B;275;34
Gateways_Router_1;2;0.00%;0.01%;864KiB / 7.646GiB;421kB / 396kB;0B / 0B;275;34
Gateway_2;34;27.26%;2.72%;213.2MiB / 7.646GiB;77.3kB / 132kB;0B / 12.3kB;282;33
Gateway_1;34;20.22%;2.93%;229.8MiB / 7.646GiB;78.6kB / 133kB;0B / 12.3kB;282;33
Rpc;12;0.02%;0.13%;10.49MiB / 7.646GiB;616kB / 498kB;0B / 57.3kB;282;33
Node_3;18;0.79%;0.25%;19.8MiB / 7.646GiB;1.73MB / 1.59MB;0B / 6.23MB;282;33
Node_2;18;0.80%;0.25%;19.59MiB / 7.646GiB;1.74MB / 1.61MB;0B / 6.23MB;282;33
Node_1;18;0.83%;0.27%;20.91MiB / 7.646GiB;1.41MB / 1.39MB;0B / 6.24MB;282;33
Devnet_Goshimmer;18;208.23%;0.95%;74.3MiB / 7.646GiB;219kB / 462kB;197kB / 77.8kB;282;33
Nodes_Router_1;2;0.00%;0.01%;848KiB / 7.646GiB;1.34MB / 1.33MB;0B / 0B;282;33
Gateways_Router_1;2;0.00%;0.01%;864KiB / 7.646GiB;433kB / 408kB;0B / 0B;282;33
Gateway_2;34;26.24%;2.72%;213.2MiB / 7.646GiB;79.9kB / 135kB;0B / 12.3kB;290;32
Gateway_1;34;22.67%;2.94%;229.8MiB / 7.646GiB;81.2kB / 137kB;0B / 12.3kB;290;32
Rpc;12;0.01%;0.13%;10.56MiB / 7.646GiB;631kB / 512kB;0B / 57.3kB;290;32
Node_3;18;0.81%;0.25%;19.36MiB / 7.646GiB;1.78MB / 1.64MB;0B / 6.26MB;290;32
Node_2;18;1.81%;0.25%;19.55MiB / 7.646GiB;1.79MB / 1.66MB;0B / 6.26MB;290;32
Node_1;18;0.74%;0.27%;21.11MiB / 7.646GiB;1.45MB / 1.43MB;0B / 6.27MB;290;32
Devnet_Goshimmer;18;211.44%;0.95%;74.42MiB / 7.646GiB;224kB / 474kB;197kB / 77.8kB;290;32
Nodes_Router_1;2;0.00%;0.01%;848KiB / 7.646GiB;1.38MB / 1.36MB;0B / 0B;290;32
Gateways_Router_1;2;0.00%;0.01%;864KiB / 7.646GiB;444kB / 420kB;0B / 0B;290;32
Gateway_2;34;25.38%;2.72%;213.2MiB / 7.646GiB;82.5kB / 139kB;0B / 12.3kB;297;31
Gateway_1;34;20.66%;2.94%;229.9MiB / 7.646GiB;83.8kB / 140kB;0B / 12.3kB;297;31
Rpc;12;0.01%;0.13%;10.56MiB / 7.646GiB;647kB / 527kB;0B / 57.3kB;297;31
Node_3;18;0.90%;0.26%;20.05MiB / 7.646GiB;1.83MB / 1.69MB;0B / 6.8MB;297;31
Node_2;18;1.43%;0.27%;21.17MiB / 7.646GiB;1.85MB / 1.71MB;0B / 6.8MB;297;31
Node_1;18;0.88%;0.27%;20.95MiB / 7.646GiB;1.49MB / 1.47MB;0B / 6.8MB;297;31
Devnet_Goshimmer;18;211.34%;0.96%;74.92MiB / 7.646GiB;229kB / 484kB;205kB / 77.8kB;297;31
Nodes_Router_1;2;0.00%;0.01%;848KiB / 7.646GiB;1.41MB / 1.39MB;0B / 0B;297;31
Gateways_Router_1;2;0.00%;0.01%;864KiB / 7.646GiB;456kB / 432kB;0B / 0B;297;31
Gateway_2;34;27.93%;2.72%;213.3MiB / 7.646GiB;85.1kB / 142kB;0B / 12.3kB;304;32
Gateway_1;34;23.00%;2.94%;229.9MiB / 7.646GiB;88.6kB / 145kB;0B / 12.3kB;304;32
Rpc;12;0.21%;0.14%;10.58MiB / 7.646GiB;668kB / 547kB;0B / 57.3kB;304;32
Node_3;18;8.53%;0.25%;19.92MiB / 7.646GiB;1.9MB / 1.75MB;0B / 7.36MB;304;32
Node_2;18;9.40%;0.26%;20.03MiB / 7.646GiB;1.91MB / 1.77MB;0B / 7.36MB;304;32
Node_1;18;10.18%;0.28%;21.94MiB / 7.646GiB;1.54MB / 1.52MB;0B / 7.37MB;304;32
Devnet_Goshimmer;18;212.11%;0.95%;74.26MiB / 7.646GiB;235kB / 496kB;205kB / 77.8kB;304;32
Nodes_Router_1;2;0.00%;0.01%;848KiB / 7.646GiB;1.46MB / 1.44MB;0B / 0B;304;32
Gateways_Router_1;2;0.00%;0.01%;864KiB / 7.646GiB;472kB / 448kB;0B / 0B;304;32
Gateway_2;34;28.40%;2.72%;213.3MiB / 7.646GiB;87.7kB / 145kB;0B / 12.3kB;311;32
Gateway_1;34;23.06%;2.94%;229.9MiB / 7.646GiB;91.2kB / 149kB;0B / 12.3kB;311;32
Rpc;12;0.22%;0.14%;10.69MiB / 7.646GiB;684kB / 561kB;0B / 57.3kB;311;32
Node_3;18;8.17%;0.26%;20.15MiB / 7.646GiB;1.95MB / 1.8MB;0B / 7.4MB;311;32
Node_2;18;8.40%;0.26%;20.16MiB / 7.646GiB;1.97MB / 1.82MB;0B / 7.4MB;311;32
Node_1;18;8.39%;0.27%;21.14MiB / 7.646GiB;1.58MB / 1.56MB;0B / 7.41MB;311;32
Devnet_Goshimmer;18;210.23%;0.95%;74.69MiB / 7.646GiB;240kB / 507kB;205kB / 77.8kB;311;32
Nodes_Router_1;2;0.00%;0.01%;848KiB / 7.646GiB;1.49MB / 1.47MB;0B / 0B;311;32
Gateways_Router_1;2;0.00%;0.01%;864KiB / 7.646GiB;484kB / 460kB;0B / 0B;311;32
Gateway_2;34;20.85%;2.73%;213.4MiB / 7.646GiB;90.3kB / 149kB;0B / 12.3kB;318;31
Gateway_1;34;22.06%;2.94%;230.1MiB / 7.646GiB;93.8kB / 152kB;0B / 12.3kB;318;31
Rpc;12;0.23%;0.14%;10.82MiB / 7.646GiB;700kB / 577kB;0B / 57.3kB;318;31
Node_3;18;8.58%;0.25%;19.52MiB / 7.646GiB;2.01MB / 1.86MB;0B / 7.98MB;318;31
Node_2;18;7.93%;0.26%;20.57MiB / 7.646GiB;2.02MB / 1.87MB;0B / 7.98MB;318;31
Node_1;18;9.07%;0.27%;21.36MiB / 7.646GiB;1.63MB / 1.61MB;0B / 7.99MB;318;31
Devnet_Goshimmer;18;212.41%;0.96%;75.15MiB / 7.646GiB;246kB / 518kB;205kB / 77.8kB;318;31
Nodes_Router_1;2;0.00%;0.01%;848KiB / 7.646GiB;1.53MB / 1.51MB;0B / 0B;318;31
Gateways_Router_1;2;0.00%;0.01%;864KiB / 7.646GiB;496kB / 472kB;0B / 0B;318;31
Gateway_2;34;20.66%;2.73%;213.5MiB / 7.646GiB;92.9kB / 152kB;0B / 12.3kB;325;33
Gateway_1;34;22.61%;2.94%;230MiB / 7.646GiB;96.4kB / 155kB;0B / 12.3kB;325;33
Rpc;12;0.23%;0.13%;10.31MiB / 7.646GiB;715kB / 591kB;0B / 57.3kB;325;33
Node_3;18;2.97%;0.26%;19.99MiB / 7.646GiB;2.07MB / 1.91MB;0B / 8.01MB;325;33
Node_2;18;1.61%;0.27%;21.05MiB / 7.646GiB;2.08MB / 1.93MB;0B / 8.01MB;325;33
Node_1;18;3.07%;0.27%;21.17MiB / 7.646GiB;1.67MB / 1.65MB;0B / 8.02MB;325;33
Devnet_Goshimmer;18;214.36%;0.95%;74.71MiB / 7.646GiB;252kB / 531kB;205kB / 77.8kB;325;33
Nodes_Router_1;2;0.00%;0.01%;848KiB / 7.646GiB;1.56MB / 1.54MB;0B / 0B;325;33
Gateways_Router_1;2;0.00%;0.01%;864KiB / 7.646GiB;508kB / 483kB;0B / 0B;325;33
Gateway_2;34;23.17%;2.73%;213.5MiB / 7.646GiB;97.7kB / 157kB;0B / 12.3kB;332;33
Gateway_1;34;24.28%;2.94%;230.1MiB / 7.646GiB;99.3kB / 160kB;0B / 12.3kB;332;33
Rpc;12;0.40%;0.13%;10.46MiB / 7.646GiB;739kB / 614kB;0B / 57.3kB;332;33
Node_3;18;9.88%;0.27%;21.51MiB / 7.646GiB;2.14MB / 1.98MB;0B / 8.63MB;332;33
Node_2;18;9.25%;0.25%;19.45MiB / 7.646GiB;2.15MB / 2MB;0B / 8.63MB;332;33
Node_1;18;8.64%;0.27%;20.77MiB / 7.646GiB;1.73MB / 1.71MB;0B / 8.64MB;332;33
Devnet_Goshimmer;18;211.17%;0.95%;74.39MiB / 7.646GiB;258kB / 544kB;205kB / 77.8kB;332;33
Nodes_Router_1;2;0.00%;0.01%;848KiB / 7.646GiB;1.61MB / 1.59MB;0B / 0B;332;33
Gateways_Router_1;2;0.00%;0.01%;864KiB / 7.646GiB;526kB / 501kB;0B / 0B;332;33
Gateway_2;34;21.24%;2.73%;213.7MiB / 7.646GiB;100kB / 161kB;0B / 12.3kB;339;32
Gateway_1;34;24.44%;2.94%;230.1MiB / 7.646GiB;102kB / 164kB;0B / 12.3kB;339;32
Rpc;12;0.38%;0.13%;10.55MiB / 7.646GiB;755kB / 629kB;0B / 57.3kB;339;32
Node_3;18;7.08%;0.27%;21.47MiB / 7.646GiB;2.2MB / 2.03MB;0B / 8.66MB;339;32
Node_2;18;7.73%;0.26%;20.07MiB / 7.646GiB;2.2MB / 2.05MB;0B / 8.66MB;339;32
Node_1;18;9.64%;0.26%;20.46MiB / 7.646GiB;1.77MB / 1.75MB;0B / 8.67MB;339;32
Devnet_Goshimmer;18;215.67%;0.96%;74.98MiB / 7.646GiB;264kB / 555kB;205kB / 77.8kB;339;32
Nodes_Router_1;2;0.00%;0.01%;848KiB / 7.646GiB;1.65MB / 1.63MB;0B / 0B;339;32
Gateways_Router_1;2;0.00%;0.01%;864KiB / 7.646GiB;538kB / 513kB;0B / 0B;339;32
Gateway_2;34;22.77%;2.73%;213.9MiB / 7.646GiB;103kB / 164kB;0B / 12.3kB;346;34
Gateway_1;34;24.70%;2.94%;230.3MiB / 7.646GiB;105kB / 167kB;0B / 12.3kB;346;34
Rpc;12;0.40%;0.14%;10.6MiB / 7.646GiB;771kB / 643kB;0B / 57.3kB;346;34
Node_3;18;3.24%;0.26%;20.22MiB / 7.646GiB;2.26MB / 2.08MB;0B / 9.29MB;346;34
Node_2;18;1.50%;0.25%;19.34MiB / 7.646GiB;2.25MB / 2.11MB;0B / 9.29MB;346;34
Node_1;18;3.67%;0.26%;20.66MiB / 7.646GiB;1.82MB / 1.8MB;0B / 9.3MB;346;34
Devnet_Goshimmer;18;211.65%;0.96%;74.99MiB / 7.646GiB;269kB / 568kB;205kB / 77.8kB;346;34
Nodes_Router_1;2;0.00%;0.01%;848KiB / 7.646GiB;1.69MB / 1.67MB;0B / 0B;346;34
Gateways_Router_1;2;0.00%;0.01%;864KiB / 7.646GiB;549kB / 525kB;0B / 0B;346;34
Gateway_2;34;21.56%;2.73%;213.6MiB / 7.646GiB;105kB / 167kB;0B / 12.3kB;353;34
Gateway_1;34;21.44%;2.94%;230.2MiB / 7.646GiB;107kB / 170kB;0B / 12.3kB;353;34
Rpc;12;0.00%;0.14%;10.67MiB / 7.646GiB;786kB / 658kB;0B / 57.3kB;353;34
Node_3;18;1.18%;0.27%;21.02MiB / 7.646GiB;2.32MB / 2.13MB;0B / 9.32MB;353;34
Node_2;18;1.23%;0.25%;19.88MiB / 7.646GiB;2.31MB / 2.16MB;0B / 9.32MB;353;34
Node_1;18;2.20%;0.26%;20.62MiB / 7.646GiB;1.86MB / 1.84MB;0B / 9.33MB;353;34
Devnet_Goshimmer;18;211.96%;0.96%;75.02MiB / 7.646GiB;275kB / 579kB;205kB / 77.8kB;353;34
Nodes_Router_1;2;0.00%;0.01%;848KiB / 7.646GiB;1.72MB / 1.7MB;0B / 0B;353;34
Gateways_Router_1;2;0.00%;0.01%;864KiB / 7.646GiB;561kB / 537kB;0B / 0B;353;34
Gateway_2;34;24.84%;2.73%;213.7MiB / 7.646GiB;108kB / 172kB;0B / 12.3kB;361;34
Gateway_1;34;21.66%;2.94%;230.3MiB / 7.646GiB;110kB / 173kB;0B / 12.3kB;361;34
Rpc;12;0.21%;0.14%;10.91MiB / 7.646GiB;805kB / 677kB;0B / 57.3kB;361;34
Node_3;18;1.30%;0.27%;21.14MiB / 7.646GiB;2.37MB / 2.18MB;0B / 9.97MB;361;34
Node_2;18;1.23%;0.25%;19.91MiB / 7.646GiB;2.37MB / 2.21MB;0B / 9.97MB;361;34
Node_1;18;3.41%;0.26%;20.63MiB / 7.646GiB;1.9MB / 1.88MB;0B / 9.98MB;361;34
Devnet_Goshimmer;18;211.42%;0.96%;75.3MiB / 7.646GiB;280kB / 589kB;205kB / 77.8kB;361;34
Nodes_Router_1;2;0.00%;0.01%;848KiB / 7.646GiB;1.76MB / 1.74MB;0B / 0B;361;34
Gateways_Router_1;2;0.00%;0.01%;864KiB / 7.646GiB;575kB / 550kB;0B / 0B;361;34
Gateway_2;34;25.17%;2.73%;213.7MiB / 7.646GiB;111kB / 175kB;0B / 12.3kB;368;34
Gateway_1;34;21.20%;2.94%;230.3MiB / 7.646GiB;112kB / 177kB;0B / 12.3kB;368;34
Rpc;12;0.18%;0.13%;10.5MiB / 7.646GiB;821kB / 692kB;0B / 57.3kB;368;34
Node_3;18;2.62%;0.26%;20.56MiB / 7.646GiB;2.43MB / 2.23MB;0B / 10MB;368;34
Node_2;18;1.16%;0.25%;19.95MiB / 7.646GiB;2.42MB / 2.26MB;0B / 10MB;368;34
Node_1;18;2.53%;0.26%;20.54MiB / 7.646GiB;1.95MB / 1.93MB;0B / 10MB;368;34
Devnet_Goshimmer;18;212.01%;0.96%;75.28MiB / 7.646GiB;284kB / 599kB;205kB / 77.8kB;368;34
Nodes_Router_1;2;0.00%;0.01%;848KiB / 7.646GiB;1.79MB / 1.77MB;0B / 0B;368;34
Gateways_Router_1;2;0.00%;0.01%;864KiB / 7.646GiB;587kB / 562kB;0B / 0B;368;34
Gateway_2;34;21.57%;2.73%;213.7MiB / 7.646GiB;114kB / 179kB;0B / 12.3kB;375;35
Gateway_1;34;22.10%;2.94%;230.4MiB / 7.646GiB;115kB / 180kB;0B / 12.3kB;375;35
Rpc;12;0.01%;0.14%;10.69MiB / 7.646GiB;837kB / 707kB;0B / 57.3kB;375;35
Node_3;18;1.01%;0.27%;20.89MiB / 7.646GiB;2.48MB / 2.28MB;0B / 10.7MB;375;35
Node_2;18;1.82%;0.25%;19.63MiB / 7.646GiB;2.47MB / 2.32MB;0B / 10.7MB;375;35
Node_1;18;0.98%;0.27%;21.43MiB / 7.646GiB;1.99MB / 1.97MB;0B / 10.7MB;375;35
Devnet_Goshimmer;18;216.10%;0.96%;75.35MiB / 7.646GiB;290kB / 611kB;205kB / 77.8kB;375;35
Nodes_Router_1;2;0.00%;0.01%;848KiB / 7.646GiB;1.83MB / 1.81MB;0B / 0B;375;35
Gateways_Router_1;2;0.00%;0.01%;864KiB / 7.646GiB;599kB / 574kB;0B / 0B;375;35
Gateway_2;34;21.59%;2.73%;213.8MiB / 7.646GiB;116kB / 182kB;0B / 12.3kB;382;35
Gateway_1;34;23.14%;2.94%;230.4MiB / 7.646GiB;117kB / 184kB;0B / 12.3kB;382;35
Rpc;12;0.01%;0.14%;10.89MiB / 7.646GiB;852kB / 721kB;0B / 57.3kB;382;35
Node_3;18;1.09%;0.27%;20.79MiB / 7.646GiB;2.54MB / 2.34MB;0B / 10.7MB;382;35
Node_2;18;2.12%;0.25%;19.79MiB / 7.646GiB;2.54MB / 2.37MB;0B / 10.7MB;382;35
Node_1;18;1.00%;0.27%;21.2MiB / 7.646GiB;2.04MB / 2.01MB;0B / 10.7MB;382;35
Devnet_Goshimmer;18;213.33%;0.95%;74.57MiB / 7.646GiB;295kB / 623kB;205kB / 77.8kB;382;35
Nodes_Router_1;2;0.00%;0.01%;848KiB / 7.646GiB;1.86MB / 1.84MB;0B / 0B;382;35
Gateways_Router_1;2;0.00%;0.01%;864KiB / 7.646GiB;610kB / 586kB;0B / 0B;382;35
Gateway_2;34;21.99%;2.73%;213.8MiB / 7.646GiB;119kB / 185kB;0B / 12.3kB;389;34
Gateway_1;34;21.73%;2.94%;230.4MiB / 7.646GiB;120kB / 187kB;0B / 12.3kB;389;34
Rpc;12;0.01%;0.14%;10.94MiB / 7.646GiB;868kB / 736kB;0B / 57.3kB;389;34
Node_3;18;0.98%;0.28%;21.67MiB / 7.646GiB;2.59MB / 2.39MB;0B / 11.4MB;389;34
Node_2;18;0.88%;0.25%;19.87MiB / 7.646GiB;2.59MB / 2.42MB;0B / 11.4MB;389;34
Node_1;18;0.93%;0.28%;21.74MiB / 7.646GiB;2.08MB / 2.06MB;0B / 11.4MB;389;34
Devnet_Goshimmer;18;209.43%;0.97%;75.95MiB / 7.646GiB;301kB / 634kB;205kB / 77.8kB;389;34
Nodes_Router_1;2;0.00%;0.01%;848KiB / 7.646GiB;1.9MB / 1.88MB;0B / 0B;389;34
Gateways_Router_1;2;0.00%;0.01%;864KiB / 7.646GiB;622kB / 598kB;0B / 0B;389;34
Gateway_2;34;20.76%;2.73%;213.9MiB / 7.646GiB;121kB / 189kB;0B / 12.3kB;396;34
Gateway_1;34;21.24%;2.94%;230.5MiB / 7.646GiB;123kB / 190kB;0B / 12.3kB;396;34
Rpc;12;0.02%;0.14%;10.96MiB / 7.646GiB;884kB / 752kB;0B / 57.3kB;396;34
Node_3;18;0.86%;0.27%;20.93MiB / 7.646GiB;2.65MB / 2.44MB;0B / 11.4MB;396;34
Node_2;18;0.86%;0.26%;20.16MiB / 7.646GiB;2.64MB / 2.47MB;0B / 11.4MB;396;34
Node_1;18;0.81%;0.28%;21.54MiB / 7.646GiB;2.12MB / 2.1MB;0B / 11.5MB;396;34
Devnet_Goshimmer;18;209.86%;0.97%;75.97MiB / 7.646GiB;306kB / 645kB;205kB / 77.8kB;396;34
Nodes_Router_1;2;0.00%;0.01%;848KiB / 7.646GiB;1.93MB / 1.92MB;0B / 0B;396;34
Gateways_Router_1;2;0.00%;0.01%;864KiB / 7.646GiB;634kB / 610kB;0B / 0B;396;34
Gateway_2;34;20.91%;2.73%;213.9MiB / 7.646GiB;124kB / 192kB;0B / 12.3kB;403;34
Gateway_1;34;21.56%;2.94%;230.5MiB / 7.646GiB;125kB / 194kB;0B / 12.3kB;403;34
Rpc;12;0.01%;0.14%;11.07MiB / 7.646GiB;900kB / 766kB;0B / 57.3kB;403;34
Node_3;18;0.85%;0.28%;21.85MiB / 7.646GiB;2.7MB / 2.5MB;0B / 12.2MB;403;34
Node_2;18;0.78%;0.26%;20.07MiB / 7.646GiB;2.7MB / 2.52MB;0B / 12.2MB;403;34
Node_1;18;0.75%;0.27%;20.76MiB / 7.646GiB;2.17MB / 2.14MB;0B / 12.2MB;403;34
Devnet_Goshimmer;18;213.78%;0.97%;75.7MiB / 7.646GiB;312kB / 657kB;205kB / 77.8kB;403;34
Nodes_Router_1;2;0.00%;0.01%;848KiB / 7.646GiB;1.97MB / 1.95MB;0B / 0B;403;34
Gateways_Router_1;2;0.00%;0.01%;864KiB / 7.646GiB;646kB / 622kB;0B / 0B;403;34
Gateway_2;34;29.11%;2.73%;213.9MiB / 7.646GiB;128kB / 199kB;0B / 12.3kB;410;33
Gateway_1;34;21.04%;2.94%;230.6MiB / 7.646GiB;128kB / 197kB;0B / 12.3kB;410;33
Rpc;12;0.18%;0.13%;10.35MiB / 7.646GiB;925kB / 788kB;0B / 57.3kB;410;33
Node_3;18;0.81%;0.27%;21.37MiB / 7.646GiB;2.74MB / 2.54MB;0B / 12.2MB;410;33
Node_2;18;0.75%;0.26%;20.5MiB / 7.646GiB;2.74MB / 2.56MB;0B / 12.2MB;410;33
Node_1;18;0.92%;0.27%;21.21MiB / 7.646GiB;2.2MB / 2.18MB;0B / 12.2MB;410;33
Devnet_Goshimmer;18;210.81%;0.97%;75.7MiB / 7.646GiB;321kB / 673kB;205kB / 77.8kB;410;33
Nodes_Router_1;2;0.00%;0.01%;848KiB / 7.646GiB;2.01MB / 1.99MB;0B / 0B;410;33
Gateways_Router_1;2;0.00%;0.01%;864KiB / 7.646GiB;663kB / 638kB;0B / 0B;410;33
Gateway_2;34;27.60%;2.73%;214MiB / 7.646GiB;129kB / 200kB;0B / 12.3kB;417;32
Gateway_1;34;21.29%;2.95%;230.6MiB / 7.646GiB;128kB / 198kB;0B / 12.3kB;417;32
Rpc;12;0.18%;0.13%;10.35MiB / 7.646GiB;933kB / 795kB;0B / 57.3kB;417;32
Node_3;18;0.72%;0.27%;21.34MiB / 7.646GiB;2.77MB / 2.57MB;0B / 12.2MB;417;32
Node_2;18;0.69%;0.26%;20.46MiB / 7.646GiB;2.77MB / 2.59MB;0B / 12.2MB;417;32
Node_1;18;2.01%;0.27%;21.18MiB / 7.646GiB;2.22MB / 2.19MB;0B / 12.2MB;417;32
Devnet_Goshimmer;18;215.66%;0.97%;75.9MiB / 7.646GiB;327kB / 684kB;205kB / 77.8kB;417;32
Nodes_Router_1;2;0.00%;0.01%;848KiB / 7.646GiB;2.03MB / 2.01MB;0B / 0B;417;32
Gateways_Router_1;2;0.00%;0.01%;864KiB / 7.646GiB;666kB / 641kB;0B / 0B;417;32
Gateway_2;34;25.88%;2.73%;214MiB / 7.646GiB;129kB / 201kB;0B / 12.3kB;424;34
Gateway_1;34;19.82%;2.95%;230.7MiB / 7.646GiB;128kB / 198kB;0B / 12.3kB;424;34
Rpc;12;0.01%;0.13%;10.36MiB / 7.646GiB;938kB / 800kB;0B / 57.3kB;424;34
Node_3;18;0.70%;0.27%;21.23MiB / 7.646GiB;2.79MB / 2.6MB;0B / 12.9MB;424;34
Node_2;18;0.69%;0.26%;20.23MiB / 7.646GiB;2.8MB / 2.61MB;0B / 12.9MB;424;34
Node_1;18;0.75%;0.27%;21.13MiB / 7.646GiB;2.24MB / 2.21MB;0B / 12.9MB;424;34
Devnet_Goshimmer;18;213.64%;0.97%;76.32MiB / 7.646GiB;333kB / 691kB;205kB / 77.8kB;424;34
Nodes_Router_1;2;0.00%;0.01%;848KiB / 7.646GiB;2.04MB / 2.02MB;0B / 0B;424;34
Gateways_Router_1;2;0.00%;0.01%;864KiB / 7.646GiB;668kB / 643kB;0B / 0B;424;34
Gateway_2;34;26.48%;2.73%;214MiB / 7.646GiB;130kB / 202kB;0B / 12.3kB;432;34
Gateway_1;34;21.40%;2.95%;230.7MiB / 7.646GiB;129kB / 199kB;0B / 12.3kB;432;34
Rpc;12;0.14%;0.14%;10.68MiB / 7.646GiB;948kB / 812kB;0B / 57.3kB;432;34
Node_3;18;4.98%;0.27%;21.51MiB / 7.646GiB;2.87MB / 2.67MB;0B / 13.3MB;432;34
Node_2;18;4.95%;0.26%;20.04MiB / 7.646GiB;2.88MB / 2.68MB;0B / 13.3MB;432;34
Node_1;18;4.50%;0.28%;21.68MiB / 7.646GiB;2.3MB / 2.26MB;0B / 13.4MB;432;34
Devnet_Goshimmer;18;215.20%;0.98%;76.71MiB / 7.646GiB;339kB / 704kB;205kB / 77.8kB;432;34
Nodes_Router_1;2;0.00%;0.01%;848KiB / 7.646GiB;2.08MB / 2.06MB;0B / 0B;432;34
Gateways_Router_1;2;0.00%;0.01%;864KiB / 7.646GiB;672kB / 646kB;0B / 0B;432;34
Gateway_2;34;31.27%;2.73%;214.1MiB / 7.646GiB;131kB / 204kB;0B / 12.3kB;439;33
Gateway_1;34;21.77%;2.95%;230.8MiB / 7.646GiB;130kB / 201kB;0B / 12.3kB;439;33
Rpc;12;0.17%;0.14%;10.86MiB / 7.646GiB;960kB / 824kB;0B / 57.3kB;439;33
Node_3;18;1.10%;0.27%;21.23MiB / 7.646GiB;2.94MB / 2.73MB;0B / 14.3MB;439;33
Node_2;18;2.23%;0.25%;19.93MiB / 7.646GiB;2.94MB / 2.75MB;0B / 14.3MB;439;33
Node_1;18;2.00%;0.27%;21.45MiB / 7.646GiB;2.35MB / 2.31MB;0B / 14.3MB;439;33
Devnet_Goshimmer;18;217.68%;0.97%;76.26MiB / 7.646GiB;345kB / 717kB;205kB / 77.8kB;439;33
Nodes_Router_1;2;0.00%;0.01%;848KiB / 7.646GiB;2.12MB / 2.1MB;0B / 0B;439;33
Gateways_Router_1;2;0.00%;0.01%;864KiB / 7.646GiB;678kB / 652kB;0B / 0B;439;33
Gateway_2;34;27.07%;2.74%;214.2MiB / 7.646GiB;134kB / 208kB;0B / 12.3kB;446;34
Gateway_1;34;25.55%;2.95%;230.8MiB / 7.646GiB;133kB / 204kB;0B / 12.3kB;446;34
Rpc;12;0.20%;0.13%;10.35MiB / 7.646GiB;976kB / 839kB;0B / 57.3kB;446;34
Node_3;18;0.96%;0.28%;21.75MiB / 7.646GiB;2.99MB / 2.78MB;0B / 15.1MB;446;34
Node_2;18;0.92%;0.27%;20.88MiB / 7.646GiB;3MB / 2.8MB;0B / 15.1MB;446;34
Node_1;18;0.81%;0.27%;21.5MiB / 7.646GiB;2.39MB / 2.35MB;0B / 15.1MB;446;34
Devnet_Goshimmer;18;213.98%;0.97%;76.28MiB / 7.646GiB;351kB / 729kB;205kB / 77.8kB;446;34
Nodes_Router_1;2;0.00%;0.01%;848KiB / 7.646GiB;2.16MB / 2.13MB;0B / 0B;446;34
Gateways_Router_1;2;0.00%;0.01%;864KiB / 7.646GiB;690kB / 664kB;0B / 0B;446;34
Gateway_2;34;26.00%;2.74%;214.2MiB / 7.646GiB;136kB / 211kB;0B / 12.3kB;453;34
Gateway_1;34;21.47%;2.95%;230.9MiB / 7.646GiB;136kB / 207kB;0B / 12.3kB;453;34
Rpc;12;0.03%;0.13%;10.45MiB / 7.646GiB;992kB / 854kB;0B / 57.3kB;453;34
Node_3;18;1.05%;0.28%;21.75MiB / 7.646GiB;3.05MB / 2.84MB;0B / 15.1MB;453;34
Node_2;18;1.05%;0.27%;20.9MiB / 7.646GiB;3.06MB / 2.85MB;0B / 15.1MB;453;34
Node_1;18;0.95%;0.28%;22.02MiB / 7.646GiB;2.44MB / 2.4MB;0B / 15.1MB;453;34
Devnet_Goshimmer;18;210.98%;0.98%;76.46MiB / 7.646GiB;356kB / 739kB;205kB / 77.8kB;453;34
Nodes_Router_1;2;0.00%;0.01%;848KiB / 7.646GiB;2.19MB / 2.17MB;0B / 0B;453;34
Gateways_Router_1;2;0.00%;0.01%;864KiB / 7.646GiB;702kB / 676kB;0B / 0B;453;34
Gateway_2;34;26.59%;2.74%;214.4MiB / 7.646GiB;139kB / 214kB;0B / 12.3kB;460;34
Gateway_1;34;20.54%;2.95%;230.9MiB / 7.646GiB;139kB / 211kB;0B / 12.3kB;460;34
Rpc;12;0.06%;0.13%;10.51MiB / 7.646GiB;1.01MB / 871kB;0B / 57.3kB;460;34
Node_3;18;8.29%;0.25%;19.95MiB / 7.646GiB;3.12MB / 2.91MB;0B / 16.3MB;460;34
Node_2;18;7.50%;0.26%;20.62MiB / 7.646GiB;3.13MB / 2.92MB;0B / 16.3MB;460;34
Node_1;18;7.05%;0.28%;22.22MiB / 7.646GiB;2.49MB / 2.45MB;0B / 16.3MB;460;34
Devnet_Goshimmer;18;215.33%;0.98%;76.83MiB / 7.646GiB;364kB / 753kB;205kB / 77.8kB;460;34
Nodes_Router_1;2;0.00%;0.01%;848KiB / 7.646GiB;2.23MB / 2.21MB;0B / 0B;460;34
Gateways_Router_1;2;0.00%;0.01%;864KiB / 7.646GiB;714kB / 689kB;0B / 0B;460;34
Gateway_2;34;21.26%;2.74%;214.2MiB / 7.646GiB;139kB / 214kB;0B / 12.3kB;467;34
Gateway_1;34;21.11%;2.95%;231MiB / 7.646GiB;142kB / 219kB;0B / 12.3kB;467;34
Rpc;12;0.02%;0.13%;10.5MiB / 7.646GiB;1.03MB / 888kB;0B / 57.3kB;467;34
Node_3;18;2.00%;0.26%;20.19MiB / 7.646GiB;3.15MB / 2.94MB;0B / 16.3MB;467;34
Node_2;18;1.24%;0.26%;20.49MiB / 7.646GiB;3.16MB / 2.96MB;0B / 16.3MB;467;34
Node_1;18;1.22%;0.28%;21.71MiB / 7.646GiB;2.53MB / 2.48MB;0B / 16.3MB;467;34
Devnet_Goshimmer;18;214.70%;0.98%;76.37MiB / 7.646GiB;371kB / 768kB;205kB / 77.8kB;467;34
Nodes_Router_1;2;0.00%;0.01%;848KiB / 7.646GiB;2.26MB / 2.24MB;0B / 0B;467;34
Gateways_Router_1;2;0.00%;0.01%;864KiB / 7.646GiB;725kB / 699kB;0B / 0B;467;34
Gateway_2;34;22.34%;2.74%;214.6MiB / 7.646GiB;140kB / 215kB;0B / 12.3kB;474;34
Gateway_1;34;24.41%;2.95%;231MiB / 7.646GiB;144kB / 222kB;0B / 12.3kB;474;34
Rpc;12;0.28%;0.14%;10.66MiB / 7.646GiB;1.04MB / 901kB;0B / 57.3kB;474;34
Node_3;18;1.09%;0.28%;22.02MiB / 7.646GiB;3.22MB / 3.01MB;0B / 17.5MB;474;34
Node_2;18;1.05%;0.26%;20.48MiB / 7.646GiB;3.23MB / 3.02MB;0B / 17.5MB;474;34
Node_1;18;1.39%;0.28%;21.91MiB / 7.646GiB;2.58MB / 2.53MB;0B / 17.5MB;474;34
Devnet_Goshimmer;18;214.44%;0.98%;76.7MiB / 7.646GiB;379kB / 784kB;205kB / 77.8kB;474;34
Nodes_Router_1;2;0.00%;0.01%;848KiB / 7.646GiB;2.3MB / 2.28MB;0B / 0B;474;34
Gateways_Router_1;2;0.00%;0.01%;864KiB / 7.646GiB;733kB / 708kB;0B / 0B;474;34
Gateway_2;34;25.65%;2.74%;214.7MiB / 7.646GiB;144kB / 225kB;0B / 12.3kB;481;33
Gateway_1;34;21.44%;2.95%;231.1MiB / 7.646GiB;144kB / 222kB;0B / 12.3kB;481;33
Rpc;12;0.23%;0.14%;10.98MiB / 7.646GiB;1.07MB / 921kB;0B / 57.3kB;481;33
Node_3;18;6.64%;0.27%;21.37MiB / 7.646GiB;3.25MB / 3.03MB;0B / 17.5MB;481;33
Node_2;18;6.50%;0.26%;20.61MiB / 7.646GiB;3.25MB / 3.05MB;0B / 17.5MB;481;33
Node_1;18;8.39%;0.28%;21.77MiB / 7.646GiB;2.61MB / 2.55MB;0B / 17.5MB;481;33
Devnet_Goshimmer;18;213.05%;0.98%;76.71MiB / 7.646GiB;387kB / 801kB;205kB / 77.8kB;481;33
Nodes_Router_1;2;0.00%;0.01%;848KiB / 7.646GiB;2.34MB / 2.32MB;0B / 0B;481;33
Gateways_Router_1;2;0.00%;0.01%;864KiB / 7.646GiB;746kB / 721kB;0B / 0B;481;33
Gateway_2;34;25.78%;2.74%;214.7MiB / 7.646GiB;146kB / 227kB;0B / 12.3kB;488;34
Gateway_1;34;22.59%;2.95%;231.1MiB / 7.646GiB;145kB / 223kB;0B / 12.3kB;488;34
Rpc;12;0.01%;0.14%;10.63MiB / 7.646GiB;1.08MB / 929kB;0B / 57.3kB;488;34
Node_3;18;1.35%;0.28%;21.68MiB / 7.646GiB;3.31MB / 3.09MB;0B / 18.3MB;488;34
Node_2;18;1.32%;0.26%;20.07MiB / 7.646GiB;3.31MB / 3.1MB;0B / 18.3MB;488;34
Node_1;18;2.10%;0.28%;22.04MiB / 7.646GiB;2.65MB / 2.59MB;0B / 18.3MB;488;34
Devnet_Goshimmer;18;209.35%;0.98%;76.86MiB / 7.646GiB;392kB / 813kB;205kB / 77.8kB;488;34
Nodes_Router_1;2;0.00%;0.01%;848KiB / 7.646GiB;2.37MB / 2.35MB;0B / 0B;488;34
Gateways_Router_1;2;0.00%;0.01%;864KiB / 7.646GiB;752kB / 727kB;0B / 0B;488;34
Gateway_2;34;21.89%;2.74%;214.8MiB / 7.646GiB;146kB / 228kB;0B / 12.3kB;495;32
Gateway_1;34;26.11%;2.95%;231.2MiB / 7.646GiB;148kB / 231kB;0B / 12.3kB;495;32
Rpc;12;0.22%;0.14%;10.75MiB / 7.646GiB;1.1MB / 949kB;0B / 57.3kB;495;32
Node_3;18;7.83%;0.29%;22.36MiB / 7.646GiB;3.35MB / 3.13MB;0B / 18.6MB;495;32
Node_2;18;7.79%;0.26%;20.25MiB / 7.646GiB;3.36MB / 3.14MB;0B / 18.6MB;495;32
Node_1;18;8.43%;0.28%;21.63MiB / 7.646GiB;2.69MB / 2.63MB;0B / 18.7MB;495;32
Devnet_Goshimmer;18;214.16%;0.98%;76.62MiB / 7.646GiB;404kB / 833kB;205kB / 77.8kB;495;32
Nodes_Router_1;2;0.00%;0.01%;848KiB / 7.646GiB;2.41MB / 2.38MB;0B / 0B;495;32
Gateways_Router_1;2;0.00%;0.01%;864KiB / 7.646GiB;766kB / 740kB;0B / 0B;495;32
Gateway_2;34;20.03%;2.74%;214.8MiB / 7.646GiB;147kB / 229kB;0B / 12.3kB;503;32
Gateway_1;34;21.01%;2.95%;231.2MiB / 7.646GiB;148kB / 231kB;0B / 12.3kB;503;32
Rpc;12;0.02%;0.14%;10.75MiB / 7.646GiB;1.1MB / 953kB;0B / 57.3kB;503;32
Node_3;18;0.77%;0.27%;21.48MiB / 7.646GiB;3.36MB / 3.13MB;0B / 18.6MB;503;32
Node_2;18;0.69%;0.26%;20.43MiB / 7.646GiB;3.36MB / 3.14MB;0B / 18.6MB;503;32
Node_1;18;0.72%;0.28%;21.83MiB / 7.646GiB;2.69MB / 2.63MB;0B / 18.7MB;503;32
Devnet_Goshimmer;18;211.61%;0.98%;76.68MiB / 7.646GiB;407kB / 837kB;205kB / 77.8kB;503;32
Nodes_Router_1;2;0.00%;0.01%;848KiB / 7.646GiB;2.41MB / 2.39MB;0B / 0B;503;32
Gateways_Router_1;2;0.00%;0.01%;864KiB / 7.646GiB;767kB / 741kB;0B / 0B;503;32
Gateway_2;34;21.55%;2.74%;214.8MiB / 7.646GiB;147kB / 230kB;0B / 12.3kB;510;33
Gateway_1;34;21.34%;2.95%;231.3MiB / 7.646GiB;149kB / 232kB;0B / 12.3kB;510;33
Rpc;12;0.01%;0.14%;10.87MiB / 7.646GiB;1.11MB / 964kB;0B / 57.3kB;510;33
Node_3;18;0.87%;0.28%;21.75MiB / 7.646GiB;3.4MB / 3.17MB;0B / 18.6MB;510;33
Node_2;18;0.84%;0.27%;21.11MiB / 7.646GiB;3.4MB / 3.18MB;0B / 18.6MB;510;33
Node_1;18;0.76%;0.28%;21.85MiB / 7.646GiB;2.73MB / 2.66MB;0B / 18.7MB;510;33
Devnet_Goshimmer;18;211.50%;0.98%;76.93MiB / 7.646GiB;411kB / 848kB;205kB / 77.8kB;510;33
Nodes_Router_1;2;0.00%;0.01%;848KiB / 7.646GiB;2.44MB / 2.42MB;0B / 0B;510;33
Gateways_Router_1;2;0.00%;0.01%;864KiB / 7.646GiB;770kB / 744kB;0B / 0B;510;33
Gateway_2;34;21.71%;2.74%;214.8MiB / 7.646GiB;149kB / 232kB;0B / 12.3kB;517;35
Gateway_1;34;20.37%;2.95%;231.3MiB / 7.646GiB;150kB / 234kB;0B / 12.3kB;517;35
Rpc;12;0.01%;0.14%;10.9MiB / 7.646GiB;1.13MB / 975kB;0B / 57.3kB;517;35
Node_3;18;0.93%;0.29%;22.59MiB / 7.646GiB;3.48MB / 3.25MB;0B / 19.7MB;517;35
Node_2;18;1.02%;0.27%;21.14MiB / 7.646GiB;3.48MB / 3.26MB;0B / 19.7MB;517;35
Node_1;18;1.02%;0.28%;22.12MiB / 7.646GiB;2.78MB / 2.72MB;0B / 19.7MB;517;35
Devnet_Goshimmer;18;208.77%;0.98%;77.1MiB / 7.646GiB;418kB / 860kB;205kB / 77.8kB;517;35
Nodes_Router_1;2;0.00%;0.01%;848KiB / 7.646GiB;2.48MB / 2.46MB;0B / 0B;517;35
Gateways_Router_1;2;0.00%;0.01%;864KiB / 7.646GiB;776kB / 750kB;0B / 0B;517;35
Gateway_2;34;19.92%;2.74%;214.9MiB / 7.646GiB;151kB / 236kB;0B / 12.3kB;524;34
Gateway_1;34;20.69%;2.96%;231.5MiB / 7.646GiB;153kB / 237kB;0B / 12.3kB;524;34
Rpc;12;0.01%;0.14%;11.08MiB / 7.646GiB;1.14MB / 991kB;0B / 57.3kB;524;34
Node_3;18;0.87%;0.26%;20.19MiB / 7.646GiB;3.53MB / 3.29MB;0B / 20.5MB;524;34
Node_2;18;0.93%;0.27%;21.06MiB / 7.646GiB;3.53MB / 3.31MB;0B / 20.5MB;524;34
Node_1;18;2.15%;0.28%;21.78MiB / 7.646GiB;2.83MB / 2.76MB;0B / 20.5MB;524;34
Devnet_Goshimmer;18;213.33%;0.98%;77.11MiB / 7.646GiB;423kB / 871kB;205kB / 77.8kB;524;34
Nodes_Router_1;2;0.00%;0.01%;848KiB / 7.646GiB;2.52MB / 2.5MB;0B / 0B;524;34
Gateways_Router_1;2;0.00%;0.01%;864KiB / 7.646GiB;788kB / 762kB;0B / 0B;524;34
Gateway_2;34;25.06%;2.74%;214.9MiB / 7.646GiB;154kB / 239kB;0B / 12.3kB;531;34
Gateway_1;34;20.80%;2.96%;231.4MiB / 7.646GiB;156kB / 240kB;0B / 12.3kB;531;34
Rpc;12;0.02%;0.14%;10.58MiB / 7.646GiB;1.16MB / 1.01MB;0B / 57.3kB;531;34
Node_3;18;0.85%;0.26%;20.54MiB / 7.646GiB;3.59MB / 3.35MB;0B / 20.6MB;531;34
Node_2;18;0.94%;0.28%;21.73MiB / 7.646GiB;3.59MB / 3.36MB;0B / 20.5MB;531;34
Node_1;18;0.85%;0.28%;22.15MiB / 7.646GiB;2.87MB / 2.8MB;0B / 20.6MB;531;34
Devnet_Goshimmer;18;212.55%;0.98%;76.89MiB / 7.646GiB;430kB / 884kB;205kB / 77.8kB;531;34
Nodes_Router_1;2;0.00%;0.01%;848KiB / 7.646GiB;2.55MB / 2.53MB;0B / 0B;531;34
Gateways_Router_1;2;0.00%;0.01%;864KiB / 7.646GiB;800kB / 774kB;0B / 0B;531;34
Gateway_2;34;26.11%;2.74%;214.9MiB / 7.646GiB;154kB / 239kB;0B / 12.3kB;538;33
Gateway_1;34;24.80%;2.96%;231.5MiB / 7.646GiB;159kB / 248kB;0B / 12.3kB;538;33
Rpc;12;0.25%;0.14%;10.62MiB / 7.646GiB;1.18MB / 1.02MB;0B / 57.3kB;538;33
Node_3;18;7.53%;0.29%;22.37MiB / 7.646GiB;3.63MB / 3.38MB;0B / 21.9MB;538;33
Node_2;18;8.08%;0.26%;20.71MiB / 7.646GiB;3.63MB / 3.4MB;0B / 21.9MB;538;33
Node_1;18;8.86%;0.29%;22.32MiB / 7.646GiB;2.91MB / 2.83MB;0B / 22MB;538;33
Devnet_Goshimmer;18;210.36%;0.99%;77.14MiB / 7.646GiB;438kB / 900kB;205kB / 77.8kB;538;33
Nodes_Router_1;2;0.00%;0.01%;848KiB / 7.646GiB;2.59MB / 2.57MB;0B / 0B;538;33
Gateways_Router_1;2;0.00%;0.01%;864KiB / 7.646GiB;811kB / 785kB;0B / 0B;538;33
Gateway_2;34;32.06%;2.75%;215MiB / 7.646GiB;155kB / 240kB;0B / 12.3kB;545;33
Gateway_1;34;21.87%;2.96%;231.6MiB / 7.646GiB;161kB / 250kB;0B / 12.3kB;545;33
Rpc;12;0.26%;0.14%;10.68MiB / 7.646GiB;1.19MB / 1.03MB;0B / 57.3kB;545;33
Node_3;18;0.78%;0.28%;22.17MiB / 7.646GiB;3.68MB / 3.44MB;0B / 22.1MB;545;33
Node_2;18;0.95%;0.27%;21.23MiB / 7.646GiB;3.68MB / 3.45MB;0B / 22.1MB;545;33
Node_1;18;2.10%;0.30%;23.46MiB / 7.646GiB;2.94MB / 2.87MB;0B / 22.1MB;545;33
Devnet_Goshimmer;18;206.83%;0.99%;77.3MiB / 7.646GiB;443kB / 911kB;205kB / 77.8kB;545;33
Nodes_Router_1;2;0.00%;0.01%;848KiB / 7.646GiB;2.62MB / 2.6MB;0B / 0B;545;33
Gateways_Router_1;2;0.00%;0.01%;864KiB / 7.646GiB;818kB / 792kB;0B / 0B;545;33
Gateway_2;34;29.67%;2.75%;215.1MiB / 7.646GiB;159kB / 249kB;0B / 12.3kB;552;34
Gateway_1;34;21.66%;2.96%;231.5MiB / 7.646GiB;162kB / 252kB;0B / 12.3kB;552;34
Rpc;12;0.21%;0.14%;10.69MiB / 7.646GiB;1.22MB / 1.06MB;0B / 57.3kB;552;34
Node_3;18;1.61%;0.28%;21.98MiB / 7.646GiB;3.7MB / 3.45MB;0B / 22.1MB;552;34
Node_2;18;2.91%;0.27%;20.79MiB / 7.646GiB;3.7MB / 3.47MB;0B / 22.1MB;552;34
Node_1;18;1.59%;0.28%;22.28MiB / 7.646GiB;2.97MB / 2.89MB;0B / 22.1MB;552;34
Devnet_Goshimmer;18;215.16%;0.98%;77.05MiB / 7.646GiB;452kB / 929kB;205kB / 77.8kB;552;34
Nodes_Router_1;2;0.00%;0.01%;848KiB / 7.646GiB;2.65MB / 2.63MB;0B / 0B;552;34
Gateways_Router_1;2;0.00%;0.01%;864KiB / 7.646GiB;833kB / 807kB;0B / 0B;552;34
Gateway_2;34;27.60%;2.75%;215.1MiB / 7.646GiB;162kB / 253kB;0B / 12.3kB;559;34
Gateway_1;34;21.86%;2.96%;231.6MiB / 7.646GiB;162kB / 253kB;0B / 12.3kB;559;34
Rpc;12;0.22%;0.14%;10.88MiB / 7.646GiB;1.23MB / 1.07MB;0B / 57.3kB;559;34
Node_3;18;9.27%;0.28%;22.12MiB / 7.646GiB;3.76MB / 3.51MB;0B / 23MB;559;34
Node_2;18;8.51%;0.27%;21.07MiB / 7.646GiB;3.76MB / 3.53MB;0B / 23MB;559;34
Node_1;18;8.32%;0.29%;22.74MiB / 7.646GiB;3.01MB / 2.94MB;0B / 23MB;559;34
Devnet_Goshimmer;18;208.93%;0.99%;77.66MiB / 7.646GiB;458kB / 941kB;205kB / 77.8kB;559;34
Nodes_Router_1;2;0.00%;0.01%;848KiB / 7.646GiB;2.69MB / 2.67MB;0B / 0B;559;34
Gateways_Router_1;2;0.00%;0.01%;864KiB / 7.646GiB;841kB / 815kB;0B / 0B;559;34
Gateway_2;34;27.21%;2.75%;215.2MiB / 7.646GiB;162kB / 254kB;0B / 12.3kB;567;33
Gateway_1;34;25.15%;2.96%;231.7MiB / 7.646GiB;165kB / 259kB;0B / 12.3kB;567;33
Rpc;12;0.99%;0.13%;10.45MiB / 7.646GiB;1.25MB / 1.09MB;0B / 57.3kB;567;33
Node_3;18;0.69%;0.29%;23.04MiB / 7.646GiB;3.79MB / 3.54MB;0B / 23.4MB;567;33
Node_2;18;0.83%;0.26%;20.6MiB / 7.646GiB;3.79MB / 3.55MB;0B / 23.4MB;567;33
Node_1;18;0.98%;0.29%;22.57MiB / 7.646GiB;3.04MB / 2.96MB;0B / 23.5MB;567;33
Devnet_Goshimmer;18;212.17%;1.00%;78.07MiB / 7.646GiB;466kB / 956kB;205kB / 77.8kB;567;33
Nodes_Router_1;2;0.00%;0.01%;848KiB / 7.646GiB;2.72MB / 2.7MB;0B / 0B;567;33
Gateways_Router_1;2;0.00%;0.01%;864KiB / 7.646GiB;852kB / 826kB;0B / 0B;567;33
Gateway_2;34;25.70%;2.75%;215.2MiB / 7.646GiB;163kB / 255kB;0B / 12.3kB;574;32
Gateway_1;34;20.77%;2.96%;231.7MiB / 7.646GiB;166kB / 262kB;0B / 12.3kB;574;32
Rpc;12;0.08%;0.14%;10.67MiB / 7.646GiB;1.26MB / 1.1MB;0B / 57.3kB;574;32
Node_3;18;7.93%;0.29%;22.73MiB / 7.646GiB;3.84MB / 3.58MB;0B / 24.3MB;574;32
Node_2;18;7.82%;0.28%;21.65MiB / 7.646GiB;3.84MB / 3.6MB;0B / 24.3MB;574;32
Node_1;18;9.37%;0.28%;22.03MiB / 7.646GiB;3.08MB / 3MB;0B / 24.4MB;574;32
Devnet_Goshimmer;18;209.37%;0.99%;77.48MiB / 7.646GiB;472kB / 970kB;205kB / 77.8kB;574;32
Nodes_Router_1;2;0.00%;0.01%;848KiB / 7.646GiB;2.76MB / 2.73MB;0B / 0B;574;32
Gateways_Router_1;2;0.00%;0.01%;864KiB / 7.646GiB;858kB / 832kB;0B / 0B;574;32
Gateway_2;34;25.62%;2.75%;215.3MiB / 7.646GiB;165kB / 260kB;0B / 12.3kB;581;32
Gateway_1;34;20.27%;2.96%;231.7MiB / 7.646GiB;169kB / 265kB;0B / 12.3kB;581;32
Rpc;12;0.01%;0.14%;10.99MiB / 7.646GiB;1.28MB / 1.12MB;0B / 57.3kB;581;32
Node_3;18;0.84%;0.29%;22.54MiB / 7.646GiB;3.89MB / 3.64MB;0B / 24.5MB;581;32
Node_2;18;0.80%;0.26%;20.69MiB / 7.646GiB;3.9MB / 3.65MB;0B / 24.5MB;581;32
Node_1;18;0.87%;0.29%;22.85MiB / 7.646GiB;3.12MB / 3.04MB;0B / 24.5MB;581;32
Devnet_Goshimmer;18;213.93%;0.99%;77.53MiB / 7.646GiB;481kB / 986kB;205kB / 77.8kB;581;32
Nodes_Router_1;2;0.00%;0.01%;848KiB / 7.646GiB;2.79MB / 2.77MB;0B / 0B;581;32
Gateways_Router_1;2;0.00%;0.01%;864KiB / 7.646GiB;871kB / 845kB;0B / 0B;581;32
Gateway_2;34;21.12%;2.75%;215.3MiB / 7.646GiB;166kB / 263kB;0B / 12.3kB;588;33
Gateway_1;34;20.35%;2.96%;231.8MiB / 7.646GiB;169kB / 267kB;0B / 12.3kB;588;33
Rpc;12;0.02%;0.14%;10.99MiB / 7.646GiB;1.29MB / 1.13MB;0B / 57.3kB;588;33
Node_3;18;0.82%;0.29%;22.48MiB / 7.646GiB;3.92MB / 3.66MB;0B / 24.5MB;588;33
Node_2;18;0.79%;0.27%;20.79MiB / 7.646GiB;3.92MB / 3.68MB;0B / 24.5MB;588;33
Node_1;18;0.76%;0.28%;22.15MiB / 7.646GiB;3.14MB / 3.06MB;0B / 24.5MB;588;33
Devnet_Goshimmer;18;215.10%;0.99%;77.71MiB / 7.646GiB;489kB / 998kB;205kB / 77.8kB;588;33
Nodes_Router_1;2;0.00%;0.01%;848KiB / 7.646GiB;2.81MB / 2.79MB;0B / 0B;588;33
Gateways_Router_1;2;0.00%;0.01%;864KiB / 7.646GiB;877kB / 851kB;0B / 0B;588;33
Gateway_2;34;20.63%;2.75%;215.3MiB / 7.646GiB;167kB / 264kB;0B / 12.3kB;595;34
Gateway_1;34;21.16%;2.96%;231.8MiB / 7.646GiB;169kB / 267kB;0B / 12.3kB;595;34
Rpc;12;0.01%;0.14%;11.02MiB / 7.646GiB;1.3MB / 1.13MB;0B / 57.3kB;595;34
Node_3;18;0.81%;0.29%;22.51MiB / 7.646GiB;3.96MB / 3.7MB;0B / 25.4MB;595;34
Node_2;18;0.79%;0.27%;20.96MiB / 7.646GiB;3.97MB / 3.71MB;0B / 25.4MB;595;34
Node_1;18;1.55%;0.29%;22.37MiB / 7.646GiB;3.17MB / 3.08MB;0B / 25.4MB;595;34
Devnet_Goshimmer;18;208.69%;0.99%;77.53MiB / 7.646GiB;493kB / 1.01MB;205kB / 77.8kB;595;34
Nodes_Router_1;2;0.00%;0.01%;848KiB / 7.646GiB;2.84MB / 2.82MB;0B / 0B;595;34
Gateways_Router_1;2;0.00%;0.01%;864KiB / 7.646GiB;878kB / 852kB;0B / 0B;595;34
Gateway_2;34;21.89%;2.75%;215.5MiB / 7.646GiB;170kB / 268kB;0B / 12.3kB;602;33
Gateway_1;34;22.05%;2.96%;231.8MiB / 7.646GiB;171kB / 268kB;0B / 12.3kB;602;33
Rpc;12;0.02%;0.14%;11.13MiB / 7.646GiB;1.32MB / 1.15MB;0B / 57.3kB;602;33
Node_3;18;1.00%;0.29%;22.59MiB / 7.646GiB;4.04MB / 3.77MB;0B / 26.1MB;602;33
Node_2;18;0.97%;0.28%;21.86MiB / 7.646GiB;4.04MB / 3.79MB;0B / 26.1MB;602;33
Node_1;18;1.12%;0.29%;23.02MiB / 7.646GiB;3.23MB / 3.15MB;0B / 26.1MB;602;33
Devnet_Goshimmer;18;212.49%;0.99%;77.87MiB / 7.646GiB;499kB / 1.02MB;205kB / 77.8kB;602;33
Nodes_Router_1;2;0.00%;0.01%;848KiB / 7.646GiB;2.88MB / 2.86MB;0B / 0B;602;33
Gateways_Router_1;2;0.00%;0.01%;864KiB / 7.646GiB;888kB / 862kB;0B / 0B;602;33
Gateway_2;34;21.99%;2.75%;215.4MiB / 7.646GiB;173kB / 271kB;0B / 12.3kB;609;34
Gateway_1;34;24.83%;2.96%;231.9MiB / 7.646GiB;174kB / 273kB;0B / 12.3kB;609;34
Rpc;12;0.15%;0.13%;10.55MiB / 7.646GiB;1.33MB / 1.17MB;0B / 57.3kB;609;34
Node_3;18;1.22%;0.27%;21.05MiB / 7.646GiB;4.1MB / 3.83MB;0B / 27MB;609;34
Node_2;18;1.28%;0.28%;22.07MiB / 7.646GiB;4.1MB / 3.84MB;0B / 27MB;609;34
Node_1;18;1.54%;0.29%;23.07MiB / 7.646GiB;3.28MB / 3.19MB;0B / 27.1MB;609;34
Devnet_Goshimmer;18;210.73%;0.99%;77.27MiB / 7.646GiB;505kB / 1.03MB;205kB / 77.8kB;609;34
Nodes_Router_1;2;0.00%;0.01%;848KiB / 7.646GiB;2.92MB / 2.9MB;0B / 0B;609;34
Gateways_Router_1;2;0.00%;0.01%;864KiB / 7.646GiB;901kB / 876kB;0B / 0B;609;34
Gateway_2;34;20.74%;2.75%;215.4MiB / 7.646GiB;175kB / 275kB;0B / 12.3kB;616;34
Gateway_1;34;24.92%;2.96%;231.9MiB / 7.646GiB;176kB / 276kB;0B / 12.3kB;616;34
Rpc;12;0.19%;0.14%;10.62MiB / 7.646GiB;1.35MB / 1.18MB;0B / 57.3kB;616;34
Node_3;18;1.01%;0.28%;21.63MiB / 7.646GiB;4.16MB / 3.88MB;0B / 27.1MB;616;34
Node_2;18;0.92%;0.27%;21.27MiB / 7.646GiB;4.16MB / 3.9MB;0B / 27.1MB;616;34
Node_1;18;1.13%;0.29%;22.99MiB / 7.646GiB;3.32MB / 3.23MB;0B / 27.1MB;616;34
Devnet_Goshimmer;18;212.09%;1.00%;78.14MiB / 7.646GiB;512kB / 1.04MB;205kB / 77.8kB;616;34
Nodes_Router_1;2;0.00%;0.01%;848KiB / 7.646GiB;2.95MB / 2.93MB;0B / 0B;616;34
Gateways_Router_1;2;0.00%;0.01%;864KiB / 7.646GiB;913kB / 888kB;0B / 0B;616;34
Gateway_2;34;21.58%;2.75%;215.5MiB / 7.646GiB;178kB / 279kB;0B / 12.3kB;623;33
Gateway_1;34;21.83%;2.96%;232MiB / 7.646GiB;176kB / 276kB;0B / 12.3kB;623;33
Rpc;12;0.01%;0.14%;10.63MiB / 7.646GiB;1.36MB / 1.19MB;0B / 57.3kB;623;33
Node_3;18;0.83%;0.29%;22.39MiB / 7.646GiB;4.18MB / 3.9MB;0B / 28.5MB;623;33
Node_2;18;0.82%;0.27%;21.31MiB / 7.646GiB;4.18MB / 3.92MB;0B / 28.4MB;623;33
Node_1;18;0.88%;0.29%;22.59MiB / 7.646GiB;3.34MB / 3.25MB;0B / 28.5MB;623;33
Devnet_Goshimmer;18;212.15%;1.00%;78.2MiB / 7.646GiB;518kB / 1.06MB;205kB / 77.8kB;623;33
Nodes_Router_1;2;0.00%;0.01%;848KiB / 7.646GiB;2.98MB / 2.96MB;0B / 0B;623;33
Gateways_Router_1;2;0.00%;0.01%;864KiB / 7.646GiB;921kB / 895kB;0B / 0B;623;33
Gateway_2;34;21.85%;2.75%;215.5MiB / 7.646GiB;179kB / 282kB;0B / 12.3kB;630;32
Gateway_1;34;20.69%;2.96%;232MiB / 7.646GiB;177kB / 277kB;0B / 12.3kB;630;32
Rpc;12;0.06%;0.14%;10.71MiB / 7.646GiB;1.38MB / 1.2MB;0B / 57.3kB;630;32
Node_3;18;7.36%;0.30%;23.86MiB / 7.646GiB;4.23MB / 3.95MB;0B / 28.5MB;630;32
Node_2;18;7.49%;0.27%;21.12MiB / 7.646GiB;4.23MB / 3.96MB;0B / 28.5MB;630;32
Node_1;18;8.42%;0.29%;22.57MiB / 7.646GiB;3.38MB / 3.29MB;0B / 28.5MB;630;32
Devnet_Goshimmer;18;206.61%;1.00%;78.11MiB / 7.646GiB;523kB / 1.07MB;205kB / 77.8kB;630;32
Nodes_Router_1;2;0.00%;0.01%;848KiB / 7.646GiB;3.01MB / 2.99MB;0B / 0B;630;32
Gateways_Router_1;2;0.00%;0.01%;864KiB / 7.646GiB;926kB / 901kB;0B / 0B;630;32
Gateway_2;34;24.29%;2.75%;215.6MiB / 7.646GiB;184kB / 292kB;0B / 12.3kB;638;33
Gateway_1;34;22.81%;2.96%;232MiB / 7.646GiB;178kB / 279kB;0B / 12.3kB;638;33
Rpc;12;0.19%;0.14%;11.23MiB / 7.646GiB;1.41MB / 1.23MB;0B / 57.3kB;638;33
Node_3;18;0.86%;0.29%;22.69MiB / 7.646GiB;4.26MB / 3.97MB;0B / 28.8MB;638;33
Node_2;18;0.80%;0.27%;21.2MiB / 7.646GiB;4.26MB / 3.99MB;0B / 28.8MB;638;33
Node_1;18;2.04%;0.30%;23.14MiB / 7.646GiB;3.41MB / 3.32MB;0B / 28.9MB;638;33
Devnet_Goshimmer;18;212.12%;1.00%;78MiB / 7.646GiB;533kB / 1.09MB;205kB / 77.8kB;638;33
Nodes_Router_1;2;0.00%;0.01%;848KiB / 7.646GiB;3.05MB / 3.03MB;0B / 0B;638;33
Gateways_Router_1;2;0.00%;0.01%;864KiB / 7.646GiB;944kB / 918kB;0B / 0B;638;33
Gateway_2;34;21.40%;2.75%;215.6MiB / 7.646GiB;185kB / 295kB;0B / 12.3kB;645;33
Gateway_1;34;19.88%;2.96%;232.1MiB / 7.646GiB;178kB / 280kB;0B / 12.3kB;645;33
Rpc;12;0.01%;0.14%;10.73MiB / 7.646GiB;1.42MB / 1.24MB;0B / 57.3kB;645;33
Node_3;18;0.99%;0.29%;22.64MiB / 7.646GiB;4.29MB / 4.01MB;0B / 29.8MB;645;33
Node_2;18;1.06%;0.27%;21.21MiB / 7.646GiB;4.29MB / 4.02MB;0B / 29.8MB;645;33
Node_1;18;1.00%;0.29%;22.57MiB / 7.646GiB;3.44MB / 3.35MB;0B / 29.8MB;645;33
Devnet_Goshimmer;18;208.70%;1.00%;78.02MiB / 7.646GiB;538kB / 1.1MB;205kB / 77.8kB;645;33
Nodes_Router_1;2;0.00%;0.01%;848KiB / 7.646GiB;3.08MB / 3.06MB;0B / 0B;645;33
Gateways_Router_1;2;0.00%;0.01%;864KiB / 7.646GiB;950kB / 924kB;0B / 0B;645;33
Gateway_2;34;21.77%;2.75%;215.7MiB / 7.646GiB;188kB / 298kB;0B / 12.3kB;652;33
Gateway_1;34;24.94%;2.97%;232.2MiB / 7.646GiB;181kB / 285kB;0B / 12.3kB;652;33
Rpc;12;0.18%;0.14%;11MiB / 7.646GiB;1.44MB / 1.26MB;0B / 57.3kB;652;33
Node_3;18;0.81%;0.29%;22.82MiB / 7.646GiB;4.34MB / 4.05MB;0B / 30.1MB;652;33
Node_2;18;0.84%;0.27%;21.45MiB / 7.646GiB;4.34MB / 4.07MB;0B / 30.1MB;652;33
Node_1;18;0.99%;0.29%;22.96MiB / 7.646GiB;3.48MB / 3.39MB;0B / 30.2MB;652;33
Devnet_Goshimmer;18;212.27%;1.00%;78.18MiB / 7.646GiB;547kB / 1.12MB;205kB / 77.8kB;652;33
Nodes_Router_1;2;0.00%;0.01%;848KiB / 7.646GiB;3.12MB / 3.1MB;0B / 0B;652;33
Gateways_Router_1;2;0.00%;0.01%;864KiB / 7.646GiB;963kB / 937kB;0B / 0B;652;33
Gateway_2;34;21.21%;2.75%;215.6MiB / 7.646GiB;188kB / 300kB;0B / 12.3kB;659;33
Gateway_1;34;20.70%;2.97%;232.3MiB / 7.646GiB;182kB / 288kB;0B / 12.3kB;659;33
Rpc;12;0.02%;0.14%;11.04MiB / 7.646GiB;1.45MB / 1.27MB;0B / 57.3kB;659;33
Node_3;18;0.82%;0.29%;22.54MiB / 7.646GiB;4.37MB / 4.08MB;0B / 30.2MB;659;33
Node_2;18;0.86%;0.28%;22.02MiB / 7.646GiB;4.38MB / 4.1MB;0B / 30.1MB;659;33
Node_1;18;0.79%;0.29%;22.98MiB / 7.646GiB;3.51MB / 3.41MB;0B / 30.2MB;659;33
Devnet_Goshimmer;18;212.26%;1.00%;78.34MiB / 7.646GiB;551kB / 1.13MB;205kB / 77.8kB;659;33
Nodes_Router_1;2;0.00%;0.01%;848KiB / 7.646GiB;3.15MB / 3.13MB;0B / 0B;659;33
Gateways_Router_1;2;0.00%;0.01%;864KiB / 7.646GiB;969kB / 943kB;0B / 0B;659;33
Gateway_2;34;26.39%;2.75%;215.7MiB / 7.646GiB;191kB / 304kB;0B / 12.3kB;666;32
Gateway_1;34;22.15%;2.97%;232.3MiB / 7.646GiB;185kB / 291kB;0B / 12.3kB;666;32
Rpc;12;0.19%;0.14%;11.14MiB / 7.646GiB;1.47MB / 1.29MB;0B / 57.3kB;666;32
Node_3;18;0.74%;0.30%;23.41MiB / 7.646GiB;4.42MB / 4.12MB;0B / 31.5MB;666;32
Node_2;18;0.78%;0.27%;21.29MiB / 7.646GiB;4.42MB / 4.14MB;0B / 31.5MB;666;32
Node_1;18;0.94%;0.29%;23.05MiB / 7.646GiB;3.55MB / 3.45MB;0B / 31.6MB;666;32
Devnet_Goshimmer;18;217.19%;1.00%;78.32MiB / 7.646GiB;560kB / 1.14MB;205kB / 77.8kB;666;32
Nodes_Router_1;2;0.00%;0.01%;848KiB / 7.646GiB;3.18MB / 3.16MB;0B / 0B;666;32
Gateways_Router_1;2;0.00%;0.01%;864KiB / 7.646GiB;982kB / 957kB;0B / 0B;666;32
Gateway_2;34;25.66%;2.76%;215.7MiB / 7.646GiB;191kB / 306kB;0B / 12.3kB;673;33
Gateway_1;34;21.03%;2.97%;232.3MiB / 7.646GiB;185kB / 292kB;0B / 12.3kB;673;33
Rpc;12;0.00%;0.14%;11.28MiB / 7.646GiB;1.48MB / 1.3MB;0B / 57.3kB;673;33
Node_3;18;8.58%;0.29%;22.78MiB / 7.646GiB;4.49MB / 4.2MB;0B / 31.5MB;673;33
Node_2;18;7.88%;0.28%;22.24MiB / 7.646GiB;4.5MB / 4.21MB;0B / 31.5MB;673;33
Node_1;18;6.99%;0.30%;23.45MiB / 7.646GiB;3.6MB / 3.5MB;0B / 31.6MB;673;33
Devnet_Goshimmer;18;210.63%;0.99%;77.51MiB / 7.646GiB;567kB / 1.16MB;205kB / 77.8kB;673;33
Nodes_Router_1;2;0.00%;0.01%;848KiB / 7.646GiB;3.22MB / 3.2MB;0B / 0B;673;33
Gateways_Router_1;2;0.00%;0.01%;864KiB / 7.646GiB;986kB / 960kB;0B / 0B;673;33
Gateway_2;34;26.79%;2.76%;215.8MiB / 7.646GiB;194kB / 309kB;0B / 12.3kB;680;34
Gateway_1;34;24.13%;2.97%;232.4MiB / 7.646GiB;187kB / 296kB;0B / 12.3kB;680;34
Rpc;12;0.16%;0.14%;10.68MiB / 7.646GiB;1.5MB / 1.31MB;0B / 57.3kB;680;34
Node_3;18;0.74%;0.29%;22.58MiB / 7.646GiB;4.52MB / 4.22MB;0B / 32.9MB;680;34
Node_2;18;0.71%;0.28%;21.54MiB / 7.646GiB;4.53MB / 4.24MB;0B / 32.9MB;680;34
Node_1;18;0.97%;0.29%;22.93MiB / 7.646GiB;3.63MB / 3.53MB;0B / 32.9MB;680;34
Devnet_Goshimmer;18;211.95%;1.00%;78.5MiB / 7.646GiB;574kB / 1.17MB;205kB / 77.8kB;680;34
Nodes_Router_1;2;0.00%;0.01%;848KiB / 7.646GiB;3.25MB / 3.23MB;0B / 0B;680;34
Gateways_Router_1;2;0.00%;0.01%;864KiB / 7.646GiB;997kB / 971kB;0B / 0B;680;34
Gateway_2;34;26.12%;2.76%;215.8MiB / 7.646GiB;194kB / 310kB;0B / 12.3kB;687;33
Gateway_1;34;21.67%;2.97%;232.4MiB / 7.646GiB;188kB / 299kB;0B / 12.3kB;687;33
Rpc;12;0.07%;0.14%;10.72MiB / 7.646GiB;1.51MB / 1.32MB;0B / 57.3kB;687;33
Node_3;18;8.49%;0.30%;23.76MiB / 7.646GiB;4.57MB / 4.27MB;0B / 32.9MB;687;33
Node_2;18;8.54%;0.27%;21.16MiB / 7.646GiB;4.58MB / 4.29MB;0B / 32.9MB;687;33
Node_1;18;6.89%;0.31%;24.15MiB / 7.646GiB;3.67MB / 3.56MB;0B / 33MB;687;33
Devnet_Goshimmer;18;210.47%;1.00%;78.48MiB / 7.646GiB;580kB / 1.18MB;205kB / 77.8kB;687;33
Nodes_Router_1;2;0.00%;0.01%;848KiB / 7.646GiB;3.28MB / 3.26MB;0B / 0B;687;33
Gateways_Router_1;2;0.00%;0.01%;864KiB / 7.646GiB;1MB / 977kB;0B / 0B;687;33
Gateway_2;34;25.66%;2.76%;215.9MiB / 7.646GiB;195kB / 312kB;0B / 12.3kB;694;31
Gateway_1;34;20.45%;2.97%;232.5MiB / 7.646GiB;189kB / 300kB;0B / 12.3kB;694;31
Rpc;12;0.01%;0.14%;10.73MiB / 7.646GiB;1.52MB / 1.33MB;0B / 57.3kB;694;31
Node_3;18;0.95%;0.29%;22.77MiB / 7.646GiB;4.63MB / 4.33MB;0B / 34.3MB;694;31
Node_2;18;0.88%;0.27%;21.48MiB / 7.646GiB;4.64MB / 4.34MB;0B / 34.3MB;694;31
Node_1;18;0.91%;0.30%;23.37MiB / 7.646GiB;3.72MB / 3.61MB;0B / 34.4MB;694;31
Devnet_Goshimmer;18;215.87%;1.00%;78.23MiB / 7.646GiB;585kB / 1.2MB;205kB / 77.8kB;694;31
Nodes_Router_1;2;0.00%;0.01%;848KiB / 7.646GiB;3.31MB / 3.29MB;0B / 0B;694;31
Gateways_Router_1;2;0.00%;0.01%;864KiB / 7.646GiB;1.01MB / 982kB;0B / 0B;694;31
Gateway_2;34;25.01%;2.76%;215.9MiB / 7.646GiB;196kB / 314kB;0B / 12.3kB;701;33
Gateway_1;34;21.16%;2.97%;232.5MiB / 7.646GiB;190kB / 302kB;0B / 12.3kB;701;33
Rpc;12;0.01%;0.14%;10.73MiB / 7.646GiB;1.53MB / 1.34MB;0B / 57.3kB;701;33
Node_3;18;7.54%;0.30%;23.71MiB / 7.646GiB;4.71MB / 4.4MB;0B / 34.3MB;701;33
Node_2;18;8.37%;0.28%;21.82MiB / 7.646GiB;4.71MB / 4.41MB;0B / 34.3MB;701;33
Node_1;18;8.27%;0.29%;23MiB / 7.646GiB;3.76MB / 3.65MB;0B / 34.4MB;701;33
Devnet_Goshimmer;18;212.48%;1.00%;78.55MiB / 7.646GiB;592kB / 1.21MB;205kB / 77.8kB;701;33
Nodes_Router_1;2;0.00%;0.01%;848KiB / 7.646GiB;3.35MB / 3.32MB;0B / 0B;701;33
Gateways_Router_1;2;0.00%;0.01%;864KiB / 7.646GiB;1.01MB / 987kB;0B / 0B;701;33
Gateway_2;34;25.45%;2.76%;216MiB / 7.646GiB;197kB / 315kB;0B / 12.3kB;709;33
Gateway_1;34;24.93%;2.97%;232.6MiB / 7.646GiB;191kB / 303kB;0B / 12.3kB;709;33
Rpc;12;0.06%;0.14%;10.77MiB / 7.646GiB;1.54MB / 1.35MB;0B / 57.3kB;709;33
Node_3;18;7.75%;0.28%;22.25MiB / 7.646GiB;4.76MB / 4.45MB;0B / 35.4MB;709;33
Node_2;18;8.58%;0.29%;22.73MiB / 7.646GiB;4.76MB / 4.46MB;0B / 35.4MB;709;33
Node_1;18;7.63%;0.30%;23.71MiB / 7.646GiB;3.8MB / 3.69MB;0B / 35.4MB;709;33
Devnet_Goshimmer;18;213.91%;1.00%;78.58MiB / 7.646GiB;597kB / 1.22MB;205kB / 77.8kB;709;33
Nodes_Router_1;2;0.00%;0.01%;848KiB / 7.646GiB;3.38MB / 3.36MB;0B / 0B;709;33
Gateways_Router_1;2;0.00%;0.01%;864KiB / 7.646GiB;1.02MB / 992kB;0B / 0B;709;33
Gateway_2;34;25.21%;2.76%;216.1MiB / 7.646GiB;198kB / 317kB;0B / 12.3kB;716;33
Gateway_1;34;22.74%;2.97%;232.6MiB / 7.646GiB;192kB / 305kB;0B / 12.3kB;716;33
Rpc;12;0.07%;0.14%;10.88MiB / 7.646GiB;1.55MB / 1.36MB;0B / 57.3kB;716;33
Node_3;18;8.79%;0.28%;22.01MiB / 7.646GiB;4.81MB / 4.49MB;0B / 36.4MB;716;33
Node_2;18;8.33%;0.28%;21.68MiB / 7.646GiB;4.81MB / 4.51MB;0B / 36.4MB;716;33
Node_1;18;7.41%;0.30%;23.59MiB / 7.646GiB;3.84MB / 3.73MB;0B / 36.5MB;716;33
Devnet_Goshimmer;18;211.95%;1.00%;78.56MiB / 7.646GiB;603kB / 1.23MB;205kB / 77.8kB;716;33
Nodes_Router_1;2;0.00%;0.01%;848KiB / 7.646GiB;3.41MB / 3.39MB;0B / 0B;716;33
Gateways_Router_1;2;0.00%;0.01%;864KiB / 7.646GiB;1.02MB / 997kB;0B / 0B;716;33
Gateway_2;34;24.19%;2.76%;216.1MiB / 7.646GiB;199kB / 318kB;0B / 12.3kB;723;33
Gateway_1;34;21.49%;2.97%;232.7MiB / 7.646GiB;193kB / 306kB;0B / 12.3kB;723;33
Rpc;12;0.07%;0.14%;11.01MiB / 7.646GiB;1.56MB / 1.37MB;0B / 57.3kB;723;33
Node_3;18;2.46%;0.27%;21.23MiB / 7.646GiB;4.87MB / 4.55MB;0B / 36.5MB;723;33
Node_2;18;1.28%;0.28%;21.74MiB / 7.646GiB;4.87MB / 4.57MB;0B / 36.5MB;723;33
Node_1;18;1.39%;0.31%;24.18MiB / 7.646GiB;3.88MB / 3.77MB;0B / 36.5MB;723;33
Devnet_Goshimmer;18;208.28%;1.01%;78.91MiB / 7.646GiB;608kB / 1.24MB;205kB / 77.8kB;723;33
Nodes_Router_1;2;0.00%;0.01%;848KiB / 7.646GiB;3.44MB / 3.42MB;0B / 0B;723;33
Gateways_Router_1;2;0.00%;0.01%;864KiB / 7.646GiB;1.03MB / 1MB;0B / 0B;723;33
Gateway_2;34;28.60%;2.76%;216.1MiB / 7.646GiB;200kB / 320kB;0B / 12.3kB;730;33
Gateway_1;34;23.51%;2.97%;232.7MiB / 7.646GiB;194kB / 309kB;0B / 12.3kB;730;33
Rpc;12;0.18%;0.14%;11.23MiB / 7.646GiB;1.57MB / 1.38MB;0B / 57.3kB;730;33
Node_3;18;1.59%;0.28%;21.78MiB / 7.646GiB;4.93MB / 4.61MB;0B / 37.5MB;730;33
Node_2;18;1.37%;0.27%;21.53MiB / 7.646GiB;4.93MB / 4.62MB;0B / 37.5MB;730;33
Node_1;18;2.38%;0.31%;24.2MiB / 7.646GiB;3.93MB / 3.81MB;0B / 37.6MB;730;33
Devnet_Goshimmer;18;214.15%;1.01%;78.7MiB / 7.646GiB;614kB / 1.26MB;205kB / 77.8kB;730;33
Nodes_Router_1;2;0.00%;0.01%;848KiB / 7.646GiB;3.47MB / 3.45MB;0B / 0B;730;33
Gateways_Router_1;2;0.00%;0.01%;864KiB / 7.646GiB;1.03MB / 1.01MB;0B / 0B;730;33
Gateway_2;34;21.28%;2.76%;216.1MiB / 7.646GiB;200kB / 321kB;0B / 12.3kB;737;33
Gateway_1;34;24.02%;2.97%;232.7MiB / 7.646GiB;195kB / 311kB;0B / 12.3kB;737;33
Rpc;12;0.18%;0.14%;10.77MiB / 7.646GiB;1.58MB / 1.39MB;0B / 57.3kB;737;33
Node_3;18;8.72%;0.28%;21.75MiB / 7.646GiB;5MB / 4.67MB;0B / 37.6MB;737;33
Node_2;18;7.84%;0.28%;21.81MiB / 7.646GiB;5MB / 4.69MB;0B / 37.6MB;737;33
Node_1;18;9.70%;0.31%;23.92MiB / 7.646GiB;3.98MB / 3.86MB;0B / 37.7MB;737;33
Devnet_Goshimmer;18;211.75%;1.02%;79.52MiB / 7.646GiB;621kB / 1.27MB;205kB / 77.8kB;737;33
Nodes_Router_1;2;0.00%;0.01%;848KiB / 7.646GiB;3.51MB / 3.48MB;0B / 0B;737;33
Gateways_Router_1;2;0.00%;0.01%;864KiB / 7.646GiB;1.04MB / 1.01MB;0B / 0B;737;33
Gateway_2;34;20.37%;2.76%;216.3MiB / 7.646GiB;202kB / 323kB;0B / 12.3kB;744;33
Gateway_1;34;24.24%;2.97%;232.8MiB / 7.646GiB;196kB / 313kB;0B / 12.3kB;744;33
Rpc;12;0.22%;0.14%;10.88MiB / 7.646GiB;1.59MB / 1.4MB;0B / 57.3kB;744;33
Node_3;18;9.01%;0.29%;22.51MiB / 7.646GiB;5.05MB / 4.73MB;0B / 38.7MB;744;33
Node_2;18;7.37%;0.29%;22.72MiB / 7.646GiB;5.05MB / 4.74MB;0B / 38.7MB;744;33
Node_1;18;7.35%;0.31%;24.23MiB / 7.646GiB;4.02MB / 3.9MB;0B / 38.8MB;744;33
Devnet_Goshimmer;18;210.43%;1.01%;79.09MiB / 7.646GiB;626kB / 1.28MB;205kB / 77.8kB;744;33
Nodes_Router_1;2;0.00%;0.01%;848KiB / 7.646GiB;3.54MB / 3.52MB;0B / 0B;744;33
Gateways_Router_1;2;0.00%;0.01%;864KiB / 7.646GiB;1.04MB / 1.02MB;0B / 0B;744;33
Gateway_1;34;20.52%;2.97%;232.8MiB / 7.646GiB;197kB / 314kB;0B / 12.3kB;753;31
Rpc;12;0.02%;0.14%;10.89MiB / 7.646GiB;1.59MB / 1.4MB;0B / 57.3kB;753;31
Node_3;18;0.86%;0.29%;22.65MiB / 7.646GiB;5.09MB / 4.77MB;0B / 38.7MB;753;31
Node_2;18;0.81%;0.29%;22.55MiB / 7.646GiB;5.1MB / 4.78MB;0B / 38.7MB;753;31
Node_1;18;0.80%;0.32%;24.76MiB / 7.646GiB;4.05MB / 3.92MB;0B / 38.8MB;753;31
Devnet_Goshimmer;18;214.39%;1.02%;79.57MiB / 7.646GiB;631kB / 1.29MB;205kB / 77.8kB;753;31
Nodes_Router_1;2;0.00%;0.01%;848KiB / 7.646GiB;3.56MB / 3.54MB;0B / 0B;753;31
Gateways_Router_1;2;0.00%;0.01%;864KiB / 7.646GiB;1.05MB / 1.02MB;0B / 0B;753;31
Gateway_1;34;21.53%;2.97%;232.9MiB / 7.646GiB;197kB / 316kB;0B / 12.3kB;760;29
Rpc;12;0.01%;0.14%;10.92MiB / 7.646GiB;1.6MB / 1.41MB;0B / 57.3kB;760;29
Node_3;18;0.76%;0.28%;21.74MiB / 7.646GiB;5.12MB / 4.79MB;0B / 38.7MB;760;29
Node_2;18;0.86%;0.28%;22.22MiB / 7.646GiB;5.12MB / 4.81MB;0B / 38.7MB;760;29
Node_1;18;0.74%;0.30%;23.83MiB / 7.646GiB;4.07MB / 3.94MB;0B / 38.8MB;760;29
Devnet_Goshimmer;18;210.06%;1.01%;79.32MiB / 7.646GiB;635kB / 1.3MB;205kB / 77.8kB;760;29
Nodes_Router_1;2;0.00%;0.01%;848KiB / 7.646GiB;3.58MB / 3.56MB;0B / 0B;760;29
Gateways_Router_1;2;0.00%;0.01%;864KiB / 7.646GiB;1.05MB / 1.02MB;0B / 0B;760;29
Gateway_1;34;20.04%;2.97%;232.9MiB / 7.646GiB;198kB / 317kB;0B / 12.3kB;767;30
Rpc;12;0.01%;0.14%;10.94MiB / 7.646GiB;1.6MB / 1.41MB;0B / 57.3kB;767;30
Node_3;18;0.83%;0.27%;21.52MiB / 7.646GiB;5.15MB / 4.82MB;0B / 39.9MB;767;30
Node_2;18;0.90%;0.28%;22.02MiB / 7.646GiB;5.16MB / 4.83MB;0B / 39.9MB;767;30
Node_1;18;0.86%;0.30%;23.77MiB / 7.646GiB;4.1MB / 3.96MB;0B / 39.9MB;767;30
Devnet_Goshimmer;18;214.25%;1.02%;79.57MiB / 7.646GiB;640kB / 1.31MB;205kB / 77.8kB;767;30
Nodes_Router_1;2;0.00%;0.01%;848KiB / 7.646GiB;3.6MB / 3.58MB;0B / 0B;767;30
Gateways_Router_1;2;0.00%;0.01%;864KiB / 7.646GiB;1.05MB / 1.03MB;0B / 0B;767;30
Gateway_1;34;20.37%;2.98%;233MiB / 7.646GiB;199kB / 319kB;0B / 12.3kB;774;30
Rpc;12;0.01%;0.14%;10.94MiB / 7.646GiB;1.61MB / 1.42MB;0B / 57.3kB;774;30
Node_3;18;0.82%;0.28%;21.8MiB / 7.646GiB;5.18MB / 4.85MB;0B / 39.9MB;774;30
Node_2;18;0.80%;0.29%;22.77MiB / 7.646GiB;5.19MB / 4.86MB;0B / 39.9MB;774;30
Node_1;18;0.77%;0.30%;23.14MiB / 7.646GiB;4.12MB / 3.98MB;0B / 40MB;774;30
Devnet_Goshimmer;18;214.94%;1.02%;79.59MiB / 7.646GiB;644kB / 1.32MB;205kB / 77.8kB;774;30
Nodes_Router_1;2;0.00%;0.01%;848KiB / 7.646GiB;3.62MB / 3.6MB;0B / 0B;774;30
Gateways_Router_1;2;0.00%;0.01%;864KiB / 7.646GiB;1.05MB / 1.03MB;0B / 0B;774;30
Rpc;12;0.01%;0.14%;10.94MiB / 7.646GiB;1.61MB / 1.42MB;0B / 57.3kB;781;26
Node_3;18;0.78%;0.29%;22.64MiB / 7.646GiB;5.2MB / 4.87MB;0B / 39.9MB;781;26
Node_2;18;0.72%;0.28%;22.24MiB / 7.646GiB;5.21MB / 4.88MB;0B / 39.9MB;781;26
Node_1;18;0.70%;0.31%;24.15MiB / 7.646GiB;4.13MB / 4MB;0B / 40MB;781;26
Devnet_Goshimmer;18;214.96%;1.02%;79.58MiB / 7.646GiB;648kB / 1.33MB;205kB / 77.8kB;781;26
Nodes_Router_1;2;0.00%;0.01%;848KiB / 7.646GiB;3.64MB / 3.61MB;0B / 0B;781;26
Gateways_Router_1;2;0.00%;0.01%;864KiB / 7.646GiB;1.05MB / 1.03MB;0B / 0B;781;26
