Gateway_6;32;34.91%;1.81%;141.4MiB / 7.645GiB;2.44kB / 826B;0B / 12.3kB;5;71
Gateway_5;32;20.92%;2.26%;176.5MiB / 7.645GiB;3.37kB / 826B;0B / 12.3kB;5;71
Gateway_4;32;20.53%;2.81%;220.2MiB / 7.645GiB;4.2kB / 826B;0B / 12.3kB;5;71
Gateway_3;32;23.08%;2.21%;172.7MiB / 7.645GiB;5.09kB / 826B;0B / 12.3kB;5;71
Gateway_2;32;20.19%;2.65%;207.3MiB / 7.645GiB;6.16kB / 826B;0B / 12.3kB;5;71
Gateway_1;32;17.71%;2.17%;170.2MiB / 7.645GiB;6.85kB / 826B;492kB / 12.3kB;5;71
Rpc;7;0.01%;0.09%;6.934MiB / 7.645GiB;40.9kB / 29.6kB;20.5kB / 57.3kB;5;71
Node_3;17;0.78%;0.19%;14.7MiB / 7.645GiB;174kB / 153kB;4.1kB / 209kB;5;71
Node_2;17;0.77%;0.19%;15.07MiB / 7.645GiB;174kB / 150kB;16.4kB / 209kB;5;71
Node_1;17;0.78%;0.20%;15.68MiB / 7.645GiB;131kB / 124kB;426kB / 209kB;5;71
Devnet_Goshimmer;18;210.27%;0.93%;72.57MiB / 7.645GiB;38.7kB / 73.5kB;578kB / 77.8kB;5;71
Nodes_Router_1;2;0.00%;0.01%;856KiB / 7.645GiB;140kB / 128kB;0B / 0B;5;71
Gateways_Router_1;2;0.00%;0.01%;1.086MiB / 7.645GiB;20.6kB / 0B;283kB / 0B;5;71
Gateway_6;32;21.43%;1.88%;147MiB / 7.645GiB;2.62kB / 826B;0B / 12.3kB;13;42
Gateway_5;32;18.55%;2.29%;179.5MiB / 7.645GiB;3.55kB / 826B;0B / 12.3kB;13;42
Gateway_4;32;20.12%;2.78%;218MiB / 7.645GiB;4.38kB / 826B;0B / 12.3kB;13;42
Gateway_3;32;20.64%;2.18%;170.9MiB / 7.645GiB;5.2kB / 826B;0B / 12.3kB;13;42
Gateway_2;32;15.36%;2.65%;207.4MiB / 7.645GiB;6.27kB / 826B;0B / 12.3kB;13;42
Gateway_1;32;16.01%;2.22%;173.4MiB / 7.645GiB;6.85kB / 826B;492kB / 12.3kB;13;42
Rpc;7;0.01%;0.09%;6.934MiB / 7.645GiB;40.9kB / 29.6kB;20.5kB / 57.3kB;13;42
Node_3;17;0.87%;0.19%;14.94MiB / 7.645GiB;177kB / 154kB;4.1kB / 209kB;13;42
Node_2;17;0.83%;0.20%;15.43MiB / 7.645GiB;178kB / 152kB;16.4kB / 209kB;13;42
Node_1;17;0.83%;0.19%;15.07MiB / 7.645GiB;134kB / 126kB;426kB / 209kB;13;42
Devnet_Goshimmer;18;212.36%;0.93%;73.02MiB / 7.645GiB;42.2kB / 82.8kB;578kB / 77.8kB;13;42
Nodes_Router_1;2;0.00%;0.01%;856KiB / 7.645GiB;153kB / 140kB;0B / 0B;13;42
Gateways_Router_1;2;0.00%;0.01%;1.086MiB / 7.645GiB;20.6kB / 0B;283kB / 0B;13;42
Gateway_6;32;16.22%;1.92%;150.4MiB / 7.645GiB;2.92kB / 826B;0B / 12.3kB;21;41
Gateway_5;32;15.59%;2.32%;181.7MiB / 7.645GiB;3.74kB / 826B;0B / 12.3kB;21;41
Gateway_4;32;15.82%;2.81%;220.1MiB / 7.645GiB;4.57kB / 826B;0B / 12.3kB;21;41
Gateway_3;34;22.06%;2.19%;171.5MiB / 7.645GiB;5.39kB / 826B;0B / 12.3kB;21;41
Gateway_2;34;21.67%;2.67%;209.3MiB / 7.645GiB;6.64kB / 826B;0B / 12.3kB;21;41
Gateway_1;34;41.34%;2.29%;179.1MiB / 7.645GiB;7.22kB / 826B;492kB / 12.3kB;21;41
Rpc;7;0.01%;0.09%;6.934MiB / 7.645GiB;41.2kB / 29.7kB;20.5kB / 57.3kB;21;41
Node_3;17;1.13%;0.19%;14.7MiB / 7.645GiB;182kB / 157kB;4.1kB / 209kB;21;41
Node_2;17;0.81%;0.19%;14.89MiB / 7.645GiB;182kB / 155kB;16.4kB / 209kB;21;41
Node_1;17;0.80%;0.19%;15.21MiB / 7.645GiB;138kB / 128kB;426kB / 209kB;21;41
Devnet_Goshimmer;18;210.60%;0.93%;72.7MiB / 7.645GiB;46kB / 92.1kB;578kB / 77.8kB;21;41
Nodes_Router_1;2;0.00%;0.01%;856KiB / 7.645GiB;166kB / 154kB;0B / 0B;21;41
Gateways_Router_1;2;0.00%;0.01%;1.086MiB / 7.645GiB;21.3kB / 0B;283kB / 0B;21;41
Gateway_6;34;27.54%;1.93%;150.9MiB / 7.645GiB;2.99kB / 826B;0B / 12.3kB;30;51
Gateway_5;34;27.50%;2.36%;185MiB / 7.645GiB;3.92kB / 826B;0B / 12.3kB;30;51
Gateway_4;34;40.69%;2.84%;222.4MiB / 7.645GiB;4.75kB / 826B;0B / 12.3kB;30;51
Gateway_3;34;66.32%;2.20%;172.3MiB / 7.645GiB;5.57kB / 826B;0B / 12.3kB;30;51
Gateway_2;34;36.70%;2.69%;210.9MiB / 7.645GiB;6.64kB / 826B;0B / 12.3kB;30;51
Gateway_1;34;24.71%;2.31%;180.7MiB / 7.645GiB;7.22kB / 826B;492kB / 12.3kB;30;51
Rpc;7;0.01%;0.09%;6.934MiB / 7.645GiB;41.2kB / 29.7kB;20.5kB / 57.3kB;30;51
Node_3;17;0.77%;0.19%;14.9MiB / 7.645GiB;186kB / 158kB;4.1kB / 209kB;30;51
Node_2;17;0.82%;0.19%;14.98MiB / 7.645GiB;186kB / 156kB;16.4kB / 209kB;30;51
Node_1;17;1.29%;0.20%;15.59MiB / 7.645GiB;142kB / 129kB;426kB / 209kB;30;51
Devnet_Goshimmer;18;210.73%;0.92%;72.4MiB / 7.645GiB;50kB / 102kB;578kB / 77.8kB;30;51
Nodes_Router_1;2;0.00%;0.01%;856KiB / 7.645GiB;181kB / 167kB;0B / 0B;30;51
Gateways_Router_1;2;0.00%;0.01%;1.086MiB / 7.645GiB;21.4kB / 0B;283kB / 0B;30;51
Gateway_6;34;74.38%;1.98%;154.7MiB / 7.645GiB;3.09kB / 826B;0B / 12.3kB;38;56
Gateway_5;34;34.49%;2.37%;185.8MiB / 7.645GiB;3.92kB / 826B;0B / 12.3kB;38;56
Gateway_4;34;59.07%;2.85%;223.5MiB / 7.645GiB;4.75kB / 826B;0B / 12.3kB;38;56
Gateway_3;34;36.50%;2.20%;172.6MiB / 7.645GiB;5.57kB / 826B;0B / 12.3kB;38;56
Gateway_2;34;25.33%;2.69%;211MiB / 7.645GiB;6.64kB / 826B;0B / 12.3kB;38;56
Gateway_1;34;25.29%;2.31%;180.8MiB / 7.645GiB;7.22kB / 826B;492kB / 12.3kB;38;56
Rpc;7;0.02%;0.09%;6.934MiB / 7.645GiB;41.2kB / 29.7kB;20.5kB / 57.3kB;38;56
Node_3;17;0.87%;0.19%;15.14MiB / 7.645GiB;189kB / 159kB;4.1kB / 209kB;38;56
Node_2;17;0.88%;0.19%;14.57MiB / 7.645GiB;189kB / 158kB;16.4kB / 209kB;38;56
Node_1;17;0.80%;0.19%;14.98MiB / 7.645GiB;145kB / 130kB;426kB / 209kB;38;56
Devnet_Goshimmer;18;211.96%;0.92%;72.1MiB / 7.645GiB;53.6kB / 112kB;578kB / 77.8kB;38;56
Nodes_Router_1;2;0.00%;0.01%;856KiB / 7.645GiB;194kB / 180kB;0B / 0B;38;56
Gateways_Router_1;2;0.00%;0.01%;1.086MiB / 7.645GiB;21.4kB / 0B;283kB / 0B;38;56
Gateway_6;34;42.11%;1.98%;155MiB / 7.645GiB;3.09kB / 826B;0B / 12.3kB;46;51
Gateway_5;34;23.84%;2.37%;185.8MiB / 7.645GiB;3.92kB / 826B;0B / 12.3kB;46;51
Gateway_4;34;26.49%;2.87%;224.8MiB / 7.645GiB;4.75kB / 826B;0B / 12.3kB;46;51
Gateway_3;34;29.56%;2.21%;173MiB / 7.645GiB;5.57kB / 826B;0B / 12.3kB;46;51
Gateway_2;34;37.80%;2.70%;211MiB / 7.645GiB;6.64kB / 826B;0B / 12.3kB;46;51
Gateway_1;34;32.10%;2.31%;181.2MiB / 7.645GiB;7.22kB / 826B;492kB / 12.3kB;46;51
Rpc;7;0.01%;0.09%;6.934MiB / 7.645GiB;41.4kB / 29.8kB;20.5kB / 57.3kB;46;51
Node_3;17;0.96%;0.19%;14.7MiB / 7.645GiB;194kB / 162kB;4.1kB / 209kB;46;51
Node_2;17;0.88%;0.19%;14.65MiB / 7.645GiB;194kB / 161kB;16.4kB / 209kB;46;51
Node_1;17;0.88%;0.19%;15.12MiB / 7.645GiB;149kB / 132kB;426kB / 209kB;46;51
Devnet_Goshimmer;18;216.34%;0.93%;72.68MiB / 7.645GiB;56.7kB / 120kB;578kB / 77.8kB;46;51
Nodes_Router_1;2;0.00%;0.01%;856KiB / 7.645GiB;205kB / 192kB;0B / 0B;46;51
Gateways_Router_1;2;0.00%;0.01%;1.086MiB / 7.645GiB;21.4kB / 0B;283kB / 0B;46;51
Gateway_6;34;26.55%;1.99%;155.4MiB / 7.645GiB;3.09kB / 826B;0B / 12.3kB;54;51
Gateway_5;34;45.20%;2.38%;186.2MiB / 7.645GiB;3.92kB / 826B;0B / 12.3kB;54;51
Gateway_4;34;32.78%;2.88%;225.3MiB / 7.645GiB;4.82kB / 826B;0B / 12.3kB;54;51
Gateway_3;34;31.97%;2.21%;173.2MiB / 7.645GiB;5.57kB / 826B;0B / 12.3kB;54;51
Gateway_2;34;25.62%;2.70%;211.1MiB / 7.645GiB;6.75kB / 826B;0B / 12.3kB;54;51
Gateway_1;34;24.94%;2.32%;181.3MiB / 7.645GiB;7.4kB / 826B;492kB / 12.3kB;54;51
Rpc;7;0.01%;0.09%;6.934MiB / 7.645GiB;41.5kB / 29.8kB;20.5kB / 57.3kB;54;51
Node_3;17;0.90%;0.19%;14.87MiB / 7.645GiB;197kB / 164kB;4.1kB / 209kB;54;51
Node_2;17;0.79%;0.19%;14.99MiB / 7.645GiB;197kB / 162kB;16.4kB / 209kB;54;51
Node_1;17;0.87%;0.19%;14.92MiB / 7.645GiB;152kB / 133kB;426kB / 209kB;54;51
Devnet_Goshimmer;18;216.64%;0.93%;73.02MiB / 7.645GiB;60.3kB / 129kB;578kB / 77.8kB;54;51
Nodes_Router_1;2;0.00%;0.01%;856KiB / 7.645GiB;218kB / 205kB;0B / 0B;54;51
Gateways_Router_1;2;0.00%;0.01%;1.086MiB / 7.645GiB;21.4kB / 0B;283kB / 0B;54;51
Gateway_6;34;32.81%;1.99%;155.6MiB / 7.645GiB;3.16kB / 826B;0B / 12.3kB;62;49
Gateway_5;34;23.67%;2.38%;186.4MiB / 7.645GiB;4.1kB / 826B;0B / 12.3kB;62;49
Gateway_4;34;26.30%;2.89%;226.4MiB / 7.645GiB;4.92kB / 826B;0B / 12.3kB;62;49
Gateway_3;34;31.84%;2.21%;173.2MiB / 7.645GiB;5.75kB / 826B;0B / 12.3kB;62;49
Gateway_2;34;23.71%;2.70%;211.5MiB / 7.645GiB;6.82kB / 826B;0B / 12.3kB;62;49
Gateway_1;34;23.38%;2.32%;181.4MiB / 7.645GiB;7.4kB / 826B;492kB / 12.3kB;62;49
Rpc;7;0.02%;0.09%;6.934MiB / 7.645GiB;41.5kB / 29.8kB;20.5kB / 57.3kB;62;49
Node_3;17;0.74%;0.19%;15.01MiB / 7.645GiB;200kB / 165kB;4.1kB / 209kB;62;49
Node_2;17;0.86%;0.19%;14.77MiB / 7.645GiB;201kB / 163kB;16.4kB / 209kB;62;49
Node_1;17;0.83%;0.19%;14.94MiB / 7.645GiB;155kB / 135kB;426kB / 209kB;62;49
Devnet_Goshimmer;18;216.81%;0.93%;72.83MiB / 7.645GiB;63.8kB / 138kB;578kB / 77.8kB;62;49
Nodes_Router_1;2;0.00%;0.01%;856KiB / 7.645GiB;231kB / 217kB;0B / 0B;62;49
Gateways_Router_1;2;0.00%;0.01%;1.086MiB / 7.645GiB;21.4kB / 0B;283kB / 0B;62;49
Gateway_6;34;28.55%;1.99%;155.6MiB / 7.645GiB;3.27kB / 826B;0B / 12.3kB;71;47
Gateway_5;34;24.36%;2.38%;186.5MiB / 7.645GiB;4.1kB / 826B;0B / 12.3kB;71;47
Gateway_4;34;25.12%;2.90%;227.4MiB / 7.645GiB;4.92kB / 826B;0B / 12.3kB;71;47
Gateway_3;34;30.25%;2.21%;173.3MiB / 7.645GiB;5.75kB / 826B;0B / 12.3kB;71;47
Gateway_2;34;23.93%;2.71%;211.8MiB / 7.645GiB;6.82kB / 826B;0B / 12.3kB;71;47
Gateway_1;34;23.54%;2.32%;181.5MiB / 7.645GiB;7.4kB / 826B;492kB / 12.3kB;71;47
Rpc;7;0.01%;0.09%;6.934MiB / 7.645GiB;41.5kB / 29.8kB;20.5kB / 57.3kB;71;47
Node_3;17;0.83%;0.19%;14.85MiB / 7.645GiB;204kB / 166kB;4.1kB / 209kB;71;47
Node_2;17;0.80%;0.19%;14.81MiB / 7.645GiB;204kB / 164kB;16.4kB / 209kB;71;47
Node_1;17;0.84%;0.20%;15.29MiB / 7.645GiB;158kB / 136kB;426kB / 209kB;71;47
Devnet_Goshimmer;18;212.39%;0.93%;72.56MiB / 7.645GiB;67.4kB / 148kB;578kB / 77.8kB;71;47
Nodes_Router_1;2;0.00%;0.01%;856KiB / 7.645GiB;243kB / 230kB;0B / 0B;71;47
Gateways_Router_1;2;0.00%;0.01%;1.086MiB / 7.645GiB;21.4kB / 0B;283kB / 0B;71;47
Gateway_6;34;24.64%;1.99%;155.7MiB / 7.645GiB;3.27kB / 826B;0B / 12.3kB;79;50
Gateway_5;34;24.11%;2.38%;186.6MiB / 7.645GiB;4.1kB / 826B;0B / 12.3kB;79;50
Gateway_4;34;24.81%;2.91%;228MiB / 7.645GiB;4.92kB / 826B;0B / 12.3kB;79;50
Gateway_3;34;41.59%;2.21%;173.3MiB / 7.645GiB;5.75kB / 826B;0B / 12.3kB;79;50
Gateway_2;34;29.21%;2.71%;211.9MiB / 7.645GiB;6.82kB / 826B;0B / 12.3kB;79;50
Gateway_1;34;25.89%;2.32%;181.5MiB / 7.645GiB;7.4kB / 826B;492kB / 12.3kB;79;50
Rpc;7;0.01%;0.09%;6.938MiB / 7.645GiB;41.5kB / 29.9kB;20.5kB / 57.3kB;79;50
Node_3;17;0.82%;0.19%;15.03MiB / 7.645GiB;209kB / 169kB;4.1kB / 209kB;79;50
Node_2;17;0.80%;0.19%;14.65MiB / 7.645GiB;208kB / 168kB;16.4kB / 209kB;79;50
Node_1;17;0.84%;0.19%;14.96MiB / 7.645GiB;162kB / 138kB;426kB / 209kB;79;50
Devnet_Goshimmer;18;213.71%;0.93%;72.8MiB / 7.645GiB;71kB / 157kB;578kB / 77.8kB;79;50
Nodes_Router_1;2;0.00%;0.01%;856KiB / 7.645GiB;257kB / 243kB;0B / 0B;79;50
Gateways_Router_1;2;0.00%;0.01%;1.086MiB / 7.645GiB;21.4kB / 0B;283kB / 0B;79;50
Gateway_6;34;32.15%;1.99%;155.7MiB / 7.645GiB;3.31kB / 826B;0B / 12.3kB;87;50
Gateway_5;34;26.40%;2.38%;186.6MiB / 7.645GiB;4.14kB / 826B;0B / 12.3kB;87;50
Gateway_4;34;29.32%;2.92%;228.9MiB / 7.645GiB;4.96kB / 826B;0B / 12.3kB;87;50
Gateway_3;34;31.91%;2.22%;173.4MiB / 7.645GiB;5.79kB / 826B;0B / 12.3kB;87;50
Gateway_2;34;25.84%;2.71%;211.9MiB / 7.645GiB;6.86kB / 826B;0B / 12.3kB;87;50
Gateway_1;34;61.69%;2.71%;212.2MiB / 7.645GiB;8.38kB / 2.75kB;532kB / 12.3kB;87;50
Rpc;7;0.25%;0.09%;7.105MiB / 7.645GiB;45.3kB / 33.9kB;20.5kB / 57.3kB;87;50
Node_3;17;2.15%;0.19%;14.8MiB / 7.645GiB;217kB / 175kB;4.1kB / 209kB;87;50
Node_2;17;1.09%;0.19%;14.81MiB / 7.645GiB;217kB / 174kB;16.4kB / 209kB;87;50
Node_1;17;2.04%;0.20%;15.58MiB / 7.645GiB;171kB / 144kB;426kB / 209kB;87;50
Devnet_Goshimmer;18;212.32%;0.93%;72.82MiB / 7.645GiB;74.3kB / 165kB;578kB / 77.8kB;87;50
Nodes_Router_1;2;0.00%;0.01%;856KiB / 7.645GiB;273kB / 260kB;0B / 0B;87;50
Gateways_Router_1;2;0.00%;0.01%;1.086MiB / 7.645GiB;24.3kB / 2.9kB;283kB / 0B;87;50
Gateway_6;34;29.80%;1.99%;155.8MiB / 7.645GiB;3.44kB / 826B;0B / 12.3kB;95;53
Gateway_5;34;23.77%;2.38%;186.7MiB / 7.645GiB;4.26kB / 826B;0B / 12.3kB;95;53
Gateway_4;34;25.13%;3.32%;259.6MiB / 7.645GiB;6.03kB / 2.75kB;0B / 12.3kB;95;53
Gateway_3;34;24.09%;2.61%;204.2MiB / 7.645GiB;6.85kB / 2.75kB;0B / 12.3kB;95;53
Gateway_2;34;24.37%;3.10%;242.7MiB / 7.645GiB;8.82kB / 4.09kB;0B / 12.3kB;95;53
Gateway_1;34;23.71%;2.72%;212.7MiB / 7.645GiB;12.3kB / 47.2kB;532kB / 12.3kB;95;53
Rpc;10;0.01%;0.11%;8.859MiB / 7.645GiB;109kB / 85.3kB;20.5kB / 57.3kB;95;53
Node_3;17;1.28%;0.20%;15.99MiB / 7.645GiB;270kB / 229kB;4.1kB / 606kB;95;53
Node_2;17;1.40%;0.20%;15.98MiB / 7.645GiB;270kB / 229kB;16.4kB / 606kB;95;53
Node_1;17;1.33%;0.20%;15.81MiB / 7.645GiB;258kB / 191kB;426kB / 618kB;95;53
Devnet_Goshimmer;18;214.93%;0.94%;73.23MiB / 7.645GiB;80.4kB / 179kB;578kB / 77.8kB;95;53
Nodes_Router_1;2;0.00%;0.01%;856KiB / 7.645GiB;349kB / 336kB;0B / 0B;95;53
Gateways_Router_1;2;0.00%;0.01%;1.086MiB / 7.645GiB;83.3kB / 61.9kB;283kB / 0B;95;53
Gateway_6;34;30.41%;2.38%;186.5MiB / 7.645GiB;4.46kB / 2.75kB;0B / 12.3kB;103;50
Gateway_5;34;24.58%;2.78%;217.4MiB / 7.645GiB;6.19kB / 4.08kB;0B / 12.3kB;103;50
Gateway_4;34;26.22%;3.32%;260MiB / 7.645GiB;9.74kB / 47.2kB;0B / 12.3kB;103;50
Gateway_3;34;32.27%;2.61%;204.3MiB / 7.645GiB;8.63kB / 5.32kB;0B / 12.3kB;103;50
Gateway_2;34;25.52%;3.10%;242.7MiB / 7.645GiB;9.7kB / 5.25kB;0B / 12.3kB;103;50
Gateway_1;34;24.75%;2.72%;213.1MiB / 7.645GiB;14.3kB / 49.3kB;532kB / 12.3kB;103;50
Rpc;11;0.22%;0.13%;10.05MiB / 7.645GiB;215kB / 150kB;20.5kB / 57.3kB;103;50
Node_3;18;8.71%;0.21%;16.73MiB / 7.645GiB;429kB / 407kB;4.1kB / 1.27MB;103;50
Node_2;17;7.45%;0.22%;17MiB / 7.645GiB;430kB / 404kB;16.4kB / 1.27MB;103;50
Node_1;17;9.91%;0.23%;17.64MiB / 7.645GiB;474kB / 358kB;426kB / 1.31MB;103;50
Devnet_Goshimmer;18;207.89%;0.94%;73.23MiB / 7.645GiB;91.6kB / 200kB;578kB / 77.8kB;103;50
Nodes_Router_1;2;0.00%;0.01%;856KiB / 7.645GiB;486kB / 473kB;0B / 0B;103;50
Gateways_Router_1;2;0.00%;0.01%;1.086MiB / 7.645GiB;149kB / 128kB;283kB / 0B;103;50
Gateway_6;34;28.15%;2.39%;187.3MiB / 7.645GiB;10.1kB / 49.2kB;0B / 12.3kB;112;50
Gateway_5;34;24.86%;2.78%;217.5MiB / 7.645GiB;6.98kB / 5.32kB;0B / 12.3kB;112;50
Gateway_4;34;28.47%;3.33%;260.4MiB / 7.645GiB;13.6kB / 51.4kB;0B / 12.3kB;112;50
Gateway_3;34;30.41%;2.61%;204.3MiB / 7.645GiB;9.36kB / 6.49kB;0B / 12.3kB;112;50
Gateway_2;34;25.38%;3.10%;242.8MiB / 7.645GiB;10.4kB / 6.42kB;0B / 12.3kB;112;50
Gateway_1;34;24.15%;2.72%;213.1MiB / 7.645GiB;17.6kB / 54kB;532kB / 12.3kB;112;50
Rpc;12;1.53%;0.13%;10.23MiB / 7.645GiB;361kB / 226kB;20.5kB / 57.3kB;112;50
Node_3;18;8.55%;0.24%;18.49MiB / 7.645GiB;639kB / 587kB;4.1kB / 2.27MB;112;50
Node_2;17;8.22%;0.24%;18.52MiB / 7.645GiB;640kB / 586kB;16.4kB / 2.29MB;112;50
Node_1;17;11.03%;0.24%;19.08MiB / 7.645GiB;647kB / 606kB;426kB / 2.33MB;112;50
Devnet_Goshimmer;18;203.41%;0.94%;73.39MiB / 7.645GiB;103kB / 220kB;578kB / 77.8kB;112;50
Nodes_Router_1;2;0.00%;0.01%;856KiB / 7.645GiB;665kB / 652kB;0B / 0B;112;50
Gateways_Router_1;2;0.00%;0.01%;1.086MiB / 7.645GiB;223kB / 202kB;283kB / 0B;112;50
Gateway_6;34;30.75%;2.39%;187.3MiB / 7.645GiB;12kB / 51.4kB;0B / 12.3kB;120;51
Gateway_5;34;24.70%;2.78%;217.6MiB / 7.645GiB;8.5kB / 7.65kB;0B / 12.3kB;120;51
Gateway_4;34;26.54%;3.33%;260.5MiB / 7.645GiB;16.2kB / 54.4kB;0B / 12.3kB;120;51
Gateway_3;34;26.73%;2.61%;204.4MiB / 7.645GiB;10.9kB / 8.82kB;0B / 12.3kB;120;51
Gateway_2;34;24.38%;3.10%;242.9MiB / 7.645GiB;12kB / 8.76kB;0B / 12.3kB;120;51
Gateway_1;34;34.65%;2.72%;213.2MiB / 7.645GiB;20.8kB / 57.2kB;532kB / 12.3kB;120;51
Rpc;12;0.23%;0.14%;10.71MiB / 7.645GiB;406kB / 268kB;20.5kB / 57.3kB;120;51
Node_3;18;9.17%;0.24%;18.57MiB / 7.645GiB;811kB / 754kB;4.1kB / 3.3MB;120;51
Node_2;17;8.21%;0.24%;18.72MiB / 7.645GiB;813kB / 754kB;16.4kB / 3.31MB;120;51
Node_1;17;10.22%;0.25%;19.64MiB / 7.645GiB;780kB / 744kB;426kB / 3.35MB;120;51
Devnet_Goshimmer;18;213.25%;0.94%;73.89MiB / 7.645GiB;113kB / 237kB;578kB / 77.8kB;120;51
Nodes_Router_1;2;0.00%;0.01%;856KiB / 7.645GiB;753kB / 740kB;0B / 0B;120;51
Gateways_Router_1;2;0.00%;0.01%;1.086MiB / 7.645GiB;251kB / 229kB;283kB / 0B;120;51
Gateway_6;34;32.80%;2.39%;187.4MiB / 7.645GiB;18.4kB / 59.5kB;0B / 12.3kB;128;48
Gateway_5;34;23.41%;2.78%;217.6MiB / 7.645GiB;9.34kB / 8.82kB;0B / 12.3kB;128;48
Gateway_4;34;30.95%;3.33%;260.5MiB / 7.645GiB;17.1kB / 56.1kB;0B / 12.3kB;128;48
Gateway_3;0;0.00%;0.00%;0B / 0B;0B / 0B;0B / 0B;128;48
Gateway_1;34;25.41%;2.72%;213.3MiB / 7.645GiB;25.6kB / 62.1kB;532kB / 12.3kB;128;48
Rpc;12;0.31%;0.14%;10.64MiB / 7.645GiB;455kB / 310kB;20.5kB / 57.3kB;128;48
Node_3;18;7.92%;0.25%;19.62MiB / 7.645GiB;979kB / 917kB;4.1kB / 3.88MB;128;48
Node_2;17;6.57%;0.25%;19.3MiB / 7.645GiB;983kB / 914kB;16.4kB / 3.9MB;128;48
Node_1;18;7.35%;0.25%;19.79MiB / 7.645GiB;907kB / 878kB;426kB / 3.94MB;128;48
Devnet_Goshimmer;18;215.74%;0.95%;74.09MiB / 7.645GiB;127kB / 262kB;578kB / 77.8kB;128;48
Nodes_Router_1;2;0.00%;0.01%;856KiB / 7.645GiB;836kB / 822kB;0B / 0B;128;48
Gateways_Router_1;2;0.00%;0.01%;1.086MiB / 7.645GiB;284kB / 262kB;283kB / 0B;128;48
Gateway_6;34;30.63%;2.40%;187.5MiB / 7.645GiB;21.3kB / 64.4kB;0B / 12.3kB;137;40
Gateway_4;34;29.39%;3.33%;260.6MiB / 7.645GiB;17.7kB / 57.6kB;0B / 12.3kB;137;40
Gateway_1;34;22.95%;2.73%;213.4MiB / 7.645GiB;28.6kB / 66.9kB;532kB / 12.3kB;137;40
Rpc;12;0.20%;0.14%;10.74MiB / 7.645GiB;486kB / 342kB;20.5kB / 57.3kB;137;40
Node_3;18;1.38%;0.25%;19.82MiB / 7.645GiB;1.09MB / 1.02MB;4.1kB / 4.25MB;137;40
Node_2;18;1.65%;0.24%;18.62MiB / 7.645GiB;1.1MB / 1.03MB;16.4kB / 4.26MB;137;40
Node_1;18;1.81%;0.26%;20.51MiB / 7.645GiB;997kB / 969kB;426kB / 4.3MB;137;40
Devnet_Goshimmer;18;215.27%;0.94%;73.79MiB / 7.645GiB;134kB / 275kB;578kB / 77.8kB;137;40
Nodes_Router_1;2;0.00%;0.01%;856KiB / 7.645GiB;896kB / 883kB;0B / 0B;137;40
Gateways_Router_1;2;0.00%;0.01%;1.086MiB / 7.645GiB;305kB / 284kB;283kB / 0B;137;40
Gateway_6;34;43.50%;2.40%;187.6MiB / 7.645GiB;23.9kB / 67.6kB;0B / 12.3kB;145;41
Gateway_4;34;24.16%;3.33%;260.6MiB / 7.645GiB;20.9kB / 61kB;0B / 12.3kB;145;41
Gateway_1;34;23.77%;2.73%;213.4MiB / 7.645GiB;31.1kB / 70.3kB;532kB / 12.3kB;145;41
Rpc;12;0.41%;0.13%;10.56MiB / 7.645GiB;511kB / 365kB;20.5kB / 57.3kB;145;41
Node_3;18;9.51%;0.25%;19.55MiB / 7.645GiB;1.19MB / 1.11MB;4.1kB / 4.84MB;145;41
Node_2;18;10.50%;0.24%;18.64MiB / 7.645GiB;1.19MB / 1.11MB;16.4kB / 4.86MB;145;41
Node_1;18;9.89%;0.26%;20.45MiB / 7.645GiB;1.06MB / 1.04MB;426kB / 4.9MB;145;41
Devnet_Goshimmer;18;213.96%;0.95%;73.98MiB / 7.645GiB;142kB / 290kB;578kB / 77.8kB;145;41
Nodes_Router_1;2;0.00%;0.01%;856KiB / 7.645GiB;949kB / 936kB;0B / 0B;145;41
Gateways_Router_1;2;0.00%;0.01%;1.086MiB / 7.645GiB;324kB / 302kB;283kB / 0B;145;41
Gateway_6;34;37.11%;2.40%;187.7MiB / 7.645GiB;26.7kB / 71kB;0B / 12.3kB;152;39
Gateway_4;34;23.64%;3.33%;260.7MiB / 7.645GiB;23.7kB / 64.2kB;0B / 12.3kB;152;39
Gateway_1;34;22.42%;2.73%;213.5MiB / 7.645GiB;33.9kB / 73.6kB;532kB / 12.3kB;152;39
Rpc;12;0.15%;0.14%;10.63MiB / 7.645GiB;535kB / 387kB;20.5kB / 57.3kB;152;39
Node_3;18;2.54%;0.24%;18.91MiB / 7.645GiB;1.27MB / 1.19MB;4.1kB / 5.26MB;152;39
Node_2;18;1.62%;0.24%;18.62MiB / 7.645GiB;1.27MB / 1.19MB;16.4kB / 5.27MB;152;39
Node_1;18;1.41%;0.26%;20.69MiB / 7.645GiB;1.13MB / 1.1MB;426kB / 5.31MB;152;39
Devnet_Goshimmer;18;211.81%;0.94%;73.73MiB / 7.645GiB;148kB / 302kB;578kB / 77.8kB;152;39
Nodes_Router_1;2;0.00%;0.01%;856KiB / 7.645GiB;996kB / 982kB;0B / 0B;152;39
Gateways_Router_1;2;0.00%;0.01%;1.086MiB / 7.645GiB;342kB / 320kB;283kB / 0B;152;39
Gateway_6;34;26.64%;2.40%;187.8MiB / 7.645GiB;29.2kB / 74.4kB;0B / 12.3kB;159;41
Gateway_4;34;28.34%;3.33%;260.9MiB / 7.645GiB;26.6kB / 69.1kB;0B / 12.3kB;159;41
Gateway_1;34;21.81%;2.73%;213.6MiB / 7.645GiB;36.5kB / 77kB;532kB / 12.3kB;159;41
Rpc;12;0.16%;0.14%;10.67MiB / 7.645GiB;561kB / 412kB;20.5kB / 57.3kB;159;41
Node_3;18;2.82%;0.24%;18.88MiB / 7.645GiB;1.34MB / 1.26MB;4.1kB / 5.7MB;159;41
Node_2;18;1.26%;0.26%;20.12MiB / 7.645GiB;1.34MB / 1.26MB;16.4kB / 5.71MB;159;41
Node_1;18;1.62%;0.27%;21.46MiB / 7.645GiB;1.19MB / 1.16MB;426kB / 5.75MB;159;41
Devnet_Goshimmer;18;213.59%;0.95%;74.75MiB / 7.645GiB;155kB / 314kB;578kB / 77.8kB;159;41
Nodes_Router_1;2;0.00%;0.01%;856KiB / 7.645GiB;1.05MB / 1.03MB;0B / 0B;159;41
Gateways_Router_1;2;0.00%;0.01%;1.086MiB / 7.645GiB;362kB / 340kB;283kB / 0B;159;41
Gateway_6;34;26.93%;2.40%;187.8MiB / 7.645GiB;31.8kB / 77.6kB;0B / 12.3kB;166;42
Gateway_4;34;27.98%;3.33%;260.8MiB / 7.645GiB;29.2kB / 72.5kB;0B / 12.3kB;166;42
Gateway_1;34;22.25%;2.73%;213.8MiB / 7.645GiB;39.1kB / 80.3kB;532kB / 12.3kB;166;42
Rpc;12;0.18%;0.14%;10.97MiB / 7.645GiB;585kB / 435kB;20.5kB / 57.3kB;166;42
Node_3;18;1.04%;0.26%;20.04MiB / 7.645GiB;1.42MB / 1.33MB;4.1kB / 6.16MB;166;42
Node_2;18;1.75%;0.24%;18.75MiB / 7.645GiB;1.42MB / 1.33MB;16.4kB / 6.18MB;166;42
Node_1;18;1.35%;0.27%;21.05MiB / 7.645GiB;1.26MB / 1.22MB;426kB / 6.22MB;166;42
Devnet_Goshimmer;18;212.11%;0.96%;74.82MiB / 7.645GiB;161kB / 326kB;578kB / 77.8kB;166;42
Nodes_Router_1;2;0.00%;0.01%;856KiB / 7.645GiB;1.09MB / 1.08MB;0B / 0B;166;42
Gateways_Router_1;2;0.00%;0.01%;1.086MiB / 7.645GiB;380kB / 357kB;283kB / 0B;166;42
Gateway_6;34;26.81%;2.40%;187.9MiB / 7.645GiB;34.4kB / 81.1kB;0B / 12.3kB;173;40
Gateway_4;34;28.42%;3.33%;260.8MiB / 7.645GiB;31.8kB / 75.7kB;0B / 12.3kB;173;40
Gateway_1;34;23.13%;2.73%;213.7MiB / 7.645GiB;41.7kB / 83.6kB;532kB / 12.3kB;173;40
Rpc;12;0.18%;0.14%;10.65MiB / 7.645GiB;609kB / 456kB;20.5kB / 57.3kB;173;40
Node_3;18;1.05%;0.25%;19.84MiB / 7.645GiB;1.49MB / 1.41MB;4.1kB / 6.21MB;173;40
Node_2;18;1.02%;0.25%;19.25MiB / 7.645GiB;1.5MB / 1.41MB;16.4kB / 6.23MB;173;40
Node_1;18;2.12%;0.27%;20.9MiB / 7.645GiB;1.32MB / 1.28MB;426kB / 6.27MB;173;40
Devnet_Goshimmer;18;215.63%;0.95%;74.59MiB / 7.645GiB;167kB / 337kB;578kB / 77.8kB;173;40
Nodes_Router_1;2;0.00%;0.01%;856KiB / 7.645GiB;1.14MB / 1.12MB;0B / 0B;173;40
Gateways_Router_1;2;0.00%;0.01%;1.086MiB / 7.645GiB;397kB / 375kB;283kB / 0B;173;40
Gateway_6;34;27.90%;2.40%;188MiB / 7.645GiB;37kB / 84.3kB;0B / 12.3kB;180;39
Gateway_4;34;23.89%;3.33%;260.9MiB / 7.645GiB;34.4kB / 79.1kB;0B / 12.3kB;180;39
Gateway_1;34;21.44%;2.73%;213.7MiB / 7.645GiB;44.3kB / 87kB;532kB / 12.3kB;180;39
Rpc;12;0.01%;0.14%;10.88MiB / 7.645GiB;632kB / 479kB;20.5kB / 57.3kB;180;39
Node_3;18;1.02%;0.27%;20.85MiB / 7.645GiB;1.58MB / 1.48MB;4.1kB / 6.71MB;180;39
Node_2;18;1.02%;0.25%;19.49MiB / 7.645GiB;1.58MB / 1.49MB;16.4kB / 6.72MB;180;39
Node_1;18;0.97%;0.27%;20.83MiB / 7.645GiB;1.38MB / 1.35MB;426kB / 6.76MB;180;39
Devnet_Goshimmer;18;216.28%;0.95%;74.53MiB / 7.645GiB;174kB / 351kB;578kB / 77.8kB;180;39
Nodes_Router_1;2;0.00%;0.01%;856KiB / 7.645GiB;1.19MB / 1.17MB;0B / 0B;180;39
Gateways_Router_1;2;0.00%;0.01%;1.086MiB / 7.645GiB;415kB / 393kB;283kB / 0B;180;39
Gateway_6;34;27.93%;2.40%;188.1MiB / 7.645GiB;39.6kB / 87.7kB;0B / 12.3kB;187;40
Gateway_4;34;23.12%;3.33%;261MiB / 7.645GiB;37kB / 82.3kB;0B / 12.3kB;187;40
Gateway_1;34;21.80%;2.73%;213.8MiB / 7.645GiB;46.9kB / 90.3kB;532kB / 12.3kB;187;40
Rpc;12;0.02%;0.14%;10.92MiB / 7.645GiB;656kB / 501kB;20.5kB / 57.3kB;187;40
Node_3;18;1.06%;0.27%;20.8MiB / 7.645GiB;1.65MB / 1.55MB;4.1kB / 7.22MB;187;40
Node_2;18;1.11%;0.25%;19.71MiB / 7.645GiB;1.65MB / 1.56MB;16.4kB / 7.24MB;187;40
Node_1;18;1.03%;0.27%;21.13MiB / 7.645GiB;1.44MB / 1.41MB;426kB / 7.28MB;187;40
Devnet_Goshimmer;18;213.69%;0.96%;74.98MiB / 7.645GiB;180kB / 363kB;578kB / 77.8kB;187;40
Nodes_Router_1;2;0.00%;0.01%;856KiB / 7.645GiB;1.23MB / 1.22MB;0B / 0B;187;40
Gateways_Router_1;2;0.00%;0.01%;1.086MiB / 7.645GiB;433kB / 411kB;283kB / 0B;187;40
Gateway_6;34;27.82%;2.40%;188MiB / 7.645GiB;42.2kB / 91kB;0B / 12.3kB;194;39
Gateway_4;34;23.09%;3.33%;261MiB / 7.645GiB;39.5kB / 85.6kB;0B / 12.3kB;194;39
Gateway_1;34;22.55%;2.73%;213.8MiB / 7.645GiB;49.4kB / 93.7kB;532kB / 12.3kB;194;39
Rpc;12;0.01%;0.14%;10.93MiB / 7.645GiB;679kB / 523kB;20.5kB / 57.3kB;194;39
Node_3;18;0.98%;0.27%;20.99MiB / 7.645GiB;1.73MB / 1.62MB;4.1kB / 7.77MB;194;39
Node_2;18;1.06%;0.25%;19.42MiB / 7.645GiB;1.73MB / 1.63MB;16.4kB / 7.79MB;194;39
Node_1;18;0.99%;0.27%;21.14MiB / 7.645GiB;1.5MB / 1.47MB;426kB / 7.83MB;194;39
Devnet_Goshimmer;18;216.30%;0.95%;74.38MiB / 7.645GiB;185kB / 373kB;578kB / 77.8kB;194;39
Nodes_Router_1;2;0.00%;0.01%;856KiB / 7.645GiB;1.28MB / 1.26MB;0B / 0B;194;39
Gateways_Router_1;2;0.00%;0.01%;1.086MiB / 7.645GiB;450kB / 428kB;283kB / 0B;194;39
Gateway_6;34;27.44%;2.40%;188.1MiB / 7.645GiB;44.7kB / 94.3kB;0B / 12.3kB;202;38
Gateway_4;34;23.13%;3.33%;261MiB / 7.645GiB;42.1kB / 89kB;0B / 12.3kB;202;38
Gateway_1;34;21.05%;2.73%;213.8MiB / 7.645GiB;52kB / 97kB;532kB / 12.3kB;202;38
Rpc;12;0.01%;0.13%;10.54MiB / 7.645GiB;703kB / 546kB;20.5kB / 57.3kB;202;38
Node_3;18;0.86%;0.27%;20.75MiB / 7.645GiB;1.8MB / 1.69MB;4.1kB / 7.82MB;202;38
Node_2;18;0.94%;0.25%;19.59MiB / 7.645GiB;1.8MB / 1.7MB;16.4kB / 7.84MB;202;38
Node_1;18;0.78%;0.27%;21.24MiB / 7.645GiB;1.56MB / 1.53MB;426kB / 7.88MB;202;38
Devnet_Goshimmer;18;214.10%;0.96%;75.02MiB / 7.645GiB;192kB / 388kB;578kB / 77.8kB;202;38
Nodes_Router_1;2;0.00%;0.01%;856KiB / 7.645GiB;1.33MB / 1.31MB;0B / 0B;202;38
Gateways_Router_1;2;0.00%;0.01%;1.086MiB / 7.645GiB;468kB / 446kB;283kB / 0B;202;38
Gateway_6;34;27.33%;2.40%;188.2MiB / 7.645GiB;47.3kB / 97.7kB;0B / 12.3kB;209;38
Gateway_4;34;23.62%;3.33%;261MiB / 7.645GiB;44.7kB / 92.3kB;0B / 12.3kB;209;38
Gateway_1;34;22.83%;2.73%;214MiB / 7.645GiB;54.6kB / 100kB;532kB / 12.3kB;209;38
Rpc;12;0.01%;0.14%;10.68MiB / 7.645GiB;727kB / 569kB;20.5kB / 57.3kB;209;38
Node_3;18;2.65%;0.25%;19.8MiB / 7.645GiB;1.88MB / 1.77MB;4.1kB / 8.39MB;209;38
Node_2;18;0.83%;0.25%;19.68MiB / 7.645GiB;1.88MB / 1.77MB;16.4kB / 8.41MB;209;38
Node_1;18;0.81%;0.27%;21.13MiB / 7.645GiB;1.62MB / 1.59MB;426kB / 8.45MB;209;38
Devnet_Goshimmer;18;214.47%;0.96%;74.91MiB / 7.645GiB;199kB / 401kB;578kB / 77.8kB;209;38
Nodes_Router_1;2;0.00%;0.01%;856KiB / 7.645GiB;1.37MB / 1.36MB;0B / 0B;209;38
Gateways_Router_1;2;0.00%;0.01%;1.086MiB / 7.645GiB;486kB / 464kB;283kB / 0B;209;38
Gateway_6;34;27.55%;2.40%;188.2MiB / 7.645GiB;49.9kB / 101kB;0B / 12.3kB;216;37
Gateway_4;34;24.29%;3.33%;261.1MiB / 7.645GiB;47.3kB / 95.7kB;0B / 12.3kB;216;37
Gateway_1;34;23.67%;2.73%;214MiB / 7.645GiB;57.2kB / 104kB;532kB / 12.3kB;216;37
Rpc;12;0.01%;0.14%;10.73MiB / 7.645GiB;750kB / 591kB;20.5kB / 57.3kB;216;37
Node_3;18;8.19%;0.26%;20.28MiB / 7.645GiB;1.97MB / 1.86MB;4.1kB / 9.01MB;216;37
Node_2;18;8.19%;0.28%;21.62MiB / 7.645GiB;1.97MB / 1.86MB;16.4kB / 9.03MB;216;37
Node_1;18;8.23%;0.28%;22.23MiB / 7.645GiB;1.69MB / 1.66MB;426kB / 9.07MB;216;37
Devnet_Goshimmer;18;211.25%;0.96%;74.79MiB / 7.645GiB;207kB / 417kB;578kB / 77.8kB;216;37
Nodes_Router_1;2;0.00%;0.01%;856KiB / 7.645GiB;1.43MB / 1.41MB;0B / 0B;216;37
Gateways_Router_1;2;0.00%;0.01%;1.086MiB / 7.645GiB;504kB / 482kB;283kB / 0B;216;37
Gateway_6;34;29.90%;2.41%;188.4MiB / 7.645GiB;52.5kB / 104kB;0B / 12.3kB;223;37
Gateway_4;34;23.39%;3.34%;261.1MiB / 7.645GiB;49.9kB / 98.9kB;0B / 12.3kB;223;37
Gateway_1;34;23.01%;2.73%;214.1MiB / 7.645GiB;62kB / 109kB;532kB / 12.3kB;223;37
Rpc;12;0.26%;0.14%;11.04MiB / 7.645GiB;779kB / 617kB;20.5kB / 57.3kB;223;37
Node_3;18;8.58%;0.25%;19.36MiB / 7.645GiB;2.04MB / 1.93MB;4.1kB / 9.64MB;223;37
Node_2;18;7.68%;0.25%;19.87MiB / 7.645GiB;2.05MB / 1.93MB;16.4kB / 9.65MB;223;37
Node_1;18;9.05%;0.27%;21.52MiB / 7.645GiB;1.75MB / 1.72MB;426kB / 9.7MB;223;37
Devnet_Goshimmer;18;215.15%;0.96%;74.82MiB / 7.645GiB;213kB / 427kB;578kB / 77.8kB;223;37
Nodes_Router_1;2;0.00%;0.01%;856KiB / 7.645GiB;1.47MB / 1.46MB;0B / 0B;223;37
Gateways_Router_1;2;0.00%;0.01%;1.086MiB / 7.645GiB;525kB / 503kB;283kB / 0B;223;37
Gateway_6;34;22.35%;2.41%;188.4MiB / 7.645GiB;55.1kB / 108kB;0B / 12.3kB;230;37
Gateway_4;34;23.01%;3.34%;261.1MiB / 7.645GiB;52.5kB / 102kB;0B / 12.3kB;230;37
Gateway_1;34;23.17%;2.74%;214.1MiB / 7.645GiB;64.6kB / 112kB;532kB / 12.3kB;230;37
Rpc;12;0.24%;0.13%;10.48MiB / 7.645GiB;802kB / 640kB;20.5kB / 57.3kB;230;37
Node_3;18;2.04%;0.25%;19.38MiB / 7.645GiB;2.13MB / 2.01MB;4.1kB / 10.3MB;230;37
Node_2;18;2.01%;0.25%;19.86MiB / 7.645GiB;2.13MB / 2.02MB;16.4kB / 10.3MB;230;37
Node_1;18;3.00%;0.27%;21.31MiB / 7.645GiB;1.82MB / 1.79MB;426kB / 10.3MB;230;37
Devnet_Goshimmer;18;212.71%;0.96%;74.98MiB / 7.645GiB;219kB / 441kB;578kB / 77.8kB;230;37
Nodes_Router_1;2;0.00%;0.01%;856KiB / 7.645GiB;1.52MB / 1.51MB;0B / 0B;230;37
Gateways_Router_1;2;0.00%;0.01%;1.086MiB / 7.645GiB;543kB / 521kB;283kB / 0B;230;37
Gateway_6;34;29.11%;2.41%;188.5MiB / 7.645GiB;57.7kB / 111kB;0B / 12.3kB;237;38
Gateway_4;34;24.00%;3.34%;261.1MiB / 7.645GiB;55kB / 106kB;0B / 12.3kB;237;38
Gateway_1;34;23.16%;2.74%;214.1MiB / 7.645GiB;67.2kB / 115kB;532kB / 12.3kB;237;38
Rpc;12;0.03%;0.13%;10.48MiB / 7.645GiB;826kB / 662kB;20.5kB / 57.3kB;237;38
Node_3;18;7.58%;0.25%;19.9MiB / 7.645GiB;2.22MB / 2.09MB;4.1kB / 10.4MB;237;38
Node_2;18;9.58%;0.25%;19.43MiB / 7.645GiB;2.22MB / 2.1MB;16.4kB / 10.4MB;237;38
Node_1;18;9.34%;0.27%;21.07MiB / 7.645GiB;1.88MB / 1.86MB;426kB / 10.4MB;237;38
Devnet_Goshimmer;18;211.57%;0.97%;75.63MiB / 7.645GiB;228kB / 457kB;578kB / 77.8kB;237;38
Nodes_Router_1;2;0.00%;0.01%;856KiB / 7.645GiB;1.58MB / 1.56MB;0B / 0B;237;38
Gateways_Router_1;2;0.00%;0.01%;1.086MiB / 7.645GiB;561kB / 539kB;283kB / 0B;237;38
Gateway_6;34;23.92%;2.41%;188.5MiB / 7.645GiB;62.6kB / 116kB;0B / 12.3kB;244;38
Gateway_4;34;23.89%;3.34%;261.2MiB / 7.645GiB;57.6kB / 109kB;0B / 12.3kB;244;38
Gateway_1;34;24.28%;2.74%;214.2MiB / 7.645GiB;70kB / 119kB;532kB / 12.3kB;244;38
Rpc;12;0.26%;0.14%;10.78MiB / 7.645GiB;855kB / 689kB;20.5kB / 57.3kB;244;38
Node_3;18;8.72%;0.26%;20.74MiB / 7.645GiB;2.3MB / 2.17MB;4.1kB / 11MB;244;38
Node_2;18;8.84%;0.25%;19.55MiB / 7.645GiB;2.3MB / 2.18MB;16.4kB / 11.1MB;244;38
Node_1;18;10.18%;0.27%;21.3MiB / 7.645GiB;1.95MB / 1.92MB;426kB / 11.1MB;244;38
Devnet_Goshimmer;18;215.03%;0.97%;75.62MiB / 7.645GiB;234kB / 470kB;578kB / 77.8kB;244;38
Nodes_Router_1;2;0.00%;0.01%;856KiB / 7.645GiB;1.63MB / 1.62MB;0B / 0B;244;38
Gateways_Router_1;2;0.00%;0.01%;1.086MiB / 7.645GiB;583kB / 561kB;283kB / 0B;244;38
Gateway_6;34;23.90%;2.41%;188.6MiB / 7.645GiB;65.2kB / 120kB;0B / 12.3kB;251;38
Gateway_4;34;23.45%;3.34%;261.3MiB / 7.645GiB;60.3kB / 112kB;0B / 12.3kB;251;38
Gateway_1;34;26.56%;2.74%;214.4MiB / 7.645GiB;72.9kB / 124kB;532kB / 12.3kB;251;38
Rpc;12;0.43%;0.13%;10.52MiB / 7.645GiB;881kB / 714kB;20.5kB / 57.3kB;251;38
Node_3;18;9.33%;0.25%;19.85MiB / 7.645GiB;2.37MB / 2.24MB;4.1kB / 11.7MB;251;38
Node_2;18;9.59%;0.26%;20.3MiB / 7.645GiB;2.38MB / 2.25MB;16.4kB / 11.8MB;251;38
Node_1;18;10.93%;0.27%;21.48MiB / 7.645GiB;2.01MB / 1.98MB;426kB / 11.8MB;251;38
Devnet_Goshimmer;18;217.34%;0.97%;75.75MiB / 7.645GiB;241kB / 483kB;578kB / 77.8kB;251;38
Nodes_Router_1;2;0.00%;0.01%;856KiB / 7.645GiB;1.68MB / 1.67MB;0B / 0B;251;38
Gateways_Router_1;2;0.00%;0.01%;1.086MiB / 7.645GiB;602kB / 580kB;283kB / 0B;251;38
Gateway_6;34;24.68%;2.41%;188.6MiB / 7.645GiB;67.8kB / 123kB;0B / 12.3kB;259;38
Gateway_4;34;23.44%;3.34%;261.3MiB / 7.645GiB;63kB / 116kB;0B / 12.3kB;259;38
Gateway_1;34;26.08%;2.74%;214.3MiB / 7.645GiB;75.5kB / 127kB;532kB / 12.3kB;259;38
Rpc;12;0.41%;0.13%;10.54MiB / 7.645GiB;904kB / 736kB;20.5kB / 57.3kB;259;38
Node_3;18;1.75%;0.25%;19.79MiB / 7.645GiB;2.46MB / 2.33MB;4.1kB / 12.5MB;259;38
Node_2;18;1.63%;0.26%;20.43MiB / 7.645GiB;2.46MB / 2.33MB;16.4kB / 12.5MB;259;38
Node_1;18;4.15%;0.27%;21.39MiB / 7.645GiB;2.08MB / 2.05MB;426kB / 12.5MB;259;38
Devnet_Goshimmer;18;217.50%;0.97%;75.58MiB / 7.645GiB;247kB / 495kB;578kB / 77.8kB;259;38
Nodes_Router_1;2;0.00%;0.01%;856KiB / 7.645GiB;1.73MB / 1.71MB;0B / 0B;259;38
Gateways_Router_1;2;0.00%;0.01%;1.086MiB / 7.645GiB;620kB / 598kB;283kB / 0B;259;38
Gateway_6;34;25.13%;2.41%;188.7MiB / 7.645GiB;70.4kB / 126kB;0B / 12.3kB;266;39
Gateway_4;34;24.17%;3.34%;261.3MiB / 7.645GiB;65.6kB / 119kB;0B / 12.3kB;266;39
Gateway_1;34;26.75%;2.74%;214.3MiB / 7.645GiB;78.1kB / 130kB;532kB / 12.3kB;266;39
Rpc;12;0.24%;0.13%;10.55MiB / 7.645GiB;928kB / 758kB;20.5kB / 57.3kB;266;39
Node_3;18;8.62%;0.27%;20.9MiB / 7.645GiB;2.55MB / 2.41MB;4.1kB / 13.2MB;266;39
Node_2;18;8.98%;0.26%;20.55MiB / 7.645GiB;2.55MB / 2.42MB;16.4kB / 13.3MB;266;39
Node_1;18;8.81%;0.28%;22.15MiB / 7.645GiB;2.15MB / 2.12MB;426kB / 13.3MB;266;39
Devnet_Goshimmer;18;213.86%;0.96%;75.43MiB / 7.645GiB;255kB / 511kB;578kB / 77.8kB;266;39
Nodes_Router_1;2;0.00%;0.01%;856KiB / 7.645GiB;1.78MB / 1.76MB;0B / 0B;266;39
Gateways_Router_1;2;0.00%;0.01%;1.086MiB / 7.645GiB;638kB / 616kB;283kB / 0B;266;39
Gateway_6;34;31.12%;2.41%;188.8MiB / 7.645GiB;73.1kB / 130kB;0B / 12.3kB;273;40
Gateway_4;34;23.47%;3.34%;261.3MiB / 7.645GiB;68.2kB / 122kB;0B / 12.3kB;273;40
Gateway_1;34;22.28%;2.74%;214.4MiB / 7.645GiB;80.7kB / 134kB;532kB / 12.3kB;273;40
Rpc;12;0.12%;0.14%;10.81MiB / 7.645GiB;953kB / 782kB;20.5kB / 57.3kB;273;40
Node_3;18;9.87%;0.28%;21.61MiB / 7.645GiB;2.63MB / 2.49MB;4.1kB / 14MB;273;40
Node_2;18;10.23%;0.26%;19.99MiB / 7.645GiB;2.63MB / 2.5MB;16.4kB / 13.3MB;273;40
Node_1;18;8.33%;0.31%;24.42MiB / 7.645GiB;2.23MB / 2.18MB;426kB / 13.4MB;273;40
Devnet_Goshimmer;18;213.85%;0.97%;75.79MiB / 7.645GiB;262kB / 526kB;578kB / 77.8kB;273;40
Nodes_Router_1;2;0.00%;0.01%;856KiB / 7.645GiB;1.83MB / 1.81MB;0B / 0B;273;40
Gateways_Router_1;2;0.00%;0.01%;1.086MiB / 7.645GiB;656kB / 634kB;283kB / 0B;273;40
Gateway_6;34;33.74%;2.41%;188.8MiB / 7.645GiB;76kB / 134kB;0B / 12.3kB;280;41
Gateway_4;34;24.95%;3.34%;261.4MiB / 7.645GiB;73kB / 127kB;0B / 12.3kB;280;41
Gateway_1;34;21.77%;2.74%;214.4MiB / 7.645GiB;83.3kB / 137kB;532kB / 12.3kB;280;41
Rpc;12;0.39%;0.14%;10.67MiB / 7.645GiB;982kB / 810kB;20.5kB / 57.3kB;280;41
Node_3;18;9.33%;0.26%;20.23MiB / 7.645GiB;2.7MB / 2.57MB;4.1kB / 14.1MB;280;41
Node_2;18;8.96%;0.26%;20MiB / 7.645GiB;2.71MB / 2.58MB;16.4kB / 14.1MB;280;41
Node_1;18;9.58%;0.29%;23.08MiB / 7.645GiB;2.3MB / 2.24MB;426kB / 14.1MB;280;41
Devnet_Goshimmer;18;211.74%;0.97%;75.73MiB / 7.645GiB;268kB / 539kB;578kB / 77.8kB;280;41
Nodes_Router_1;2;0.00%;0.01%;856KiB / 7.645GiB;1.88MB / 1.87MB;0B / 0B;280;41
Gateways_Router_1;2;0.00%;0.01%;1.086MiB / 7.645GiB;679kB / 657kB;283kB / 0B;280;41
Gateway_6;34;31.63%;2.41%;188.9MiB / 7.645GiB;78.6kB / 138kB;0B / 12.3kB;287;39
Gateway_4;34;26.07%;3.34%;261.4MiB / 7.645GiB;75.6kB / 131kB;0B / 12.3kB;287;39
Gateway_1;34;22.58%;2.74%;214.5MiB / 7.645GiB;85.9kB / 140kB;532kB / 12.3kB;287;39
Rpc;12;0.41%;0.14%;10.96MiB / 7.645GiB;1.01MB / 833kB;20.5kB / 57.3kB;287;39
Node_3;18;1.09%;0.27%;20.79MiB / 7.645GiB;2.78MB / 2.64MB;4.1kB / 14.9MB;287;39
Node_2;18;1.46%;0.26%;20.01MiB / 7.645GiB;2.79MB / 2.66MB;16.4kB / 14.9MB;287;39
Node_1;18;3.48%;0.28%;21.9MiB / 7.645GiB;2.36MB / 2.31MB;426kB / 15MB;287;39
Devnet_Goshimmer;18;214.25%;0.97%;76.28MiB / 7.645GiB;274kB / 550kB;578kB / 77.8kB;287;39
Nodes_Router_1;2;0.00%;0.01%;856KiB / 7.645GiB;1.93MB / 1.92MB;0B / 0B;287;39
Gateways_Router_1;2;0.00%;0.01%;1.086MiB / 7.645GiB;697kB / 675kB;283kB / 0B;287;39
Gateway_6;34;27.40%;2.41%;189MiB / 7.645GiB;81.2kB / 141kB;0B / 12.3kB;294;39
Gateway_4;34;24.44%;3.34%;261.4MiB / 7.645GiB;78.2kB / 134kB;0B / 12.3kB;294;39
Gateway_1;34;22.02%;2.74%;214.6MiB / 7.645GiB;88.4kB / 144kB;532kB / 12.3kB;294;39
Rpc;12;0.01%;0.14%;11.19MiB / 7.645GiB;1.03MB / 855kB;20.5kB / 57.3kB;294;39
Node_3;18;2.87%;0.26%;20.03MiB / 7.645GiB;2.86MB / 2.72MB;4.1kB / 15.7MB;294;39
Node_2;18;1.26%;0.26%;20.23MiB / 7.645GiB;2.87MB / 2.73MB;16.4kB / 15.7MB;294;39
Node_1;18;2.16%;0.28%;22.07MiB / 7.645GiB;2.42MB / 2.37MB;426kB / 15.8MB;294;39
Devnet_Goshimmer;18;214.37%;0.98%;76.42MiB / 7.645GiB;281kB / 563kB;578kB / 77.8kB;294;39
Nodes_Router_1;2;0.00%;0.01%;856KiB / 7.645GiB;1.98MB / 1.96MB;0B / 0B;294;39
Gateways_Router_1;2;0.00%;0.01%;1.086MiB / 7.645GiB;715kB / 693kB;283kB / 0B;294;39
Gateway_6;34;27.56%;2.41%;189MiB / 7.645GiB;83.8kB / 144kB;0B / 12.3kB;301;39
Gateway_4;34;25.89%;3.34%;261.5MiB / 7.645GiB;81.1kB / 139kB;0B / 12.3kB;301;39
Gateway_1;34;22.27%;2.74%;214.7MiB / 7.645GiB;91kB / 147kB;532kB / 12.3kB;301;39
Rpc;12;0.17%;0.14%;11.2MiB / 7.645GiB;1.06MB / 881kB;20.5kB / 57.3kB;301;39
Node_3;18;1.36%;0.27%;21.21MiB / 7.645GiB;2.94MB / 2.8MB;4.1kB / 16.6MB;301;39
Node_2;18;1.40%;0.26%;20.56MiB / 7.645GiB;2.95MB / 2.8MB;16.4kB / 16.6MB;301;39
Node_1;18;3.26%;0.28%;21.77MiB / 7.645GiB;2.49MB / 2.43MB;426kB / 16.7MB;301;39
Devnet_Goshimmer;18;215.21%;0.97%;76.23MiB / 7.645GiB;287kB / 575kB;578kB / 77.8kB;301;39
Nodes_Router_1;2;0.00%;0.01%;856KiB / 7.645GiB;2.03MB / 2.01MB;0B / 0B;301;39
Gateways_Router_1;2;0.00%;0.01%;1.086MiB / 7.645GiB;735kB / 712kB;283kB / 0B;301;39
Gateway_6;34;28.70%;2.42%;189.1MiB / 7.645GiB;86.3kB / 148kB;0B / 12.3kB;308;40
Gateway_4;34;25.89%;3.34%;261.5MiB / 7.645GiB;83.7kB / 142kB;0B / 12.3kB;308;40
Gateway_1;34;22.14%;2.74%;214.7MiB / 7.645GiB;93.6kB / 150kB;532kB / 12.3kB;308;40
Rpc;12;0.19%;0.14%;10.79MiB / 7.645GiB;1.08MB / 903kB;20.5kB / 57.3kB;308;40
Node_3;18;0.82%;0.26%;20.18MiB / 7.645GiB;3.02MB / 2.88MB;4.1kB / 16.6MB;308;40
Node_2;18;0.91%;0.27%;21.14MiB / 7.645GiB;3.03MB / 2.88MB;16.4kB / 16.7MB;308;40
Node_1;18;2.72%;0.28%;22.03MiB / 7.645GiB;2.55MB / 2.49MB;426kB / 16.7MB;308;40
Devnet_Goshimmer;18;215.54%;0.97%;75.77MiB / 7.645GiB;293kB / 588kB;578kB / 77.8kB;308;40
Nodes_Router_1;2;0.00%;0.01%;856KiB / 7.645GiB;2.08MB / 2.06MB;0B / 0B;308;40
Gateways_Router_1;2;0.00%;0.01%;1.086MiB / 7.645GiB;752kB / 730kB;283kB / 0B;308;40
Gateway_6;34;26.67%;2.42%;189.2MiB / 7.645GiB;88.9kB / 151kB;0B / 12.3kB;315;39
Gateway_4;34;22.88%;3.34%;261.5MiB / 7.645GiB;86.3kB / 146kB;0B / 12.3kB;315;39
Gateway_1;34;22.30%;2.74%;214.7MiB / 7.645GiB;96.2kB / 154kB;532kB / 12.3kB;315;39
Rpc;12;0.01%;0.14%;10.86MiB / 7.645GiB;1.1MB / 926kB;20.5kB / 57.3kB;315;39
Node_3;18;1.07%;0.26%;20.25MiB / 7.645GiB;3.1MB / 2.97MB;4.1kB / 17.5MB;315;39
Node_2;18;1.05%;0.26%;20.65MiB / 7.645GiB;3.12MB / 2.96MB;16.4kB / 17.5MB;315;39
Node_1;18;0.95%;0.29%;22.64MiB / 7.645GiB;2.61MB / 2.56MB;426kB / 17.6MB;315;39
Devnet_Goshimmer;18;214.18%;0.97%;76.14MiB / 7.645GiB;300kB / 602kB;578kB / 77.8kB;315;39
Nodes_Router_1;2;0.00%;0.01%;856KiB / 7.645GiB;2.13MB / 2.11MB;0B / 0B;315;39
Gateways_Router_1;2;0.00%;0.01%;1.086MiB / 7.645GiB;770kB / 748kB;283kB / 0B;315;39
Gateway_6;34;30.01%;2.42%;189.3MiB / 7.645GiB;91.5kB / 154kB;0B / 12.3kB;323;39
Gateway_4;34;22.30%;3.34%;261.6MiB / 7.645GiB;88.9kB / 149kB;0B / 12.3kB;323;39
Gateway_1;34;22.20%;2.74%;214.8MiB / 7.645GiB;98.7kB / 157kB;532kB / 12.3kB;323;39
Rpc;12;0.02%;0.14%;10.87MiB / 7.645GiB;1.13MB / 949kB;20.5kB / 57.3kB;323;39
Node_3;18;1.07%;0.26%;20.5MiB / 7.645GiB;3.18MB / 3.04MB;4.1kB / 18.4MB;323;39
Node_2;18;0.92%;0.26%;20.45MiB / 7.645GiB;3.2MB / 3.03MB;16.4kB / 18.5MB;323;39
Node_1;18;1.14%;0.29%;22.36MiB / 7.645GiB;2.68MB / 2.62MB;426kB / 18.5MB;323;39
Devnet_Goshimmer;18;215.71%;0.98%;76.57MiB / 7.645GiB;307kB / 615kB;578kB / 77.8kB;323;39
Nodes_Router_1;2;0.00%;0.01%;856KiB / 7.645GiB;2.17MB / 2.16MB;0B / 0B;323;39
Gateways_Router_1;2;0.00%;0.01%;1.086MiB / 7.645GiB;788kB / 766kB;283kB / 0B;323;39
Gateway_6;34;22.61%;2.42%;189.2MiB / 7.645GiB;94.1kB / 158kB;0B / 12.3kB;330;38
Gateway_4;34;23.14%;3.34%;261.6MiB / 7.645GiB;91.5kB / 152kB;0B / 12.3kB;330;38
Gateway_1;34;21.91%;2.74%;214.8MiB / 7.645GiB;101kB / 160kB;532kB / 12.3kB;330;38
Rpc;12;0.01%;0.14%;11.1MiB / 7.645GiB;1.15MB / 971kB;20.5kB / 57.3kB;330;38
Node_3;18;0.97%;0.26%;20.64MiB / 7.645GiB;3.26MB / 3.12MB;4.1kB / 19.4MB;330;38
Node_2;18;0.96%;0.28%;21.61MiB / 7.645GiB;3.28MB / 3.11MB;16.4kB / 19.4MB;330;38
Node_1;18;1.05%;0.29%;22.48MiB / 7.645GiB;2.74MB / 2.68MB;426kB / 19.5MB;330;38
Devnet_Goshimmer;18;216.11%;0.98%;76.57MiB / 7.645GiB;313kB / 628kB;578kB / 77.8kB;330;38
Nodes_Router_1;2;0.00%;0.01%;856KiB / 7.645GiB;2.22MB / 2.21MB;0B / 0B;330;38
Gateways_Router_1;2;0.00%;0.01%;1.086MiB / 7.645GiB;806kB / 784kB;283kB / 0B;330;38
Gateway_6;34;23.52%;2.42%;189.2MiB / 7.645GiB;96.7kB / 161kB;0B / 12.3kB;337;38
Gateway_4;34;23.99%;3.34%;261.6MiB / 7.645GiB;94.1kB / 156kB;0B / 12.3kB;337;38
Gateway_1;34;22.41%;2.74%;214.8MiB / 7.645GiB;104kB / 164kB;532kB / 12.3kB;337;38
Rpc;12;0.01%;0.14%;10.7MiB / 7.645GiB;1.17MB / 994kB;20.5kB / 57.3kB;337;38
Node_3;18;8.88%;0.27%;20.87MiB / 7.645GiB;3.35MB / 3.2MB;4.1kB / 19.4MB;337;38
Node_2;18;8.53%;0.27%;20.76MiB / 7.645GiB;3.37MB / 3.2MB;16.4kB / 19.5MB;337;38
Node_1;18;8.30%;0.29%;22.65MiB / 7.645GiB;2.81MB / 2.75MB;426kB / 19.5MB;337;38
Devnet_Goshimmer;18;215.64%;0.97%;75.71MiB / 7.645GiB;322kB / 645kB;578kB / 77.8kB;337;38
Nodes_Router_1;2;0.00%;0.01%;856KiB / 7.645GiB;2.27MB / 2.26MB;0B / 0B;337;38
Gateways_Router_1;2;0.00%;0.01%;1.086MiB / 7.645GiB;823kB / 801kB;283kB / 0B;337;38
Gateway_6;34;23.30%;2.42%;189.3MiB / 7.645GiB;99.3kB / 164kB;0B / 12.3kB;344;38
Gateway_4;34;24.67%;3.34%;261.6MiB / 7.645GiB;96.7kB / 159kB;0B / 12.3kB;344;38
Gateway_1;34;22.78%;2.74%;214.9MiB / 7.645GiB;109kB / 169kB;532kB / 12.3kB;344;38
Rpc;12;0.23%;0.14%;10.76MiB / 7.645GiB;1.2MB / 1.02MB;20.5kB / 57.3kB;344;38
Node_3;18;8.36%;0.27%;20.75MiB / 7.645GiB;3.43MB / 3.28MB;4.1kB / 20.4MB;344;38
Node_2;18;9.79%;0.28%;21.59MiB / 7.645GiB;3.45MB / 3.27MB;16.4kB / 20.4MB;344;38
Node_1;18;9.09%;0.29%;23.04MiB / 7.645GiB;2.87MB / 2.81MB;426kB / 20.5MB;344;38
Devnet_Goshimmer;18;216.64%;0.98%;76.9MiB / 7.645GiB;328kB / 656kB;578kB / 77.8kB;344;38
Nodes_Router_1;2;0.00%;0.01%;856KiB / 7.645GiB;2.33MB / 2.31MB;0B / 0B;344;38
Gateways_Router_1;2;0.00%;0.01%;1.086MiB / 7.645GiB;845kB / 823kB;283kB / 0B;344;38
Gateway_6;34;28.33%;2.42%;189.4MiB / 7.645GiB;102kB / 168kB;0B / 12.3kB;351;38
Gateway_4;34;23.98%;3.34%;261.7MiB / 7.645GiB;98.4kB / 162kB;0B / 12.3kB;351;38
Gateway_1;34;22.55%;2.75%;214.9MiB / 7.645GiB;110kB / 170kB;532kB / 12.3kB;351;38
Rpc;12;0.07%;0.14%;10.87MiB / 7.645GiB;1.23MB / 1.04MB;20.5kB / 57.3kB;351;38
Node_3;18;7.98%;0.26%;20.65MiB / 7.645GiB;3.51MB / 3.36MB;4.1kB / 22.5MB;351;38
Node_2;18;7.43%;0.26%;20.56MiB / 7.645GiB;3.53MB / 3.35MB;16.4kB / 22.6MB;351;38
Node_1;18;7.96%;0.29%;22.72MiB / 7.645GiB;2.93MB / 2.87MB;426kB / 22.6MB;351;38
Devnet_Goshimmer;18;214.42%;0.98%;76.98MiB / 7.645GiB;336kB / 672kB;578kB / 77.8kB;351;38
Nodes_Router_1;2;0.00%;0.01%;856KiB / 7.645GiB;2.37MB / 2.35MB;0B / 0B;351;38
Gateways_Router_1;2;0.00%;0.01%;1.086MiB / 7.645GiB;858kB / 836kB;283kB / 0B;351;38
Gateway_6;34;27.94%;2.42%;189.4MiB / 7.645GiB;102kB / 169kB;0B / 12.3kB;358;38
Gateway_4;34;25.95%;3.34%;261.8MiB / 7.645GiB;102kB / 172kB;0B / 12.3kB;358;38
Gateway_1;34;22.18%;2.75%;215MiB / 7.645GiB;113kB / 178kB;532kB / 12.3kB;358;38
Rpc;12;0.32%;0.14%;10.69MiB / 7.645GiB;1.27MB / 1.08MB;20.5kB / 57.3kB;358;38
Node_3;18;1.26%;0.27%;21.29MiB / 7.645GiB;3.54MB / 3.39MB;4.1kB / 22.5MB;358;38
Node_2;18;1.26%;0.27%;21.38MiB / 7.645GiB;3.57MB / 3.38MB;16.4kB / 22.6MB;358;38
Node_1;18;2.89%;0.29%;22.75MiB / 7.645GiB;2.97MB / 2.9MB;426kB / 22.6MB;358;38
Devnet_Goshimmer;18;215.88%;0.98%;77.01MiB / 7.645GiB;347kB / 693kB;578kB / 77.8kB;358;38
Nodes_Router_1;2;0.00%;0.01%;856KiB / 7.645GiB;2.42MB / 2.41MB;0B / 0B;358;38
Gateways_Router_1;2;0.00%;0.01%;1.086MiB / 7.645GiB;883kB / 861kB;283kB / 0B;358;38
Gateway_6;34;31.29%;2.42%;189.4MiB / 7.645GiB;104kB / 170kB;0B / 12.3kB;365;39
Gateway_4;34;29.33%;3.34%;261.8MiB / 7.645GiB;103kB / 173kB;0B / 12.3kB;365;39
Gateway_1;34;22.34%;2.75%;215MiB / 7.645GiB;115kB / 181kB;532kB / 12.3kB;365;39
Rpc;12;0.38%;0.14%;10.94MiB / 7.645GiB;1.29MB / 1.09MB;20.5kB / 57.3kB;365;39
Node_3;18;1.07%;0.28%;21.67MiB / 7.645GiB;3.59MB / 3.43MB;4.1kB / 23.9MB;365;39
Node_2;18;1.04%;0.27%;20.77MiB / 7.645GiB;3.61MB / 3.42MB;16.4kB / 23.9MB;365;39
Node_1;18;3.25%;0.29%;22.61MiB / 7.645GiB;3.01MB / 2.94MB;426kB / 24MB;365;39
Devnet_Goshimmer;18;216.84%;0.98%;76.85MiB / 7.645GiB;355kB / 708kB;578kB / 77.8kB;365;39
Nodes_Router_1;2;0.00%;0.01%;856KiB / 7.645GiB;2.46MB / 2.45MB;0B / 0B;365;39
Gateways_Router_1;2;0.00%;0.01%;1.086MiB / 7.645GiB;895kB / 873kB;283kB / 0B;365;39
Gateway_6;34;27.72%;2.42%;189.5MiB / 7.645GiB;105kB / 175kB;0B / 12.3kB;372;39
Gateway_4;34;22.67%;3.34%;261.8MiB / 7.645GiB;105kB / 178kB;0B / 12.3kB;372;39
Gateway_1;34;23.27%;2.75%;215.1MiB / 7.645GiB;115kB / 181kB;532kB / 12.3kB;372;39
Rpc;12;0.03%;0.14%;11.02MiB / 7.645GiB;1.31MB / 1.11MB;20.5kB / 57.3kB;372;39
Node_3;18;0.74%;0.27%;21.12MiB / 7.645GiB;3.62MB / 3.46MB;4.1kB / 23.9MB;372;39
Node_2;18;0.75%;0.26%;20.7MiB / 7.645GiB;3.64MB / 3.45MB;16.4kB / 23.9MB;372;39
Node_1;18;0.81%;0.29%;22.86MiB / 7.645GiB;3.04MB / 2.97MB;426kB / 24MB;372;39
Devnet_Goshimmer;18;217.19%;0.98%;77.03MiB / 7.645GiB;365kB / 726kB;578kB / 77.8kB;372;39
Nodes_Router_1;2;0.00%;0.01%;856KiB / 7.645GiB;2.49MB / 2.48MB;0B / 0B;372;39
Gateways_Router_1;2;0.00%;0.01%;1.086MiB / 7.645GiB;908kB / 886kB;283kB / 0B;372;39
Gateway_6;34;29.03%;2.42%;189.5MiB / 7.645GiB;106kB / 176kB;0B / 12.3kB;380;36
Gateway_4;34;23.88%;3.35%;261.9MiB / 7.645GiB;105kB / 179kB;0B / 12.3kB;380;36
Gateway_1;34;23.19%;2.75%;215.1MiB / 7.645GiB;115kB / 182kB;532kB / 12.3kB;380;36
Rpc;12;0.23%;0.14%;11.27MiB / 7.645GiB;1.32MB / 1.13MB;20.5kB / 57.3kB;380;36
Node_3;18;7.63%;0.27%;21.07MiB / 7.645GiB;3.64MB / 3.48MB;4.1kB / 23.9MB;380;36
Node_2;18;9.10%;0.26%;20.57MiB / 7.645GiB;3.67MB / 3.47MB;16.4kB / 23.9MB;380;36
Node_1;18;8.40%;0.30%;23.62MiB / 7.645GiB;3.06MB / 2.99MB;426kB / 24MB;380;36
Devnet_Goshimmer;18;210.98%;0.98%;76.78MiB / 7.645GiB;372kB / 736kB;578kB / 77.8kB;380;36
Nodes_Router_1;2;0.00%;0.01%;856KiB / 7.645GiB;2.52MB / 2.5MB;0B / 0B;380;36
Gateways_Router_1;2;0.00%;0.01%;1.086MiB / 7.645GiB;912kB / 890kB;283kB / 0B;380;36
Gateway_6;34;25.05%;2.42%;189.6MiB / 7.645GiB;109kB / 180kB;0B / 12.3kB;387;39
Gateway_4;34;23.88%;3.35%;261.9MiB / 7.645GiB;105kB / 179kB;0B / 12.3kB;387;39
Gateway_1;34;21.41%;2.75%;215.2MiB / 7.645GiB;116kB / 184kB;532kB / 12.3kB;387;39
Rpc;12;0.17%;0.14%;10.86MiB / 7.645GiB;1.34MB / 1.15MB;20.5kB / 57.3kB;387;39
Node_3;18;1.33%;0.28%;21.71MiB / 7.645GiB;3.71MB / 3.54MB;4.1kB / 24.9MB;387;39
Node_2;18;1.47%;0.27%;20.89MiB / 7.645GiB;3.73MB / 3.53MB;16.4kB / 24.9MB;387;39
Node_1;18;1.51%;0.30%;23.64MiB / 7.645GiB;3.12MB / 3.04MB;426kB / 25MB;387;39
Devnet_Goshimmer;18;214.39%;0.99%;77.45MiB / 7.645GiB;377kB / 746kB;578kB / 77.8kB;387;39
Nodes_Router_1;2;0.00%;0.01%;856KiB / 7.645GiB;2.56MB / 2.55MB;0B / 0B;387;39
Gateways_Router_1;2;0.00%;0.01%;1.086MiB / 7.645GiB;920kB / 898kB;283kB / 0B;387;39
Gateway_6;34;25.13%;2.42%;189.6MiB / 7.645GiB;112kB / 183kB;0B / 12.3kB;394;39
Gateway_4;34;23.10%;3.35%;261.9MiB / 7.645GiB;106kB / 180kB;0B / 12.3kB;394;39
Gateway_1;34;22.34%;2.75%;215.2MiB / 7.645GiB;117kB / 185kB;532kB / 12.3kB;394;39
Rpc;12;0.18%;0.14%;11.09MiB / 7.645GiB;1.36MB / 1.16MB;20.5kB / 57.3kB;394;39
Node_3;18;4.70%;0.27%;21.14MiB / 7.645GiB;3.8MB / 3.63MB;4.1kB / 26.5MB;394;39
Node_2;18;4.72%;0.26%;20.72MiB / 7.645GiB;3.83MB / 3.62MB;16.4kB / 26.5MB;394;39
Node_1;18;4.80%;0.30%;23.45MiB / 7.645GiB;3.19MB / 3.12MB;426kB / 26.6MB;394;39
Devnet_Goshimmer;18;214.11%;0.99%;77.19MiB / 7.645GiB;383kB / 757kB;578kB / 77.8kB;394;39
Nodes_Router_1;2;0.00%;0.01%;856KiB / 7.645GiB;2.6MB / 2.59MB;0B / 0B;394;39
Gateways_Router_1;2;0.00%;0.01%;1.086MiB / 7.645GiB;932kB / 909kB;283kB / 0B;394;39
Gateway_6;34;23.58%;2.42%;189.6MiB / 7.645GiB;114kB / 186kB;0B / 12.3kB;401;39
Gateway_4;34;24.54%;3.35%;262MiB / 7.645GiB;109kB / 184kB;0B / 12.3kB;401;39
Gateway_1;34;25.35%;2.75%;215.3MiB / 7.645GiB;120kB / 189kB;532kB / 12.3kB;401;39
Rpc;12;0.24%;0.14%;11.26MiB / 7.645GiB;1.39MB / 1.19MB;20.5kB / 57.3kB;401;39
Node_3;18;10.04%;0.30%;23.74MiB / 7.645GiB;3.88MB / 3.71MB;4.1kB / 27.5MB;401;39
Node_2;18;9.11%;0.29%;22.54MiB / 7.645GiB;3.91MB / 3.7MB;16.4kB / 27.5MB;401;39
Node_1;18;10.26%;0.32%;25.43MiB / 7.645GiB;3.25MB / 3.18MB;426kB / 27.6MB;401;39
Devnet_Goshimmer;18;213.44%;0.99%;77.68MiB / 7.645GiB;390kB / 771kB;578kB / 77.8kB;401;39
Nodes_Router_1;2;0.00%;0.01%;856KiB / 7.645GiB;2.66MB / 2.64MB;0B / 0B;401;39
Gateways_Router_1;2;0.00%;0.01%;1.086MiB / 7.645GiB;951kB / 928kB;283kB / 0B;401;39
Gateway_6;34;23.36%;2.42%;189.7MiB / 7.645GiB;117kB / 190kB;0B / 12.3kB;408;38
Gateway_4;34;26.66%;3.35%;262.1MiB / 7.645GiB;112kB / 187kB;0B / 12.3kB;408;38
Gateway_1;34;22.39%;2.75%;215.3MiB / 7.645GiB;123kB / 192kB;532kB / 12.3kB;408;38
Rpc;12;0.24%;0.14%;10.58MiB / 7.645GiB;1.41MB / 1.21MB;20.5kB / 57.3kB;408;38
Node_3;18;9.44%;0.27%;21.18MiB / 7.645GiB;3.96MB / 3.79MB;4.1kB / 27.6MB;408;38
Node_2;18;8.89%;0.28%;21.8MiB / 7.645GiB;4MB / 3.78MB;16.4kB / 27.6MB;408;38
Node_1;18;7.88%;0.31%;24.36MiB / 7.645GiB;3.31MB / 3.24MB;426kB / 27.7MB;408;38
Devnet_Goshimmer;18;215.14%;0.99%;77.85MiB / 7.645GiB;397kB / 784kB;578kB / 77.8kB;408;38
Nodes_Router_1;2;0.00%;0.01%;856KiB / 7.645GiB;2.7MB / 2.69MB;0B / 0B;408;38
Gateways_Router_1;2;0.00%;0.01%;1.086MiB / 7.645GiB;969kB / 946kB;283kB / 0B;408;38
Gateway_6;34;31.25%;2.42%;189.8MiB / 7.645GiB;121kB / 195kB;0B / 12.3kB;415;38
Gateway_4;34;23.45%;3.35%;262.1MiB / 7.645GiB;113kB / 188kB;0B / 12.3kB;415;38
Gateway_1;34;22.44%;2.75%;215.3MiB / 7.645GiB;125kB / 195kB;532kB / 12.3kB;415;38
Rpc;12;0.24%;0.14%;10.66MiB / 7.645GiB;1.44MB / 1.23MB;20.5kB / 57.3kB;415;38
Node_3;18;2.15%;0.27%;21.27MiB / 7.645GiB;4.04MB / 3.86MB;4.1kB / 28.8MB;415;38
Node_2;18;2.24%;0.27%;21.46MiB / 7.645GiB;4.07MB / 3.85MB;16.4kB / 28.9MB;415;38
Node_1;18;4.20%;0.30%;23.36MiB / 7.645GiB;3.37MB / 3.3MB;426kB / 29MB;415;38
Devnet_Goshimmer;18;213.14%;0.99%;77.57MiB / 7.645GiB;407kB / 802kB;578kB / 77.8kB;415;38
Nodes_Router_1;2;0.00%;0.01%;856KiB / 7.645GiB;2.75MB / 2.74MB;0B / 0B;415;38
Gateways_Router_1;2;0.00%;0.01%;1.086MiB / 7.645GiB;986kB / 963kB;283kB / 0B;415;38
Gateway_6;34;27.97%;2.43%;189.9MiB / 7.645GiB;123kB / 201kB;0B / 12.3kB;422;39
Gateway_4;34;22.67%;3.35%;262.1MiB / 7.645GiB;115kB / 195kB;0B / 12.3kB;422;39
Gateway_1;34;27.75%;2.75%;215.4MiB / 7.645GiB;126kB / 196kB;532kB / 12.3kB;422;39
Rpc;12;0.22%;0.14%;11.11MiB / 7.645GiB;1.47MB / 1.26MB;20.5kB / 57.3kB;422;39
Node_3;18;0.86%;0.28%;21.72MiB / 7.645GiB;4.07MB / 3.89MB;4.1kB / 28.8MB;422;39
Node_2;18;0.80%;0.28%;21.61MiB / 7.645GiB;4.1MB / 3.88MB;16.4kB / 28.9MB;422;39
Node_1;18;0.93%;0.31%;24.38MiB / 7.645GiB;3.4MB / 3.33MB;426kB / 29MB;422;39
Devnet_Goshimmer;18;214.22%;0.99%;77.83MiB / 7.645GiB;420kB / 825kB;578kB / 77.8kB;422;39
Nodes_Router_1;2;0.00%;0.01%;856KiB / 7.645GiB;2.8MB / 2.78MB;0B / 0B;422;39
Gateways_Router_1;2;0.00%;0.01%;1.086MiB / 7.645GiB;1MB / 981kB;283kB / 0B;422;39
Gateway_6;34;29.06%;2.43%;190MiB / 7.645GiB;123kB / 201kB;0B / 12.3kB;429;37
Gateway_4;34;30.57%;3.35%;262.1MiB / 7.645GiB;115kB / 195kB;0B / 12.3kB;429;37
Gateway_1;34;22.72%;2.75%;215.4MiB / 7.645GiB;126kB / 196kB;532kB / 12.3kB;429;37
Rpc;12;1.06%;0.14%;10.72MiB / 7.645GiB;1.48MB / 1.27MB;20.5kB / 57.3kB;429;37
Node_3;18;9.83%;0.27%;21.29MiB / 7.645GiB;4.1MB / 3.91MB;4.1kB / 29.9MB;429;37
Node_2;18;10.64%;0.27%;20.87MiB / 7.645GiB;4.13MB / 3.9MB;16.4kB / 29.9MB;429;37
Node_1;18;9.84%;0.31%;23.96MiB / 7.645GiB;3.43MB / 3.35MB;426kB / 30MB;429;37
Devnet_Goshimmer;18;214.08%;1.00%;77.94MiB / 7.645GiB;424kB / 831kB;578kB / 77.8kB;429;37
Nodes_Router_1;2;0.00%;0.01%;856KiB / 7.645GiB;2.82MB / 2.8MB;0B / 0B;429;37
Gateways_Router_1;2;0.00%;0.01%;1.086MiB / 7.645GiB;1MB / 981kB;283kB / 0B;429;37
Gateway_6;34;33.36%;2.43%;190MiB / 7.645GiB;126kB / 205kB;0B / 12.3kB;437;39
Gateway_4;34;25.13%;3.35%;262.2MiB / 7.645GiB;116kB / 196kB;0B / 12.3kB;437;39
Gateway_1;34;21.49%;2.75%;215.4MiB / 7.645GiB;127kB / 198kB;532kB / 12.3kB;437;39
Rpc;12;0.17%;0.14%;10.95MiB / 7.645GiB;1.5MB / 1.29MB;20.5kB / 57.3kB;437;39
Node_3;18;1.48%;0.29%;22.69MiB / 7.645GiB;4.16MB / 3.97MB;4.1kB / 30.5MB;437;39
Node_2;18;1.37%;0.28%;22.12MiB / 7.645GiB;4.19MB / 3.96MB;16.4kB / 30.5MB;437;39
Node_1;18;2.04%;0.32%;25.18MiB / 7.645GiB;3.48MB / 3.41MB;426kB / 30.6MB;437;39
Devnet_Goshimmer;18;215.17%;0.99%;77.85MiB / 7.645GiB;429kB / 844kB;578kB / 77.8kB;437;39
Nodes_Router_1;2;0.00%;0.01%;856KiB / 7.645GiB;2.87MB / 2.85MB;0B / 0B;437;39
Gateways_Router_1;2;0.00%;0.01%;1.086MiB / 7.645GiB;1.02MB / 994kB;283kB / 0B;437;39
Gateway_6;34;26.01%;2.43%;190MiB / 7.645GiB;129kB / 209kB;0B / 12.3kB;444;38
Gateway_4;34;26.87%;3.35%;262.2MiB / 7.645GiB;120kB / 201kB;0B / 12.3kB;444;38
Gateway_1;34;22.22%;2.75%;215.5MiB / 7.645GiB;127kB / 199kB;532kB / 12.3kB;444;38
Rpc;12;1.39%;0.14%;10.66MiB / 7.645GiB;1.52MB / 1.31MB;20.5kB / 57.3kB;444;38
Node_3;18;1.39%;0.27%;21.43MiB / 7.645GiB;4.22MB / 4.03MB;4.1kB / 31.6MB;444;38
Node_2;18;1.33%;0.29%;22.35MiB / 7.645GiB;4.25MB / 4.01MB;16.4kB / 31.7MB;444;38
Node_1;18;2.82%;0.30%;23.68MiB / 7.645GiB;3.53MB / 3.46MB;426kB / 31.8MB;444;38
Devnet_Goshimmer;18;214.25%;1.00%;78.07MiB / 7.645GiB;434kB / 854kB;578kB / 77.8kB;444;38
Nodes_Router_1;2;0.00%;0.01%;856KiB / 7.645GiB;2.91MB / 2.9MB;0B / 0B;444;38
Gateways_Router_1;2;0.00%;0.01%;1.086MiB / 7.645GiB;1.03MB / 1.01MB;283kB / 0B;444;38
Gateway_6;34;25.20%;2.43%;190.1MiB / 7.645GiB;132kB / 212kB;0B / 12.3kB;451;38
Gateway_4;34;28.01%;3.35%;262.3MiB / 7.645GiB;122kB / 204kB;0B / 12.3kB;451;38
Gateway_1;34;26.01%;2.75%;215.5MiB / 7.645GiB;130kB / 203kB;532kB / 12.3kB;451;38
Rpc;12;0.33%;0.14%;10.77MiB / 7.645GiB;1.54MB / 1.34MB;20.5kB / 57.3kB;451;38
Node_3;18;10.08%;0.27%;21.34MiB / 7.645GiB;4.29MB / 4.09MB;4.1kB / 31.7MB;451;38
Node_2;18;8.76%;0.27%;21.33MiB / 7.645GiB;4.32MB / 4.08MB;16.4kB / 31.7MB;451;38
Node_1;18;10.24%;0.31%;24.05MiB / 7.645GiB;3.59MB / 3.52MB;426kB / 31.8MB;451;38
Devnet_Goshimmer;18;214.56%;0.99%;77.51MiB / 7.645GiB;441kB / 867kB;578kB / 77.8kB;451;38
Nodes_Router_1;2;0.00%;0.01%;856KiB / 7.645GiB;2.96MB / 2.94MB;0B / 0B;451;38
Gateways_Router_1;2;0.00%;0.01%;1.086MiB / 7.645GiB;1.05MB / 1.03MB;283kB / 0B;451;38
Gateway_6;34;23.36%;2.43%;190.1MiB / 7.645GiB;134kB / 215kB;0B / 12.3kB;458;39
Gateway_4;34;25.80%;3.35%;262.3MiB / 7.645GiB;123kB / 205kB;0B / 12.3kB;458;39
Gateway_1;34;22.06%;2.75%;215.6MiB / 7.645GiB;133kB / 206kB;532kB / 12.3kB;458;39
Rpc;12;0.11%;0.14%;11.05MiB / 7.645GiB;1.56MB / 1.35MB;20.5kB / 57.3kB;458;39
Node_3;18;7.30%;0.28%;21.81MiB / 7.645GiB;4.36MB / 4.16MB;4.1kB / 33.4MB;458;39
Node_2;18;7.57%;0.27%;21.12MiB / 7.645GiB;4.39MB / 4.15MB;16.4kB / 33.4MB;458;39
Node_1;18;8.68%;0.30%;23.61MiB / 7.645GiB;3.65MB / 3.57MB;426kB / 33.5MB;458;39
Devnet_Goshimmer;18;213.06%;0.99%;77.67MiB / 7.645GiB;449kB / 881kB;578kB / 77.8kB;458;39
Nodes_Router_1;2;0.00%;0.01%;856KiB / 7.645GiB;3MB / 2.99MB;0B / 0B;458;39
Gateways_Router_1;2;0.00%;0.01%;1.086MiB / 7.645GiB;1.06MB / 1.04MB;283kB / 0B;458;39
Gateway_6;34;30.84%;2.43%;190.2MiB / 7.645GiB;134kB / 215kB;0B / 12.3kB;465;38
Gateway_4;34;28.40%;3.35%;262.4MiB / 7.645GiB;127kB / 213kB;0B / 12.3kB;465;38
Gateway_1;34;25.79%;2.76%;215.7MiB / 7.645GiB;137kB / 215kB;532kB / 12.3kB;465;38
Rpc;13;1.36%;0.14%;10.83MiB / 7.645GiB;1.61MB / 1.39MB;20.5kB / 57.3kB;465;38
Node_3;18;8.69%;0.27%;21.47MiB / 7.645GiB;4.38MB / 4.19MB;4.1kB / 33.4MB;465;38
Node_2;18;8.51%;0.28%;21.73MiB / 7.645GiB;4.42MB / 4.17MB;16.4kB / 33.4MB;465;38
Node_1;18;9.96%;0.30%;23.84MiB / 7.645GiB;3.68MB / 3.6MB;426kB / 33.5MB;465;38
Devnet_Goshimmer;18;213.27%;1.00%;78.23MiB / 7.645GiB;460kB / 903kB;578kB / 77.8kB;465;38
Nodes_Router_1;2;0.00%;0.01%;856KiB / 7.645GiB;3.05MB / 3.04MB;0B / 0B;465;38
Gateways_Router_1;2;0.00%;0.01%;1.086MiB / 7.645GiB;1.09MB / 1.07MB;283kB / 0B;465;38
Gateway_6;34;29.57%;2.43%;190.5MiB / 7.645GiB;135kB / 216kB;0B / 12.3kB;472;38
Gateway_4;34;24.26%;3.35%;262.4MiB / 7.645GiB;129kB / 217kB;0B / 12.3kB;472;38
Gateway_1;34;22.64%;2.76%;215.7MiB / 7.645GiB;139kB / 217kB;532kB / 12.3kB;472;38
Rpc;13;0.44%;0.14%;10.99MiB / 7.645GiB;1.63MB / 1.41MB;20.5kB / 57.3kB;472;38
Node_3;18;5.71%;0.28%;21.87MiB / 7.645GiB;4.47MB / 4.25MB;4.1kB / 34.6MB;472;38
Node_2;18;5.77%;0.28%;21.53MiB / 7.645GiB;4.49MB / 4.25MB;16.4kB / 34.6MB;472;38
Node_1;18;5.65%;0.34%;26.23MiB / 7.645GiB;3.74MB / 3.66MB;426kB / 34.8MB;472;38
Devnet_Goshimmer;18;215.61%;1.00%;78.46MiB / 7.645GiB;465kB / 913kB;578kB / 77.8kB;472;38
Nodes_Router_1;2;0.00%;0.01%;856KiB / 7.645GiB;3.09MB / 3.07MB;0B / 0B;472;38
Gateways_Router_1;2;0.00%;0.01%;1.086MiB / 7.645GiB;1.1MB / 1.08MB;283kB / 0B;472;38
Gateway_6;34;28.19%;2.43%;190.6MiB / 7.645GiB;136kB / 218kB;0B / 12.3kB;479;37
Gateway_4;34;27.85%;3.35%;262.4MiB / 7.645GiB;130kB / 219kB;0B / 12.3kB;479;37
Gateway_1;34;26.53%;2.76%;215.8MiB / 7.645GiB;142kB / 221kB;532kB / 12.3kB;479;37
Rpc;13;0.06%;0.14%;11.19MiB / 7.645GiB;1.64MB / 1.42MB;20.5kB / 57.3kB;479;37
Node_3;18;9.26%;0.28%;22.01MiB / 7.645GiB;4.53MB / 4.31MB;4.1kB / 34.9MB;479;37
Node_2;18;8.79%;0.28%;21.82MiB / 7.645GiB;4.55MB / 4.3MB;16.4kB / 34.9MB;479;37
Node_1;18;9.60%;0.30%;23.84MiB / 7.645GiB;3.79MB / 3.71MB;426kB / 35MB;479;37
Devnet_Goshimmer;18;217.37%;1.00%;78.42MiB / 7.645GiB;471kB / 927kB;578kB / 77.8kB;479;37
Nodes_Router_1;2;0.00%;0.01%;856KiB / 7.645GiB;3.13MB / 3.12MB;0B / 0B;479;37
Gateways_Router_1;2;0.00%;0.01%;1.086MiB / 7.645GiB;1.11MB / 1.09MB;283kB / 0B;479;37
Gateway_6;34;31.76%;2.44%;190.7MiB / 7.645GiB;140kB / 226kB;0B / 12.3kB;486;37
Gateway_4;34;22.17%;3.35%;262.5MiB / 7.645GiB;130kB / 220kB;0B / 12.3kB;486;37
Gateway_1;34;20.90%;2.76%;215.8MiB / 7.645GiB;142kB / 222kB;532kB / 12.3kB;486;37
Rpc;13;1.21%;0.14%;10.74MiB / 7.645GiB;1.68MB / 1.45MB;20.5kB / 57.3kB;486;37
Node_3;18;0.79%;0.28%;21.82MiB / 7.645GiB;4.54MB / 4.32MB;4.1kB / 36MB;486;37
Node_2;18;0.69%;0.28%;21.57MiB / 7.645GiB;4.56MB / 4.31MB;16.4kB / 36MB;486;37
Node_1;18;1.61%;0.31%;24.2MiB / 7.645GiB;3.8MB / 3.72MB;426kB / 36.2MB;486;37
Devnet_Goshimmer;18;215.63%;1.01%;79.27MiB / 7.645GiB;482kB / 947kB;578kB / 77.8kB;486;37
Nodes_Router_1;2;0.00%;0.01%;856KiB / 7.645GiB;3.17MB / 3.15MB;0B / 0B;486;37
Gateways_Router_1;2;0.00%;0.01%;1.086MiB / 7.645GiB;1.13MB / 1.11MB;283kB / 0B;486;37
Gateway_6;34;26.73%;2.44%;190.7MiB / 7.645GiB;143kB / 235kB;0B / 12.3kB;494;38
Gateway_4;34;26.48%;3.35%;262.6MiB / 7.645GiB;133kB / 226kB;0B / 12.3kB;494;38
Gateway_1;34;26.20%;2.76%;215.9MiB / 7.645GiB;145kB / 228kB;532kB / 12.3kB;494;38
Rpc;13;0.55%;0.14%;10.99MiB / 7.645GiB;1.74MB / 1.49MB;20.5kB / 57.3kB;494;38
Node_3;18;0.79%;0.28%;21.93MiB / 7.645GiB;4.54MB / 4.32MB;4.1kB / 36MB;494;38
Node_2;18;0.72%;0.28%;21.6MiB / 7.645GiB;4.56MB / 4.31MB;16.4kB / 36MB;494;38
Node_1;18;1.40%;0.31%;24.66MiB / 7.645GiB;3.83MB / 3.74MB;426kB / 36.2MB;494;38
Devnet_Goshimmer;18;216.19%;1.02%;79.57MiB / 7.645GiB;498kB / 978kB;578kB / 77.8kB;494;38
Nodes_Router_1;2;0.00%;0.01%;856KiB / 7.645GiB;3.22MB / 3.2MB;0B / 0B;494;38
Gateways_Router_1;2;0.00%;0.01%;1.086MiB / 7.645GiB;1.16MB / 1.14MB;283kB / 0B;494;38
Gateway_6;34;25.10%;2.44%;190.9MiB / 7.645GiB;147kB / 245kB;0B / 12.3kB;501;37
Gateway_4;34;27.55%;3.35%;262.6MiB / 7.645GiB;137kB / 235kB;0B / 12.3kB;501;37
Gateway_1;34;25.03%;2.76%;215.9MiB / 7.645GiB;149kB / 236kB;532kB / 12.3kB;501;37
Rpc;13;1.47%;0.14%;10.93MiB / 7.645GiB;1.81MB / 1.55MB;20.5kB / 57.3kB;501;37
Node_3;18;0.81%;0.28%;22.02MiB / 7.645GiB;4.54MB / 4.32MB;4.1kB / 36MB;501;37
Node_2;18;0.79%;0.28%;21.92MiB / 7.645GiB;4.56MB / 4.31MB;16.4kB / 36MB;501;37
Node_1;18;1.85%;0.32%;25MiB / 7.645GiB;3.86MB / 3.76MB;426kB / 36.2MB;501;37
Devnet_Goshimmer;18;212.11%;1.02%;79.46MiB / 7.645GiB;518kB / 1.02MB;578kB / 77.8kB;501;37
Nodes_Router_1;2;0.00%;0.01%;856KiB / 7.645GiB;3.28MB / 3.26MB;0B / 0B;501;37
Gateways_Router_1;2;0.00%;0.01%;1.086MiB / 7.645GiB;1.2MB / 1.18MB;283kB / 0B;501;37
Gateway_6;34;30.60%;2.44%;190.9MiB / 7.645GiB;152kB / 254kB;0B / 12.3kB;508;38
Gateway_4;34;26.28%;3.36%;262.7MiB / 7.645GiB;141kB / 244kB;0B / 12.3kB;508;38
Gateway_1;34;21.86%;2.76%;216MiB / 7.645GiB;152kB / 245kB;532kB / 12.3kB;508;38
Rpc;13;0.36%;0.14%;11.15MiB / 7.645GiB;1.89MB / 1.61MB;20.5kB / 57.3kB;508;38
Node_3;18;1.82%;0.28%;21.8MiB / 7.645GiB;4.54MB / 4.32MB;4.1kB / 36MB;508;38
Node_2;18;0.79%;0.27%;21.18MiB / 7.645GiB;4.56MB / 4.31MB;16.4kB / 36MB;508;38
Node_1;18;1.24%;0.31%;24.39MiB / 7.645GiB;3.89MB / 3.78MB;426kB / 36.2MB;508;38
Devnet_Goshimmer;18;216.24%;1.03%;80.3MiB / 7.645GiB;537kB / 1.05MB;578kB / 77.8kB;508;38
Nodes_Router_1;2;0.00%;0.01%;856KiB / 7.645GiB;3.34MB / 3.32MB;0B / 0B;508;38
Gateways_Router_1;2;0.00%;0.01%;1.086MiB / 7.645GiB;1.24MB / 1.21MB;283kB / 0B;508;38
Gateway_6;34;38.11%;2.44%;190.9MiB / 7.645GiB;156kB / 263kB;0B / 12.3kB;515;39
Gateway_4;34;27.54%;3.36%;263.1MiB / 7.645GiB;145kB / 254kB;0B / 12.3kB;515;39
Gateway_1;34;24.95%;2.76%;216.1MiB / 7.645GiB;156kB / 254kB;532kB / 12.3kB;515;39
Rpc;13;0.55%;0.14%;10.96MiB / 7.645GiB;1.97MB / 1.67MB;20.5kB / 57.3kB;515;39
Node_3;18;0.77%;0.28%;21.71MiB / 7.645GiB;4.55MB / 4.32MB;4.1kB / 36MB;515;39
Node_2;18;0.82%;0.27%;21.29MiB / 7.645GiB;4.57MB / 4.31MB;16.4kB / 36MB;515;39
Node_1;18;1.39%;0.31%;24.55MiB / 7.645GiB;3.93MB / 3.81MB;426kB / 36.2MB;515;39
Devnet_Goshimmer;18;218.19%;1.02%;80.11MiB / 7.645GiB;557kB / 1.09MB;578kB / 77.8kB;515;39
Nodes_Router_1;2;0.00%;0.01%;856KiB / 7.645GiB;3.4MB / 3.39MB;0B / 0B;515;39
Gateways_Router_1;2;0.00%;0.01%;1.086MiB / 7.645GiB;1.28MB / 1.25MB;283kB / 0B;515;39
Gateway_6;34;30.30%;2.44%;191.1MiB / 7.645GiB;159kB / 271kB;0B / 12.3kB;522;38
Gateway_4;34;35.22%;3.36%;263MiB / 7.645GiB;149kB / 261kB;0B / 12.3kB;522;38
Gateway_1;34;26.14%;2.76%;216.2MiB / 7.645GiB;160kB / 264kB;532kB / 12.3kB;522;38
Rpc;13;0.37%;0.14%;11.13MiB / 7.645GiB;2.04MB / 1.72MB;20.5kB / 57.3kB;522;38
Node_3;18;0.78%;0.28%;21.78MiB / 7.645GiB;4.55MB / 4.32MB;4.1kB / 36MB;522;38
Node_2;18;0.81%;0.27%;21.33MiB / 7.645GiB;4.57MB / 4.31MB;16.4kB / 36MB;522;38
Node_1;18;1.23%;0.31%;24.58MiB / 7.645GiB;3.96MB / 3.83MB;426kB / 36.2MB;522;38
Devnet_Goshimmer;18;215.55%;1.02%;80.24MiB / 7.645GiB;575kB / 1.13MB;578kB / 77.8kB;522;38
Nodes_Router_1;2;0.00%;0.01%;856KiB / 7.645GiB;3.46MB / 3.44MB;0B / 0B;522;38
Gateways_Router_1;2;0.00%;0.01%;1.086MiB / 7.645GiB;1.31MB / 1.29MB;283kB / 0B;522;38
Gateway_6;34;31.21%;2.44%;191.3MiB / 7.645GiB;163kB / 280kB;0B / 12.3kB;529;38
Gateway_4;34;23.94%;3.36%;263.1MiB / 7.645GiB;153kB / 271kB;0B / 12.3kB;529;38
Gateway_1;34;27.63%;2.76%;216.4MiB / 7.645GiB;164kB / 273kB;532kB / 12.3kB;529;38
Rpc;13;0.50%;0.14%;11MiB / 7.645GiB;2.12MB / 1.78MB;20.5kB / 57.3kB;529;38
Node_3;18;0.85%;0.28%;21.79MiB / 7.645GiB;4.55MB / 4.32MB;4.1kB / 36MB;529;38
Node_2;18;0.80%;0.27%;21.5MiB / 7.645GiB;4.57MB / 4.31MB;16.4kB / 36MB;529;38
Node_1;18;1.31%;0.31%;24.59MiB / 7.645GiB;3.99MB / 3.85MB;426kB / 36.2MB;529;38
Devnet_Goshimmer;18;215.80%;1.02%;79.66MiB / 7.645GiB;595kB / 1.17MB;578kB / 77.8kB;529;38
Nodes_Router_1;2;0.00%;0.01%;856KiB / 7.645GiB;3.52MB / 3.5MB;0B / 0B;529;38
Gateways_Router_1;2;0.00%;0.01%;1.086MiB / 7.645GiB;1.35MB / 1.33MB;283kB / 0B;529;38
Gateway_1;34;24.87%;2.77%;216.5MiB / 7.645GiB;169kB / 284kB;532kB / 12.3kB;536;38
Rpc;13;0.22%;0.14%;11.04MiB / 7.645GiB;2.2MB / 1.83MB;20.5kB / 57.3kB;536;38
Node_3;18;0.80%;0.28%;21.8MiB / 7.645GiB;4.56MB / 4.33MB;4.1kB / 36MB;536;38
Node_2;18;0.79%;0.27%;21.33MiB / 7.645GiB;4.58MB / 4.32MB;16.4kB / 36MB;536;38
Node_1;18;1.75%;0.31%;24.35MiB / 7.645GiB;4.02MB / 3.87MB;426kB / 36.2MB;536;38
Devnet_Goshimmer;18;215.50%;1.02%;80.07MiB / 7.645GiB;617kB / 1.21MB;578kB / 77.8kB;536;38
Nodes_Router_1;2;0.00%;0.01%;856KiB / 7.645GiB;3.58MB / 3.56MB;0B / 0B;536;38
Gateways_Router_1;2;0.00%;0.01%;1.086MiB / 7.645GiB;1.4MB / 1.37MB;283kB / 0B;536;38
Gateway_1;34;24.34%;2.77%;216.6MiB / 7.645GiB;176kB / 293kB;532kB / 12.3kB;545;31
Rpc;13;1.31%;0.14%;10.91MiB / 7.645GiB;2.24MB / 1.87MB;20.5kB / 57.3kB;545;31
Node_3;18;0.73%;0.28%;21.98MiB / 7.645GiB;4.56MB / 4.33MB;4.1kB / 36MB;545;31
Node_2;18;0.75%;0.27%;21.42MiB / 7.645GiB;4.58MB / 4.32MB;16.4kB / 36MB;545;31
Node_1;18;0.87%;0.31%;24.4MiB / 7.645GiB;4.04MB / 3.88MB;426kB / 36.2MB;545;31
Devnet_Goshimmer;18;218.53%;1.03%;80.49MiB / 7.645GiB;626kB / 1.23MB;578kB / 77.8kB;545;31
Nodes_Router_1;2;0.00%;0.01%;856KiB / 7.645GiB;3.62MB / 3.6MB;0B / 0B;545;31
Gateways_Router_1;2;0.00%;0.01%;1.086MiB / 7.645GiB;1.41MB / 1.39MB;283kB / 0B;545;31
Rpc;13;0.01%;0.14%;10.78MiB / 7.645GiB;2.24MB / 1.87MB;20.5kB / 57.3kB;554;27
Node_3;18;0.75%;0.28%;22.21MiB / 7.645GiB;4.56MB / 4.33MB;4.1kB / 36MB;554;27
Node_2;18;0.80%;0.27%;21.52MiB / 7.645GiB;4.59MB / 4.32MB;16.4kB / 36MB;554;27
Node_1;18;0.66%;0.31%;24.4MiB / 7.645GiB;4.04MB / 3.88MB;426kB / 36.2MB;554;27
Devnet_Goshimmer;18;217.91%;1.02%;79.73MiB / 7.645GiB;630kB / 1.24MB;578kB / 77.8kB;554;27
Nodes_Router_1;2;0.00%;0.01%;856KiB / 7.645GiB;3.63MB / 3.62MB;0B / 0B;554;27
Gateways_Router_1;2;0.00%;0.01%;1.086MiB / 7.645GiB;1.41MB / 1.39MB;283kB / 0B;554;27
